time="2025-11-15 12:37:06" method="GET" path="/Godfather.mpd" status=200 tag="mpd" file_size=6331 bytes_sent=6331 dur_ms=0 complete=true error=null
time="2025-11-15 12:37:06" method="GET" path="/Godfather.mpd" status=200 tag="mpd" file_size=6331 bytes_sent=6331 dur_ms=0 complete=true error=null
time="2025-11-15 12:37:06" method="GET" path="/gf_10_.mp4" status=200 tag="video" file_size=836 bytes_sent=836 dur_ms=7 complete=true error=null
time="2025-11-15 12:37:06" method="GET" path="/gf_4_.mp4" status=200 tag="video" file_size=999 bytes_sent=999 dur_ms=7 complete=true error=null
time="2025-11-15 12:37:06" method="GET" path="/gf_10_1.m4s" status=200 tag="video" file_size=169124 bytes_sent=169124 dur_ms=129 complete=true error=null
time="2025-11-15 12:37:06" method="GET" path="/gf_4_1.m4s" status=200 tag="video" file_size=389602 bytes_sent=389602 dur_ms=246 complete=true error=null
time="2025-11-15 12:37:07" method="GET" path="/gf_10_2.m4s" status=200 tag="video" file_size=161444 bytes_sent=161444 dur_ms=124 complete=true error=null
time="2025-11-15 12:37:07" method="GET" path="/gf_4_2.m4s" status=200 tag="video" file_size=389630 bytes_sent=389630 dur_ms=277 complete=true error=null
time="2025-11-15 12:37:07" method="GET" path="/gf_10_3.m4s" status=200 tag="video" file_size=158884 bytes_sent=158884 dur_ms=32 complete=true error=null
time="2025-11-15 12:37:07" method="GET" path="/gf_4_3.m4s" status=200 tag="video" file_size=393238 bytes_sent=393238 dur_ms=42 complete=true error=null
time="2025-11-15 12:37:07" method="GET" path="/gf_4_4.m4s" status=200 tag="video" file_size=373380 bytes_sent=373380 dur_ms=39 complete=true error=null
time="2025-11-15 12:37:07" method="GET" path="/gf_10_4.m4s" status=200 tag="video" file_size=161444 bytes_sent=161444 dur_ms=35 complete=true error=null
time="2025-11-15 12:37:07" method="GET" path="/gf_4_5.m4s" status=200 tag="video" file_size=383285 bytes_sent=383285 dur_ms=56 complete=true error=null
time="2025-11-15 12:37:07" method="GET" path="/gf_10_5.m4s" status=200 tag="video" file_size=158884 bytes_sent=158884 dur_ms=23 complete=true error=null
time="2025-11-15 12:37:07" method="GET" path="/gf_4_6.m4s" status=200 tag="video" file_size=375159 bytes_sent=375159 dur_ms=53 complete=true error=null
time="2025-11-15 12:37:07" method="GET" path="/gf_10_6.m4s" status=200 tag="video" file_size=161444 bytes_sent=161444 dur_ms=31 complete=true error=null
time="2025-11-15 12:37:07" method="GET" path="/gf_6_.mp4" status=200 tag="video" file_size=999 bytes_sent=999 dur_ms=7 complete=true error=null
time="2025-11-15 12:37:07" method="GET" path="/gf_10_7.m4s" status=200 tag="video" file_size=158884 bytes_sent=158884 dur_ms=24 complete=true error=null
time="2025-11-15 12:37:07" method="GET" path="/gf_10_8.m4s" status=200 tag="video" file_size=161444 bytes_sent=161444 dur_ms=47 complete=true error=null
time="2025-11-15 12:37:07" method="GET" path="/gf_6_7.m4s" status=200 tag="video" file_size=1727513 bytes_sent=1727513 dur_ms=113 complete=true error=null
time="2025-11-15 12:37:07" method="GET" path="/gf_10_9.m4s" status=200 tag="video" file_size=158884 bytes_sent=158884 dur_ms=30 complete=true error=null
time="2025-11-15 12:37:07" method="GET" path="/gf_6_8.m4s" status=200 tag="video" file_size=1723729 bytes_sent=1723729 dur_ms=96 complete=true error=null
time="2025-11-15 12:37:07" method="GET" path="/gf_10_10.m4s" status=200 tag="video" file_size=161444 bytes_sent=161444 dur_ms=25 complete=true error=null
time="2025-11-15 12:37:08" method="GET" path="/gf_6_9.m4s" status=200 tag="video" file_size=2007745 bytes_sent=2007745 dur_ms=110 complete=true error=null
time="2025-11-15 12:37:08" method="GET" path="/gf_10_11.m4s" status=200 tag="video" file_size=158884 bytes_sent=158884 dur_ms=25 complete=true error=null
time="2025-11-15 12:37:08" method="GET" path="/gf_6_10.m4s" status=200 tag="video" file_size=1797897 bytes_sent=1797897 dur_ms=104 complete=true error=null
time="2025-11-15 12:37:08" method="GET" path="/gf_10_12.m4s" status=200 tag="video" file_size=161444 bytes_sent=161444 dur_ms=41 complete=true error=null
time="2025-11-15 12:37:08" method="GET" path="/gf_6_11.m4s" status=200 tag="video" file_size=1823308 bytes_sent=1823308 dur_ms=129 complete=true error=null
time="2025-11-15 12:37:08" method="GET" path="/gf_10_13.m4s" status=200 tag="video" file_size=158884 bytes_sent=158884 dur_ms=29 complete=true error=null
time="2025-11-15 12:37:08" method="GET" path="/gf_6_12.m4s" status=200 tag="video" file_size=1774807 bytes_sent=1774807 dur_ms=116 complete=true error=null
time="2025-11-15 12:37:08" method="GET" path="/gf_10_14.m4s" status=200 tag="video" file_size=161444 bytes_sent=161444 dur_ms=22 complete=true error=null
time="2025-11-15 12:37:08" method="GET" path="/gf_6_13.m4s" status=200 tag="video" file_size=1823028 bytes_sent=1823028 dur_ms=102 complete=true error=null
time="2025-11-15 12:37:08" method="GET" path="/gf_10_15.m4s" status=200 tag="video" file_size=158884 bytes_sent=158884 dur_ms=25 complete=true error=null
time="2025-11-15 12:37:08" method="GET" path="/gf_6_14.m4s" status=200 tag="video" file_size=2095851 bytes_sent=2095851 dur_ms=105 complete=true error=null
time="2025-11-15 12:37:08" method="GET" path="/gf_10_16.m4s" status=200 tag="video" file_size=161444 bytes_sent=161444 dur_ms=20 complete=true error=null
time="2025-11-15 12:37:08" method="GET" path="/gf_6_15.m4s" status=200 tag="video" file_size=1617300 bytes_sent=1617300 dur_ms=94 complete=true error=null
time="2025-11-15 12:37:08" method="GET" path="/gf_10_17.m4s" status=200 tag="video" file_size=158884 bytes_sent=158884 dur_ms=28 complete=true error=null
time="2025-11-15 12:37:09" method="GET" path="/gf_6_16.m4s" status=200 tag="video" file_size=1667338 bytes_sent=1667338 dur_ms=112 complete=true error=null
time="2025-11-15 12:37:09" method="GET" path="/gf_10_18.m4s" status=200 tag="video" file_size=161444 bytes_sent=161444 dur_ms=23 complete=true error=null
time="2025-11-15 12:37:09" method="GET" path="/gf_6_17.m4s" status=200 tag="video" file_size=1847143 bytes_sent=1847143 dur_ms=109 complete=true error=null
time="2025-11-15 12:37:09" method="GET" path="/gf_10_19.m4s" status=200 tag="video" file_size=158884 bytes_sent=158884 dur_ms=40 complete=true error=null
time="2025-11-15 12:37:09" method="GET" path="/gf_6_18.m4s" status=200 tag="video" file_size=1555187 bytes_sent=1555187 dur_ms=87 complete=true error=null
time="2025-11-15 12:37:09" method="GET" path="/gf_10_20.m4s" status=200 tag="video" file_size=161444 bytes_sent=161444 dur_ms=29 complete=true error=null
time="2025-11-15 12:37:09" method="GET" path="/gf_6_19.m4s" status=200 tag="video" file_size=1765295 bytes_sent=1765295 dur_ms=124 complete=true error=null
time="2025-11-15 12:37:09" method="GET" path="/gf_10_21.m4s" status=200 tag="video" file_size=158884 bytes_sent=158884 dur_ms=32 complete=true error=null
time="2025-11-15 12:37:09" method="GET" path="/gf_6_20.m4s" status=200 tag="video" file_size=1707940 bytes_sent=1707940 dur_ms=116 complete=true error=null
time="2025-11-15 12:37:09" method="GET" path="/gf_10_22.m4s" status=200 tag="video" file_size=161444 bytes_sent=161444 dur_ms=32 complete=true error=null
time="2025-11-15 12:37:09" method="GET" path="/gf_6_21.m4s" status=200 tag="video" file_size=1785920 bytes_sent=1785920 dur_ms=104 complete=true error=null
time="2025-11-15 12:37:09" method="GET" path="/gf_10_87.m4s" status=200 tag="video" file_size=158884 bytes_sent=158884 dur_ms=30 complete=true error=null
time="2025-11-15 12:37:09" method="GET" path="/gf_10_88.m4s" status=200 tag="video" file_size=161444 bytes_sent=161444 dur_ms=22 complete=true error=null
time="2025-11-15 12:37:09" method="GET" path="/gf_6_87.m4s" status=200 tag="video" file_size=1256884 bytes_sent=1256884 dur_ms=79 complete=true error=null
time="2025-11-15 12:37:09" method="GET" path="/gf_10_89.m4s" status=200 tag="video" file_size=158884 bytes_sent=158884 dur_ms=41 complete=true error=null
time="2025-11-15 12:37:09" method="GET" path="/gf_6_88.m4s" status=200 tag="video" file_size=1617538 bytes_sent=1617538 dur_ms=94 complete=true error=null
time="2025-11-15 12:37:10" method="GET" path="/gf_10_90.m4s" status=200 tag="video" file_size=161444 bytes_sent=161444 dur_ms=24 complete=true error=null
time="2025-11-15 12:37:10" method="GET" path="/gf_6_89.m4s" status=200 tag="video" file_size=1663450 bytes_sent=1663450 dur_ms=90 complete=true error=null
time="2025-11-15 12:37:10" method="GET" path="/gf_10_91.m4s" status=200 tag="video" file_size=158884 bytes_sent=158884 dur_ms=22 complete=true error=null
time="2025-11-15 12:37:10" method="GET" path="/gf_6_90.m4s" status=200 tag="video" file_size=2181128 bytes_sent=2181128 dur_ms=101 complete=true error=null
time="2025-11-15 12:37:10" method="GET" path="/gf_10_92.m4s" status=200 tag="video" file_size=161444 bytes_sent=161444 dur_ms=22 complete=true error=null
time="2025-11-15 12:37:10" method="GET" path="/gf_6_91.m4s" status=200 tag="video" file_size=1823132 bytes_sent=1823132 dur_ms=107 complete=true error=null
time="2025-11-15 12:37:10" method="GET" path="/gf_10_93.m4s" status=200 tag="video" file_size=158884 bytes_sent=158884 dur_ms=22 complete=true error=null
time="2025-11-15 12:37:10" method="GET" path="/gf_6_92.m4s" status=200 tag="video" file_size=1835683 bytes_sent=1835683 dur_ms=123 complete=true error=null
time="2025-11-15 12:37:10" method="GET" path="/gf_10_94.m4s" status=200 tag="video" file_size=161444 bytes_sent=161444 dur_ms=21 complete=true error=null
time="2025-11-15 12:37:10" method="GET" path="/gf_6_93.m4s" status=200 tag="video" file_size=1639780 bytes_sent=1639780 dur_ms=98 complete=true error=null
time="2025-11-15 12:37:10" method="GET" path="/gf_10_95.m4s" status=200 tag="video" file_size=158884 bytes_sent=158884 dur_ms=25 complete=true error=null
time="2025-11-15 12:37:10" method="GET" path="/gf_6_94.m4s" status=200 tag="video" file_size=1735117 bytes_sent=1735117 dur_ms=101 complete=true error=null
time="2025-11-15 12:37:10" method="GET" path="/gf_10_96.m4s" status=200 tag="video" file_size=161444 bytes_sent=161444 dur_ms=21 complete=true error=null
time="2025-11-15 12:37:10" method="GET" path="/gf_6_95.m4s" status=200 tag="video" file_size=1771389 bytes_sent=1771389 dur_ms=104 complete=true error=null
time="2025-11-15 12:37:11" method="GET" path="/gf_10_97.m4s" status=200 tag="video" file_size=158884 bytes_sent=158884 dur_ms=21 complete=true error=null
time="2025-11-15 12:37:11" method="GET" path="/gf_6_96.m4s" status=200 tag="video" file_size=1678787 bytes_sent=1678787 dur_ms=109 complete=true error=null
time="2025-11-15 12:37:11" method="GET" path="/gf_10_139.m4s" status=200 tag="video" file_size=158884 bytes_sent=158884 dur_ms=27 complete=true error=null
time="2025-11-15 12:37:11" method="GET" path="/gf_10_140.m4s" status=200 tag="video" file_size=161444 bytes_sent=161444 dur_ms=46 complete=true error=null
time="2025-11-15 12:37:11" method="GET" path="/gf_6_139.m4s" status=200 tag="video" file_size=1185249 bytes_sent=1185249 dur_ms=99 complete=true error=null
time="2025-11-15 12:37:11" method="GET" path="/gf_10_141.m4s" status=200 tag="video" file_size=158884 bytes_sent=158884 dur_ms=24 complete=true error=null
time="2025-11-15 12:37:11" method="GET" path="/gf_6_140.m4s" status=200 tag="video" file_size=1746985 bytes_sent=1746985 dur_ms=92 complete=true error=null
time="2025-11-15 12:37:11" method="GET" path="/gf_10_142.m4s" status=200 tag="video" file_size=161444 bytes_sent=161444 dur_ms=26 complete=true error=null
time="2025-11-15 12:37:11" method="GET" path="/gf_6_141.m4s" status=200 tag="video" file_size=2437660 bytes_sent=2437660 dur_ms=119 complete=true error=null
time="2025-11-15 12:37:11" method="GET" path="/gf_10_143.m4s" status=200 tag="video" file_size=158884 bytes_sent=158884 dur_ms=24 complete=true error=null
time="2025-11-15 12:37:11" method="GET" path="/gf_6_142.m4s" status=200 tag="video" file_size=1751165 bytes_sent=1751165 dur_ms=111 complete=true error=null
time="2025-11-15 12:37:11" method="GET" path="/gf_10_144.m4s" status=200 tag="video" file_size=161444 bytes_sent=161444 dur_ms=32 complete=true error=null
time="2025-11-15 12:37:11" method="GET" path="/gf_6_143.m4s" status=200 tag="video" file_size=1739976 bytes_sent=1739976 dur_ms=99 complete=true error=null
time="2025-11-15 12:37:11" method="GET" path="/gf_10_145.m4s" status=200 tag="video" file_size=158884 bytes_sent=158884 dur_ms=23 complete=true error=null
time="2025-11-15 12:37:11" method="GET" path="/gf_6_144.m4s" status=200 tag="video" file_size=1759283 bytes_sent=1759283 dur_ms=104 complete=true error=null
time="2025-11-15 12:37:12" method="GET" path="/gf_10_146.m4s" status=200 tag="video" file_size=161444 bytes_sent=161444 dur_ms=24 complete=true error=null
time="2025-11-15 12:37:12" method="GET" path="/gf_6_145.m4s" status=200 tag="video" file_size=1303764 bytes_sent=1303764 dur_ms=70 complete=true error=null
time="2025-11-15 12:37:12" method="GET" path="/gf_10_147.m4s" status=200 tag="video" file_size=158884 bytes_sent=158884 dur_ms=28 complete=true error=null
time="2025-11-15 12:37:12" method="GET" path="/gf_6_146.m4s" status=200 tag="video" file_size=1882094 bytes_sent=1882094 dur_ms=117 complete=true error=null
time="2025-11-15 12:37:12" method="GET" path="/gf_10_148.m4s" status=200 tag="video" file_size=161444 bytes_sent=161444 dur_ms=26 complete=true error=null
time="2025-11-15 12:37:12" method="GET" path="/gf_6_147.m4s" status=200 tag="video" file_size=1745276 bytes_sent=1745276 dur_ms=110 complete=true error=null
time="2025-11-15 12:37:12" method="GET" path="/gf_10_149.m4s" status=200 tag="video" file_size=161448 bytes_sent=161448 dur_ms=27 complete=true error=null
time="2025-11-15 12:37:12" method="GET" path="/gf_6_148.m4s" status=200 tag="video" file_size=1789892 bytes_sent=1789892 dur_ms=94 complete=true error=null
time="2025-11-15 12:37:12" method="GET" path="/gf_6_149.m4s" status=200 tag="video" file_size=1758467 bytes_sent=1758467 dur_ms=86 complete=true error=null
time="2025-11-15 12:37:18" method="GET" path="/gf_10_47.m4s" status=200 tag="video" file_size=158884 bytes_sent=158884 dur_ms=39 complete=true error=null
time="2025-11-15 12:37:18" method="GET" path="/gf_6_47.m4s" status=200 tag="video" file_size=1765466 bytes_sent=1765466 dur_ms=99 complete=true error=null
time="2025-11-15 12:37:18" method="GET" path="/gf_10_48.m4s" status=200 tag="video" file_size=161444 bytes_sent=161444 dur_ms=62 complete=true error=null
time="2025-11-15 12:37:18" method="GET" path="/gf_10_49.m4s" status=200 tag="video" file_size=158884 bytes_sent=158884 dur_ms=32 complete=true error=null
time="2025-11-15 12:37:18" method="GET" path="/gf_6_48.m4s" status=200 tag="video" file_size=1765388 bytes_sent=1765388 dur_ms=94 complete=true error=null
time="2025-11-15 12:37:18" method="GET" path="/gf_10_50.m4s" status=200 tag="video" file_size=161444 bytes_sent=161444 dur_ms=21 complete=true error=null
time="2025-11-15 12:37:18" method="GET" path="/gf_6_49.m4s" status=200 tag="video" file_size=1768637 bytes_sent=1768637 dur_ms=85 complete=true error=null
time="2025-11-15 12:37:18" method="GET" path="/gf_10_51.m4s" status=200 tag="video" file_size=158884 bytes_sent=158884 dur_ms=24 complete=true error=null
time="2025-11-15 12:37:18" method="GET" path="/gf_6_50.m4s" status=200 tag="video" file_size=1733886 bytes_sent=1733886 dur_ms=91 complete=true error=null
time="2025-11-15 12:37:18" method="GET" path="/gf_10_52.m4s" status=200 tag="video" file_size=161444 bytes_sent=161444 dur_ms=28 complete=true error=null
time="2025-11-15 12:37:18" method="GET" path="/gf_6_51.m4s" status=200 tag="video" file_size=1759366 bytes_sent=1759366 dur_ms=95 complete=true error=null
time="2025-11-15 12:37:18" method="GET" path="/gf_10_53.m4s" status=200 tag="video" file_size=158884 bytes_sent=158884 dur_ms=34 complete=true error=null
time="2025-11-15 12:37:18" method="GET" path="/gf_6_52.m4s" status=200 tag="video" file_size=1836748 bytes_sent=1836748 dur_ms=108 complete=true error=null
time="2025-11-15 12:37:18" method="GET" path="/gf_10_54.m4s" status=200 tag="video" file_size=161444 bytes_sent=161444 dur_ms=22 complete=true error=null
time="2025-11-15 12:37:18" method="GET" path="/gf_6_53.m4s" status=200 tag="video" file_size=1725900 bytes_sent=1725900 dur_ms=96 complete=true error=null
time="2025-11-15 12:37:18" method="GET" path="/gf_10_55.m4s" status=200 tag="video" file_size=158884 bytes_sent=158884 dur_ms=28 complete=true error=null
time="2025-11-15 12:37:19" method="GET" path="/gf_6_54.m4s" status=200 tag="video" file_size=1750596 bytes_sent=1750596 dur_ms=91 complete=true error=null
time="2025-11-15 12:37:19" method="GET" path="/gf_10_56.m4s" status=200 tag="video" file_size=161444 bytes_sent=161444 dur_ms=26 complete=true error=null
time="2025-11-15 12:37:19" method="GET" path="/gf_6_55.m4s" status=200 tag="video" file_size=1792613 bytes_sent=1792613 dur_ms=100 complete=true error=null
time="2025-11-15 12:37:19" method="GET" path="/gf_10_57.m4s" status=200 tag="video" file_size=158884 bytes_sent=158884 dur_ms=23 complete=true error=null
time="2025-11-15 12:37:19" method="GET" path="/gf_6_56.m4s" status=200 tag="video" file_size=1748764 bytes_sent=1748764 dur_ms=93 complete=true error=null
time="2025-11-15 12:37:19" method="GET" path="/gf_10_58.m4s" status=200 tag="video" file_size=161444 bytes_sent=161444 dur_ms=25 complete=true error=null
time="2025-11-15 12:37:19" method="GET" path="/gf_6_57.m4s" status=200 tag="video" file_size=1747535 bytes_sent=1747535 dur_ms=89 complete=true error=null
time="2025-11-15 12:37:19" method="GET" path="/gf_10_59.m4s" status=200 tag="video" file_size=158884 bytes_sent=158884 dur_ms=24 complete=true error=null
time="2025-11-15 12:37:19" method="GET" path="/gf_6_58.m4s" status=200 tag="video" file_size=1705105 bytes_sent=1705105 dur_ms=87 complete=true error=null
time="2025-11-15 12:37:19" method="GET" path="/gf_10_60.m4s" status=200 tag="video" file_size=161444 bytes_sent=161444 dur_ms=23 complete=true error=null
time="2025-11-15 12:37:19" method="GET" path="/gf_6_59.m4s" status=200 tag="video" file_size=1563191 bytes_sent=1563191 dur_ms=95 complete=true error=null
time="2025-11-15 12:37:19" method="GET" path="/gf_10_61.m4s" status=200 tag="video" file_size=158884 bytes_sent=158884 dur_ms=24 complete=true error=null
time="2025-11-15 12:37:19" method="GET" path="/gf_6_60.m4s" status=200 tag="video" file_size=2235433 bytes_sent=2235433 dur_ms=132 complete=true error=null
time="2025-11-15 12:37:19" method="GET" path="/gf_10_62.m4s" status=200 tag="video" file_size=161444 bytes_sent=161444 dur_ms=22 complete=true error=null
time="2025-11-15 12:37:19" method="GET" path="/gf_6_61.m4s" status=200 tag="video" file_size=1699340 bytes_sent=1699340 dur_ms=93 complete=true error=null
time="2025-11-15 12:37:19" method="GET" path="/gf_10_63.m4s" status=200 tag="video" file_size=158884 bytes_sent=158884 dur_ms=25 complete=true error=null
time="2025-11-15 12:37:20" method="GET" path="/gf_6_62.m4s" status=200 tag="video" file_size=1326510 bytes_sent=1326510 dur_ms=72 complete=true error=null
time="2025-11-15 12:37:20" method="GET" path="/gf_10_64.m4s" status=200 tag="video" file_size=161444 bytes_sent=161444 dur_ms=25 complete=true error=null
time="2025-11-15 12:37:20" method="GET" path="/gf_6_63.m4s" status=200 tag="video" file_size=1660196 bytes_sent=1660196 dur_ms=100 complete=true error=null
time="2025-11-15 12:37:20" method="GET" path="/gf_10_65.m4s" status=200 tag="video" file_size=158884 bytes_sent=158884 dur_ms=22 complete=true error=null
time="2025-11-15 12:37:20" method="GET" path="/gf_6_64.m4s" status=200 tag="video" file_size=1841062 bytes_sent=1841062 dur_ms=107 complete=true error=null
time="2025-11-15 12:37:20" method="GET" path="/gf_10_66.m4s" status=200 tag="video" file_size=161444 bytes_sent=161444 dur_ms=21 complete=true error=null
time="2025-11-15 12:37:20" method="GET" path="/gf_6_65.m4s" status=200 tag="video" file_size=1812985 bytes_sent=1812985 dur_ms=91 complete=true error=null
time="2025-11-15 12:37:20" method="GET" path="/gf_10_67.m4s" status=200 tag="video" file_size=158884 bytes_sent=158884 dur_ms=27 complete=true error=null
time="2025-11-15 12:37:20" method="GET" path="/gf_6_66.m4s" status=200 tag="video" file_size=1729249 bytes_sent=1729249 dur_ms=98 complete=true error=null
time="2025-11-15 12:37:20" method="GET" path="/gf_10_68.m4s" status=200 tag="video" file_size=161444 bytes_sent=161444 dur_ms=21 complete=true error=null
time="2025-11-15 12:37:20" method="GET" path="/gf_6_67.m4s" status=200 tag="video" file_size=1625863 bytes_sent=1625863 dur_ms=89 complete=true error=null
time="2025-11-15 12:37:20" method="GET" path="/gf_10_69.m4s" status=200 tag="video" file_size=158884 bytes_sent=158884 dur_ms=22 complete=true error=null
time="2025-11-15 12:37:20" method="GET" path="/gf_6_68.m4s" status=200 tag="video" file_size=1932860 bytes_sent=1932860 dur_ms=92 complete=true error=null
time="2025-11-15 12:37:20" method="GET" path="/gf_10_112.m4s" status=200 tag="video" file_size=161444 bytes_sent=161444 dur_ms=41 complete=true error=null
time="2025-11-15 12:37:20" method="GET" path="/gf_10_113.m4s" status=200 tag="video" file_size=158884 bytes_sent=158884 dur_ms=25 complete=true error=null
time="2025-11-15 12:37:20" method="GET" path="/gf_6_112.m4s" status=200 tag="video" file_size=1957280 bytes_sent=1957280 dur_ms=102 complete=true error=null
time="2025-11-15 12:37:20" method="GET" path="/gf_10_114.m4s" status=200 tag="video" file_size=161444 bytes_sent=161444 dur_ms=77 complete=true error=null
time="2025-11-15 12:37:20" method="GET" path="/gf_6_113.m4s" status=200 tag="video" file_size=1684509 bytes_sent=1684509 dur_ms=82 complete=true error=null
time="2025-11-15 12:37:21" method="GET" path="/gf_10_115.m4s" status=200 tag="video" file_size=158884 bytes_sent=158884 dur_ms=33 complete=true error=null
time="2025-11-15 12:37:21" method="GET" path="/gf_6_114.m4s" status=200 tag="video" file_size=2140317 bytes_sent=2140317 dur_ms=96 complete=true error=null
time="2025-11-15 12:37:21" method="GET" path="/gf_10_116.m4s" status=200 tag="video" file_size=161444 bytes_sent=161444 dur_ms=21 complete=true error=null
time="2025-11-15 12:37:21" method="GET" path="/gf_6_115.m4s" status=200 tag="video" file_size=1534009 bytes_sent=1534009 dur_ms=83 complete=true error=null
time="2025-11-15 12:37:21" method="GET" path="/gf_10_117.m4s" status=200 tag="video" file_size=158884 bytes_sent=158884 dur_ms=19 complete=true error=null
time="2025-11-15 12:37:21" method="GET" path="/gf_6_116.m4s" status=200 tag="video" file_size=1744507 bytes_sent=1744507 dur_ms=107 complete=true error=null
time="2025-11-15 12:37:21" method="GET" path="/gf_10_118.m4s" status=200 tag="video" file_size=161444 bytes_sent=161444 dur_ms=46 complete=true error=null
time="2025-11-15 12:37:21" method="GET" path="/gf_6_117.m4s" status=200 tag="video" file_size=2119206 bytes_sent=2119206 dur_ms=102 complete=true error=null
time="2025-11-15 12:37:21" method="GET" path="/gf_10_119.m4s" status=200 tag="video" file_size=158884 bytes_sent=158884 dur_ms=19 complete=true error=null
time="2025-11-15 12:37:21" method="GET" path="/gf_6_118.m4s" status=200 tag="video" file_size=1710893 bytes_sent=1710893 dur_ms=83 complete=true error=null
time="2025-11-15 12:37:21" method="GET" path="/gf_10_120.m4s" status=200 tag="video" file_size=161444 bytes_sent=161444 dur_ms=23 complete=true error=null
time="2025-11-15 12:37:21" method="GET" path="/gf_6_119.m4s" status=200 tag="video" file_size=1695552 bytes_sent=1695552 dur_ms=97 complete=true error=null
time="2025-11-15 12:37:21" method="GET" path="/gf_10_121.m4s" status=200 tag="video" file_size=158884 bytes_sent=158884 dur_ms=30 complete=true error=null
time="2025-11-15 12:37:21" method="GET" path="/gf_6_120.m4s" status=200 tag="video" file_size=1740594 bytes_sent=1740594 dur_ms=103 complete=true error=null
time="2025-11-15 12:37:22" method="GET" path="/gf_10_122.m4s" status=200 tag="video" file_size=161444 bytes_sent=161444 dur_ms=26 complete=true error=null
time="2025-11-15 12:37:22" method="GET" path="/gf_6_121.m4s" status=200 tag="video" file_size=1781243 bytes_sent=1781243 dur_ms=98 complete=true error=null
time="2025-11-15 12:37:22" method="GET" path="/gf_10_123.m4s" status=200 tag="video" file_size=158884 bytes_sent=158884 dur_ms=52 complete=true error=null
time="2025-11-15 12:37:22" method="GET" path="/gf_6_122.m4s" status=200 tag="video" file_size=1504901 bytes_sent=1504901 dur_ms=98 complete=true error=null
method="GET" path="/Godfather.mpd" status=200 tag="mpd" file_size=6331 bytes_sent=6331 dur_ms=0 complete=true error=null time="2025-11-15 14:01:48"
method="GET" path="/Godfather.mpd" status=200 tag="mpd" file_size=6331 bytes_sent=6331 dur_ms=0 complete=true error=null time="2025-11-15 14:01:48"
method="GET" path="/gf_10_.mp4" status=200 tag="video" file_size=836 bytes_sent=836 dur_ms=0 complete=true error=null time="2025-11-15 14:01:49"
method="GET" path="/gf_4_.mp4" status=200 tag="video" file_size=999 bytes_sent=999 dur_ms=1 complete=true error=null time="2025-11-15 14:01:49"
method="GET" path="/gf_10_1.m4s" status=200 tag="video" file_size=169124 bytes_sent=169124 dur_ms=18 complete=true error=null time="2025-11-15 14:01:49"
method="GET" path="/gf_4_1.m4s" status=200 tag="video" file_size=389602 bytes_sent=389602 dur_ms=23 complete=true error=null time="2025-11-15 14:01:49"
method="GET" path="/gf_10_2.m4s" status=200 tag="video" file_size=161444 bytes_sent=161444 dur_ms=23 complete=true error=null time="2025-11-15 14:01:49"
method="GET" path="/gf_4_2.m4s" status=200 tag="video" file_size=389630 bytes_sent=389630 dur_ms=25 complete=true error=null time="2025-11-15 14:01:49"
method="GET" path="/gf_10_3.m4s" status=200 tag="video" file_size=158884 bytes_sent=158884 dur_ms=23 complete=true error=null time="2025-11-15 14:01:49"
method="GET" path="/gf_4_3.m4s" status=200 tag="video" file_size=393238 bytes_sent=393238 dur_ms=32 complete=true error=null time="2025-11-15 14:01:49"
method="GET" path="/gf_10_4.m4s" status=200 tag="video" file_size=161444 bytes_sent=161444 dur_ms=21 complete=true error=null time="2025-11-15 14:01:49"
method="GET" path="/gf_4_4.m4s" status=200 tag="video" file_size=373380 bytes_sent=373380 dur_ms=178 complete=true error=null time="2025-11-15 14:01:49"
method="GET" path="/gf_10_5.m4s" status=200 tag="video" file_size=158884 bytes_sent=158884 dur_ms=29 complete=true error=null time="2025-11-15 14:01:49"
method="GET" path="/gf_4_5.m4s" status=200 tag="video" file_size=383285 bytes_sent=383285 dur_ms=25 complete=true error=null time="2025-11-15 14:01:49"
method="GET" path="/gf_10_6.m4s" status=200 tag="video" file_size=161444 bytes_sent=161444 dur_ms=17 complete=true error=null time="2025-11-15 14:01:49"
method="GET" path="/gf_10_7.m4s" status=200 tag="video" file_size=158884 bytes_sent=158884 dur_ms=15 complete=true error=null time="2025-11-15 14:01:49"
method="GET" path="/gf_4_6.m4s" status=200 tag="video" file_size=375159 bytes_sent=375159 dur_ms=123 complete=true error=null time="2025-11-15 14:01:49"
method="GET" path="/gf_6_.mp4" status=200 tag="video" file_size=999 bytes_sent=999 dur_ms=1 complete=true error=null time="2025-11-15 14:01:50"
method="GET" path="/gf_10_8.m4s" status=200 tag="video" file_size=161444 bytes_sent=161444 dur_ms=13 complete=true error=null time="2025-11-15 14:01:50"
method="GET" path="/gf_6_7.m4s" status=200 tag="video" file_size=1727513 bytes_sent=1727513 dur_ms=207 complete=true error=null time="2025-11-15 14:01:50"
method="GET" path="/Godfather.mpd" status=200 tag="mpd" file_size=6331 bytes_sent=6331 dur_ms=0 complete=true error=null time="2025-11-15 14:02:39"
method="GET" path="/Godfather.mpd" status=200 tag="mpd" file_size=6331 bytes_sent=6331 dur_ms=0 complete=true error=null time="2025-11-15 14:02:39"
method="GET" path="/gf_6_.mp4" status=200 tag="video" file_size=999 bytes_sent=999 dur_ms=1 complete=true error=null time="2025-11-15 14:02:39"
method="GET" path="/gf_10_.mp4" status=200 tag="video" file_size=836 bytes_sent=836 dur_ms=0 complete=true error=null time="2025-11-15 14:02:39"
method="GET" path="/gf_10_1.m4s" status=200 tag="video" file_size=169124 bytes_sent=169124 dur_ms=25 complete=true error=null time="2025-11-15 14:02:39"
method="GET" path="/gf_6_1.m4s" status=200 tag="video" file_size=1860167 bytes_sent=1860167 dur_ms=102 complete=true error=null time="2025-11-15 14:02:39"
method="GET" path="/gf_10_2.m4s" status=200 tag="video" file_size=161444 bytes_sent=161444 dur_ms=27 complete=true error=null time="2025-11-15 14:02:39"
method="GET" path="/gf_10_3.m4s" status=200 tag="video" file_size=158884 bytes_sent=158884 dur_ms=21 complete=true error=null time="2025-11-15 14:02:39"
method="GET" path="/gf_6_2.m4s" status=200 tag="video" file_size=1853685 bytes_sent=1853685 dur_ms=100 complete=true error=null time="2025-11-15 14:02:39"
method="GET" path="/gf_10_4.m4s" status=200 tag="video" file_size=161444 bytes_sent=161444 dur_ms=18 complete=true error=null time="2025-11-15 14:02:39"
method="GET" path="/gf_6_3.m4s" status=200 tag="video" file_size=1876658 bytes_sent=1876658 dur_ms=92 complete=true error=null time="2025-11-15 14:02:39"
method="GET" path="/gf_10_5.m4s" status=200 tag="video" file_size=158884 bytes_sent=158884 dur_ms=27 complete=true error=null time="2025-11-15 14:02:39"
method="GET" path="/gf_6_4.m4s" status=200 tag="video" file_size=1682894 bytes_sent=1682894 dur_ms=83 complete=true error=null time="2025-11-15 14:02:39"
method="GET" path="/gf_10_6.m4s" status=200 tag="video" file_size=161444 bytes_sent=161444 dur_ms=17 complete=true error=null time="2025-11-15 14:02:40"
method="GET" path="/gf_6_5.m4s" status=200 tag="video" file_size=1833065 bytes_sent=1833065 dur_ms=91 complete=true error=null time="2025-11-15 14:02:40"
method="GET" path="/gf_10_7.m4s" status=200 tag="video" file_size=158884 bytes_sent=158884 dur_ms=23 complete=true error=null time="2025-11-15 14:02:40"
method="GET" path="/gf_6_6.m4s" status=200 tag="video" file_size=1690840 bytes_sent=1690840 dur_ms=86 complete=true error=null time="2025-11-15 14:02:40"
method="GET" path="/gf_10_8.m4s" status=200 tag="video" file_size=161444 bytes_sent=161444 dur_ms=15 complete=true error=null time="2025-11-15 14:02:40"
method="GET" path="/gf_6_7.m4s" status=200 tag="video" file_size=1727513 bytes_sent=1727513 dur_ms=82 complete=true error=null time="2025-11-15 14:02:40"
method="GET" path="/gf_10_9.m4s" status=200 tag="video" file_size=158884 bytes_sent=158884 dur_ms=28 complete=true error=null time="2025-11-15 14:02:40"
method="GET" path="/gf_6_8.m4s" status=200 tag="video" file_size=1723729 bytes_sent=1723729 dur_ms=99 complete=true error=null time="2025-11-15 14:02:40"
method="GET" path="/gf_10_10.m4s" status=200 tag="video" file_size=161444 bytes_sent=161444 dur_ms=17 complete=true error=null time="2025-11-15 14:02:40"
method="GET" path="/gf_6_9.m4s" status=200 tag="video" file_size=2007745 bytes_sent=2007745 dur_ms=108 complete=true error=null time="2025-11-15 14:02:40"
method="GET" path="/gf_10_11.m4s" status=200 tag="video" file_size=158884 bytes_sent=158884 dur_ms=19 complete=true error=null time="2025-11-15 14:02:40"
method="GET" path="/gf_6_10.m4s" status=200 tag="video" file_size=1797897 bytes_sent=1797897 dur_ms=103 complete=true error=null time="2025-11-15 14:02:40"
method="GET" path="/gf_10_12.m4s" status=200 tag="video" file_size=161444 bytes_sent=161444 dur_ms=18 complete=true error=null time="2025-11-15 14:02:40"
method="GET" path="/gf_6_11.m4s" status=200 tag="video" file_size=1823308 bytes_sent=1823308 dur_ms=81 complete=true error=null time="2025-11-15 14:02:40"
method="GET" path="/gf_10_13.m4s" status=200 tag="video" file_size=158884 bytes_sent=158884 dur_ms=19 complete=true error=null time="2025-11-15 14:02:40"
method="GET" path="/gf_6_12.m4s" status=200 tag="video" file_size=1774807 bytes_sent=1774807 dur_ms=100 complete=true error=null time="2025-11-15 14:02:40"
method="GET" path="/gf_10_14.m4s" status=200 tag="video" file_size=161444 bytes_sent=161444 dur_ms=16 complete=true error=null time="2025-11-15 14:02:40"
method="GET" path="/gf_6_13.m4s" status=200 tag="video" file_size=1823028 bytes_sent=1823028 dur_ms=89 complete=true error=null time="2025-11-15 14:02:41"
method="GET" path="/gf_10_15.m4s" status=200 tag="video" file_size=158884 bytes_sent=158884 dur_ms=16 complete=true error=null time="2025-11-15 14:02:41"
method="GET" path="/gf_6_14.m4s" status=200 tag="video" file_size=2095851 bytes_sent=2095851 dur_ms=88 complete=true error=null time="2025-11-15 14:02:41"
method="GET" path="/gf_10_16.m4s" status=200 tag="video" file_size=161444 bytes_sent=161444 dur_ms=16 complete=true error=null time="2025-11-15 14:02:41"
method="GET" path="/gf_6_15.m4s" status=200 tag="video" file_size=1617300 bytes_sent=1617300 dur_ms=69 complete=true error=null time="2025-11-15 14:02:41"
method="GET" path="/gf_10_17.m4s" status=200 tag="video" file_size=158884 bytes_sent=158884 dur_ms=18 complete=true error=null time="2025-11-15 14:02:41"
method="GET" path="/gf_6_16.m4s" status=200 tag="video" file_size=1667338 bytes_sent=1667338 dur_ms=74 complete=true error=null time="2025-11-15 14:02:41"
method="GET" path="/gf_10_18.m4s" status=200 tag="video" file_size=161444 bytes_sent=161444 dur_ms=14 complete=true error=null time="2025-11-15 14:02:41"
method="GET" path="/gf_6_17.m4s" status=200 tag="video" file_size=1847143 bytes_sent=1847143 dur_ms=80 complete=true error=null time="2025-11-15 14:02:41"
method="GET" path="/gf_10_19.m4s" status=200 tag="video" file_size=158884 bytes_sent=158884 dur_ms=15 complete=true error=null time="2025-11-15 14:02:41"
method="GET" path="/gf_6_18.m4s" status=200 tag="video" file_size=1555187 bytes_sent=1555187 dur_ms=75 complete=true error=null time="2025-11-15 14:02:41"
method="GET" path="/gf_10_20.m4s" status=200 tag="video" file_size=161444 bytes_sent=161444 dur_ms=27 complete=true error=null time="2025-11-15 14:02:41"
method="GET" path="/gf_6_19.m4s" status=200 tag="video" file_size=1765295 bytes_sent=1765295 dur_ms=109 complete=true error=null time="2025-11-15 14:02:41"
method="GET" path="/gf_10_21.m4s" status=200 tag="video" file_size=158884 bytes_sent=158884 dur_ms=13 complete=true error=null time="2025-11-15 14:02:41"
method="GET" path="/gf_6_20.m4s" status=200 tag="video" file_size=1707940 bytes_sent=1707940 dur_ms=94 complete=true error=null time="2025-11-15 14:02:41"
method="GET" path="/gf_10_22.m4s" status=200 tag="video" file_size=161444 bytes_sent=161444 dur_ms=18 complete=true error=null time="2025-11-15 14:02:41"
method="GET" path="/gf_6_21.m4s" status=200 tag="video" file_size=1785920 bytes_sent=1785920 dur_ms=88 complete=true error=null time="2025-11-15 14:02:41"
method="GET" path="/gf_10_23.m4s" status=200 tag="video" file_size=158884 bytes_sent=158884 dur_ms=33 complete=true error=null time="2025-11-15 14:02:41"
method="GET" path="/gf_6_22.m4s" status=200 tag="video" file_size=1724124 bytes_sent=1724124 dur_ms=99 complete=true error=null time="2025-11-15 14:02:42"
method="GET" path="/gf_10_24.m4s" status=200 tag="video" file_size=161444 bytes_sent=161444 dur_ms=23 complete=true error=null time="2025-11-15 14:02:42"
method="GET" path="/gf_6_23.m4s" status=200 tag="video" file_size=1903825 bytes_sent=1903825 dur_ms=106 complete=true error=null time="2025-11-15 14:02:42"
method="GET" path="/gf_10_25.m4s" status=200 tag="video" file_size=158884 bytes_sent=158884 dur_ms=26 complete=true error=null time="2025-11-15 14:02:42"
method="GET" path="/gf_6_24.m4s" status=200 tag="video" file_size=1771921 bytes_sent=1771921 dur_ms=96 complete=true error=null time="2025-11-15 14:02:42"
method="GET" path="/gf_10_26.m4s" status=200 tag="video" file_size=161444 bytes_sent=161444 dur_ms=23 complete=true error=null time="2025-11-15 14:02:42"
method="GET" path="/gf_6_25.m4s" status=200 tag="video" file_size=1811409 bytes_sent=1811409 dur_ms=86 complete=true error=null time="2025-11-15 14:02:42"
method="GET" path="/gf_10_27.m4s" status=200 tag="video" file_size=158884 bytes_sent=158884 dur_ms=24 complete=true error=null time="2025-11-15 14:02:42"
method="GET" path="/gf_6_26.m4s" status=200 tag="video" file_size=1637557 bytes_sent=1637557 dur_ms=88 complete=true error=null time="2025-11-15 14:02:42"
method="GET" path="/gf_10_28.m4s" status=200 tag="video" file_size=161444 bytes_sent=161444 dur_ms=55 complete=true error=null time="2025-11-15 14:02:42"
method="GET" path="/gf_6_27.m4s" status=200 tag="video" file_size=1773023 bytes_sent=1773023 dur_ms=137 complete=true error=null time="2025-11-15 14:02:42"
method="GET" path="/Godfather.mpd" status=200 tag="mpd" file_size=6331 bytes_sent=6331 dur_ms=0 complete=true error=null time="2025-11-15 14:03:30"
method="GET" path="/Godfather.mpd" status=200 tag="mpd" file_size=6331 bytes_sent=6331 dur_ms=0 complete=true error=null time="2025-11-15 14:03:30"
method="GET" path="/gf_6_.mp4" status=200 tag="video" file_size=999 bytes_sent=999 dur_ms=0 complete=true error=null time="2025-11-15 14:03:30"
method="GET" path="/gf_10_.mp4" status=200 tag="video" file_size=836 bytes_sent=836 dur_ms=0 complete=true error=null time="2025-11-15 14:03:30"
method="GET" path="/gf_10_1.m4s" status=200 tag="video" file_size=169124 bytes_sent=169124 dur_ms=23 complete=true error=null time="2025-11-15 14:03:30"
method="GET" path="/gf_6_1.m4s" status=200 tag="video" file_size=1860167 bytes_sent=1860167 dur_ms=71 complete=true error=null time="2025-11-15 14:03:30"
method="GET" path="/gf_10_2.m4s" status=200 tag="video" file_size=161444 bytes_sent=161444 dur_ms=21 complete=true error=null time="2025-11-15 14:03:30"
method="GET" path="/gf_10_3.m4s" status=200 tag="video" file_size=158884 bytes_sent=158884 dur_ms=20 complete=true error=null time="2025-11-15 14:03:30"
method="GET" path="/gf_6_2.m4s" status=200 tag="video" file_size=1853685 bytes_sent=1853685 dur_ms=86 complete=true error=null time="2025-11-15 14:03:30"
method="GET" path="/gf_10_4.m4s" status=200 tag="video" file_size=161444 bytes_sent=161444 dur_ms=37 complete=true error=null time="2025-11-15 14:03:30"
method="GET" path="/gf_6_3.m4s" status=200 tag="video" file_size=1876658 bytes_sent=1876658 dur_ms=123 complete=true error=null time="2025-11-15 14:03:30"
method="GET" path="/gf_10_5.m4s" status=200 tag="video" file_size=158884 bytes_sent=158884 dur_ms=19 complete=true error=null time="2025-11-15 14:03:30"
method="GET" path="/gf_6_4.m4s" status=200 tag="video" file_size=1682894 bytes_sent=1682894 dur_ms=90 complete=true error=null time="2025-11-15 14:03:31"
method="GET" path="/gf_10_6.m4s" status=200 tag="video" file_size=161444 bytes_sent=161444 dur_ms=17 complete=true error=null time="2025-11-15 14:03:31"
method="GET" path="/gf_6_5.m4s" status=200 tag="video" file_size=1833065 bytes_sent=1833065 dur_ms=94 complete=true error=null time="2025-11-15 14:03:31"
method="GET" path="/gf_10_7.m4s" status=200 tag="video" file_size=158884 bytes_sent=158884 dur_ms=14 complete=true error=null time="2025-11-15 14:03:31"
method="GET" path="/gf_6_6.m4s" status=200 tag="video" file_size=1690840 bytes_sent=1690840 dur_ms=76 complete=true error=null time="2025-11-15 14:03:31"
method="GET" path="/gf_10_8.m4s" status=200 tag="video" file_size=161444 bytes_sent=161444 dur_ms=13 complete=true error=null time="2025-11-15 14:03:31"
method="GET" path="/gf_6_7.m4s" status=200 tag="video" file_size=1727513 bytes_sent=1727513 dur_ms=95 complete=true error=null time="2025-11-15 14:03:31"
method="GET" path="/gf_10_9.m4s" status=200 tag="video" file_size=158884 bytes_sent=158884 dur_ms=15 complete=true error=null time="2025-11-15 14:03:31"
method="GET" path="/gf_6_8.m4s" status=200 tag="video" file_size=1723729 bytes_sent=1723729 dur_ms=80 complete=true error=null time="2025-11-15 14:03:31"
method="GET" path="/gf_10_10.m4s" status=200 tag="video" file_size=161444 bytes_sent=161444 dur_ms=14 complete=true error=null time="2025-11-15 14:03:31"
method="GET" path="/gf_6_9.m4s" status=200 tag="video" file_size=2007745 bytes_sent=2007745 dur_ms=101 complete=true error=null time="2025-11-15 14:03:31"
method="GET" path="/gf_10_11.m4s" status=200 tag="video" file_size=158884 bytes_sent=158884 dur_ms=17 complete=true error=null time="2025-11-15 14:03:31"
method="GET" path="/gf_6_10.m4s" status=200 tag="video" file_size=1797897 bytes_sent=1797897 dur_ms=92 complete=true error=null time="2025-11-15 14:03:31"
method="GET" path="/gf_10_12.m4s" status=200 tag="video" file_size=161444 bytes_sent=161444 dur_ms=15 complete=true error=null time="2025-11-15 14:03:31"
method="GET" path="/gf_6_11.m4s" status=200 tag="video" file_size=1823308 bytes_sent=1823308 dur_ms=120 complete=true error=null time="2025-11-15 14:03:31"
method="GET" path="/gf_10_13.m4s" status=200 tag="video" file_size=158884 bytes_sent=158884 dur_ms=15 complete=true error=null time="2025-11-15 14:03:31"
method="GET" path="/gf_6_12.m4s" status=200 tag="video" file_size=1774807 bytes_sent=1774807 dur_ms=94 complete=true error=null time="2025-11-15 14:03:32"
method="GET" path="/gf_10_14.m4s" status=200 tag="video" file_size=161444 bytes_sent=161444 dur_ms=15 complete=true error=null time="2025-11-15 14:03:32"
method="GET" path="/gf_6_13.m4s" status=200 tag="video" file_size=1823028 bytes_sent=1823028 dur_ms=85 complete=true error=null time="2025-11-15 14:03:32"
method="GET" path="/gf_10_15.m4s" status=200 tag="video" file_size=158884 bytes_sent=158884 dur_ms=15 complete=true error=null time="2025-11-15 14:03:32"
method="GET" path="/gf_6_14.m4s" status=200 tag="video" file_size=2095851 bytes_sent=2095851 dur_ms=104 complete=true error=null time="2025-11-15 14:03:32"
method="GET" path="/gf_10_16.m4s" status=200 tag="video" file_size=161444 bytes_sent=161444 dur_ms=16 complete=true error=null time="2025-11-15 14:03:32"
method="GET" path="/gf_6_15.m4s" status=200 tag="video" file_size=1617300 bytes_sent=1617300 dur_ms=118 complete=true error=null time="2025-11-15 14:03:32"
method="GET" path="/gf_10_17.m4s" status=200 tag="video" file_size=158884 bytes_sent=158884 dur_ms=13 complete=true error=null time="2025-11-15 14:03:32"
method="GET" path="/gf_6_16.m4s" status=200 tag="video" file_size=1667338 bytes_sent=1667338 dur_ms=104 complete=true error=null time="2025-11-15 14:03:32"
method="GET" path="/gf_10_18.m4s" status=200 tag="video" file_size=161444 bytes_sent=161444 dur_ms=15 complete=true error=null time="2025-11-15 14:03:32"
method="GET" path="/gf_6_17.m4s" status=200 tag="video" file_size=1847143 bytes_sent=1847143 dur_ms=90 complete=true error=null time="2025-11-15 14:03:32"
method="GET" path="/gf_10_19.m4s" status=200 tag="video" file_size=158884 bytes_sent=158884 dur_ms=18 complete=true error=null time="2025-11-15 14:03:32"
method="GET" path="/gf_6_18.m4s" status=200 tag="video" file_size=1555187 bytes_sent=1555187 dur_ms=91 complete=true error=null time="2025-11-15 14:03:32"
method="GET" path="/gf_10_20.m4s" status=200 tag="video" file_size=161444 bytes_sent=161444 dur_ms=19 complete=true error=null time="2025-11-15 14:03:32"
method="GET" path="/gf_6_19.m4s" status=200 tag="video" file_size=1765295 bytes_sent=1765295 dur_ms=92 complete=true error=null time="2025-11-15 14:03:32"
method="GET" path="/gf_10_21.m4s" status=200 tag="video" file_size=158884 bytes_sent=158884 dur_ms=16 complete=true error=null time="2025-11-15 14:03:32"
method="GET" path="/gf_6_20.m4s" status=200 tag="video" file_size=1707940 bytes_sent=1707940 dur_ms=82 complete=true error=null time="2025-11-15 14:03:33"
method="GET" path="/gf_10_22.m4s" status=200 tag="video" file_size=161444 bytes_sent=161444 dur_ms=16 complete=true error=null time="2025-11-15 14:03:33"
method="GET" path="/gf_6_21.m4s" status=200 tag="video" file_size=1785920 bytes_sent=1785920 dur_ms=100 complete=true error=null time="2025-11-15 14:03:33"
method="GET" path="/gf_10_23.m4s" status=200 tag="video" file_size=158884 bytes_sent=158884 dur_ms=12 complete=true error=null time="2025-11-15 14:03:33"
method="GET" path="/gf_6_22.m4s" status=200 tag="video" file_size=1724124 bytes_sent=1724124 dur_ms=86 complete=true error=null time="2025-11-15 14:03:33"
method="GET" path="/gf_10_24.m4s" status=200 tag="video" file_size=161444 bytes_sent=161444 dur_ms=31 complete=true error=null time="2025-11-15 14:03:33"
method="GET" path="/gf_6_23.m4s" status=200 tag="video" file_size=1903825 bytes_sent=1903825 dur_ms=90 complete=true error=null time="2025-11-15 14:03:33"
method="GET" path="/gf_10_25.m4s" status=200 tag="video" file_size=158884 bytes_sent=158884 dur_ms=14 complete=true error=null time="2025-11-15 14:03:33"
method="GET" path="/gf_6_24.m4s" status=200 tag="video" file_size=1771921 bytes_sent=1771921 dur_ms=94 complete=true error=null time="2025-11-15 14:03:33"
method="GET" path="/gf_10_26.m4s" status=200 tag="video" file_size=161444 bytes_sent=161444 dur_ms=20 complete=true error=null time="2025-11-15 14:03:33"
method="GET" path="/gf_6_25.m4s" status=200 tag="video" file_size=1811409 bytes_sent=1811409 dur_ms=96 complete=true error=null time="2025-11-15 14:03:33"
method="GET" path="/gf_10_27.m4s" status=200 tag="video" file_size=158884 bytes_sent=158884 dur_ms=15 complete=true error=null time="2025-11-15 14:03:33"
method="GET" path="/gf_6_26.m4s" status=200 tag="video" file_size=1637557 bytes_sent=1637557 dur_ms=83 complete=true error=null time="2025-11-15 14:03:33"
method="GET" path="/gf_10_28.m4s" status=200 tag="video" file_size=161444 bytes_sent=161444 dur_ms=15 complete=true error=null time="2025-11-15 14:03:33"
method="GET" path="/gf_6_27.m4s" status=200 tag="video" file_size=1773023 bytes_sent=1773023 dur_ms=90 complete=true error=null time="2025-11-15 14:03:33"
method="GET" path="/gf_10_101.m4s" status=200 tag="video" file_size=158884 bytes_sent=158884 dur_ms=35 complete=true error=null time="2025-11-15 14:03:38"
method="GET" path="/gf_6_101.m4s" status=200 tag="video" file_size=1890002 bytes_sent=1890002 dur_ms=87 complete=true error=null time="2025-11-15 14:03:38"
method="GET" path="/gf_10_102.m4s" status=200 tag="video" file_size=161444 bytes_sent=161444 dur_ms=46 complete=true error=null time="2025-11-15 14:03:38"
method="GET" path="/gf_10_103.m4s" status=200 tag="video" file_size=158884 bytes_sent=158884 dur_ms=22 complete=true error=null time="2025-11-15 14:03:38"
method="GET" path="/gf_6_102.m4s" status=200 tag="video" file_size=1512457 bytes_sent=1512457 dur_ms=90 complete=true error=null time="2025-11-15 14:03:38"
method="GET" path="/gf_10_104.m4s" status=200 tag="video" file_size=161444 bytes_sent=161444 dur_ms=26 complete=true error=null time="2025-11-15 14:03:38"
method="GET" path="/gf_6_103.m4s" status=200 tag="video" file_size=1726320 bytes_sent=1726320 dur_ms=95 complete=true error=null time="2025-11-15 14:03:38"
method="GET" path="/gf_10_105.m4s" status=200 tag="video" file_size=158884 bytes_sent=158884 dur_ms=21 complete=true error=null time="2025-11-15 14:03:38"
method="GET" path="/gf_6_104.m4s" status=200 tag="video" file_size=1730009 bytes_sent=1730009 dur_ms=88 complete=true error=null time="2025-11-15 14:03:38"
method="GET" path="/gf_10_106.m4s" status=200 tag="video" file_size=161444 bytes_sent=161444 dur_ms=26 complete=true error=null time="2025-11-15 14:03:38"
method="GET" path="/gf_6_105.m4s" status=200 tag="video" file_size=1961726 bytes_sent=1961726 dur_ms=79 complete=true error=null time="2025-11-15 14:03:38"
method="GET" path="/gf_10_107.m4s" status=200 tag="video" file_size=158884 bytes_sent=158884 dur_ms=25 complete=true error=null time="2025-11-15 14:03:38"
method="GET" path="/gf_6_106.m4s" status=200 tag="video" file_size=1845478 bytes_sent=1845478 dur_ms=91 complete=true error=null time="2025-11-15 14:03:38"
method="GET" path="/gf_10_108.m4s" status=200 tag="video" file_size=161444 bytes_sent=161444 dur_ms=23 complete=true error=null time="2025-11-15 14:03:38"
method="GET" path="/gf_6_107.m4s" status=200 tag="video" file_size=1787458 bytes_sent=1787458 dur_ms=89 complete=true error=null time="2025-11-15 14:03:38"
method="GET" path="/gf_10_109.m4s" status=200 tag="video" file_size=158884 bytes_sent=158884 dur_ms=26 complete=true error=null time="2025-11-15 14:03:38"
method="GET" path="/gf_6_108.m4s" status=200 tag="video" file_size=1245518 bytes_sent=1245518 dur_ms=68 complete=true error=null time="2025-11-15 14:03:38"
method="GET" path="/gf_10_110.m4s" status=200 tag="video" file_size=161444 bytes_sent=161444 dur_ms=31 complete=true error=null time="2025-11-15 14:03:39"
method="GET" path="/gf_6_109.m4s" status=200 tag="video" file_size=1730136 bytes_sent=1730136 dur_ms=91 complete=true error=null time="2025-11-15 14:03:39"
method="GET" path="/gf_10_111.m4s" status=200 tag="video" file_size=158884 bytes_sent=158884 dur_ms=25 complete=true error=null time="2025-11-15 14:03:39"
method="GET" path="/gf_6_110.m4s" status=200 tag="video" file_size=1453558 bytes_sent=1453558 dur_ms=78 complete=true error=null time="2025-11-15 14:03:39"
method="GET" path="/gf_10_112.m4s" status=200 tag="video" file_size=161444 bytes_sent=161444 dur_ms=16 complete=true error=null time="2025-11-15 14:03:39"
method="GET" path="/gf_6_111.m4s" status=200 tag="video" file_size=1840054 bytes_sent=1840054 dur_ms=87 complete=true error=null time="2025-11-15 14:03:39"
method="GET" path="/gf_10_113.m4s" status=200 tag="video" file_size=158884 bytes_sent=158884 dur_ms=15 complete=true error=null time="2025-11-15 14:03:39"
method="GET" path="/gf_6_112.m4s" status=200 tag="video" file_size=1957280 bytes_sent=1957280 dur_ms=83 complete=true error=null time="2025-11-15 14:03:39"
method="GET" path="/gf_10_114.m4s" status=200 tag="video" file_size=161444 bytes_sent=161444 dur_ms=13 complete=true error=null time="2025-11-15 14:03:39"
method="GET" path="/gf_6_113.m4s" status=200 tag="video" file_size=1684509 bytes_sent=1684509 dur_ms=99 complete=true error=null time="2025-11-15 14:03:39"
method="GET" path="/gf_10_115.m4s" status=200 tag="video" file_size=158884 bytes_sent=158884 dur_ms=15 complete=true error=null time="2025-11-15 14:03:39"
method="GET" path="/gf_6_114.m4s" status=200 tag="video" file_size=2140317 bytes_sent=2140317 dur_ms=95 complete=true error=null time="2025-11-15 14:03:39"
method="GET" path="/gf_10_116.m4s" status=200 tag="video" file_size=161444 bytes_sent=161444 dur_ms=14 complete=true error=null time="2025-11-15 14:03:39"
method="GET" path="/gf_6_115.m4s" status=200 tag="video" file_size=1534009 bytes_sent=1534009 dur_ms=69 complete=true error=null time="2025-11-15 14:03:39"
method="GET" path="/gf_10_117.m4s" status=200 tag="video" file_size=158884 bytes_sent=158884 dur_ms=18 complete=true error=null time="2025-11-15 14:03:39"
method="GET" path="/gf_6_116.m4s" status=200 tag="video" file_size=1744507 bytes_sent=1744507 dur_ms=70 complete=true error=null time="2025-11-15 14:03:39"
method="GET" path="/gf_10_118.m4s" status=200 tag="video" file_size=161444 bytes_sent=161444 dur_ms=15 complete=true error=null time="2025-11-15 14:03:39"
method="GET" path="/gf_6_117.m4s" status=200 tag="video" file_size=2119206 bytes_sent=2119206 dur_ms=89 complete=true error=null time="2025-11-15 14:03:39"
method="GET" path="/gf_10_119.m4s" status=200 tag="video" file_size=158884 bytes_sent=158884 dur_ms=13 complete=true error=null time="2025-11-15 14:03:40"
method="GET" path="/gf_6_118.m4s" status=200 tag="video" file_size=1710893 bytes_sent=1710893 dur_ms=74 complete=true error=null time="2025-11-15 14:03:40"
method="GET" path="/gf_10_120.m4s" status=200 tag="video" file_size=161444 bytes_sent=161444 dur_ms=15 complete=true error=null time="2025-11-15 14:03:40"
method="GET" path="/gf_6_119.m4s" status=200 tag="video" file_size=1695552 bytes_sent=1695552 dur_ms=85 complete=true error=null time="2025-11-15 14:03:40"
method="GET" path="/gf_10_121.m4s" status=200 tag="video" file_size=158884 bytes_sent=158884 dur_ms=14 complete=true error=null time="2025-11-15 14:03:40"
method="GET" path="/gf_6_120.m4s" status=200 tag="video" file_size=1740594 bytes_sent=1740594 dur_ms=75 complete=true error=null time="2025-11-15 14:03:40"
method="GET" path="/gf_10_122.m4s" status=200 tag="video" file_size=161444 bytes_sent=161444 dur_ms=17 complete=true error=null time="2025-11-15 14:03:40"
method="GET" path="/gf_6_121.m4s" status=200 tag="video" file_size=1781243 bytes_sent=1781243 dur_ms=87 complete=true error=null time="2025-11-15 14:03:40"
method="GET" path="/gf_10_123.m4s" status=200 tag="video" file_size=158884 bytes_sent=158884 dur_ms=14 complete=true error=null time="2025-11-15 14:03:40"
method="GET" path="/gf_6_122.m4s" status=200 tag="video" file_size=1504901 bytes_sent=1504901 dur_ms=70 complete=true error=null time="2025-11-15 14:03:40"
method="GET" path="/gf_10_124.m4s" status=200 tag="video" file_size=161444 bytes_sent=161444 dur_ms=24 complete=true error=null time="2025-11-15 14:03:40"
method="GET" path="/gf_6_123.m4s" status=200 tag="video" file_size=1829184 bytes_sent=1829184 dur_ms=100 complete=true error=null time="2025-11-15 14:03:40"
method="GET" path="/gf_10_125.m4s" status=200 tag="video" file_size=158884 bytes_sent=158884 dur_ms=28 complete=true error=null time="2025-11-15 14:03:40"
method="GET" path="/gf_6_124.m4s" status=200 tag="video" file_size=1726277 bytes_sent=1726277 dur_ms=85 complete=true error=null time="2025-11-15 14:03:40"
method="GET" path="/gf_10_126.m4s" status=200 tag="video" file_size=161444 bytes_sent=161444 dur_ms=22 complete=true error=null time="2025-11-15 14:03:40"
method="GET" path="/gf_6_125.m4s" status=200 tag="video" file_size=1761074 bytes_sent=1761074 dur_ms=81 complete=true error=null time="2025-11-15 14:03:40"
method="GET" path="/gf_10_127.m4s" status=200 tag="video" file_size=158884 bytes_sent=158884 dur_ms=25 complete=true error=null time="2025-11-15 14:03:40"
method="GET" path="/gf_6_126.m4s" status=200 tag="video" file_size=1658317 bytes_sent=1658317 dur_ms=75 complete=true error=null time="2025-11-15 14:03:40"
method="GET" path="/gf_10_128.m4s" status=200 tag="video" file_size=161444 bytes_sent=161444 dur_ms=22 complete=true error=null time="2025-11-15 14:03:41"
method="GET" path="/gf_6_127.m4s" status=200 tag="video" file_size=1841218 bytes_sent=1841218 dur_ms=112 complete=true error=null time="2025-11-15 14:03:41"
method="GET" path="/gf_10_59.m4s" status=200 tag="video" file_size=158884 bytes_sent=158884 dur_ms=25 complete=true error=null time="2025-11-15 14:03:44"
method="GET" path="/gf_6_59.m4s" status=200 tag="video" file_size=1563191 bytes_sent=1563191 dur_ms=91 complete=true error=null time="2025-11-15 14:03:44"
method="GET" path="/gf_10_60.m4s" status=200 tag="video" file_size=161444 bytes_sent=161444 dur_ms=47 complete=true error=null time="2025-11-15 14:03:44"
method="GET" path="/gf_10_61.m4s" status=200 tag="video" file_size=158884 bytes_sent=158884 dur_ms=13 complete=true error=null time="2025-11-15 14:03:44"
method="GET" path="/gf_6_60.m4s" status=200 tag="video" file_size=2235433 bytes_sent=2235433 dur_ms=83 complete=true error=null time="2025-11-15 14:03:44"
method="GET" path="/gf_10_62.m4s" status=200 tag="video" file_size=161444 bytes_sent=161444 dur_ms=18 complete=true error=null time="2025-11-15 14:03:45"
method="GET" path="/gf_6_61.m4s" status=200 tag="video" file_size=1699340 bytes_sent=1699340 dur_ms=74 complete=true error=null time="2025-11-15 14:03:45"
method="GET" path="/gf_10_63.m4s" status=200 tag="video" file_size=158884 bytes_sent=158884 dur_ms=14 complete=true error=null time="2025-11-15 14:03:45"
method="GET" path="/gf_6_62.m4s" status=200 tag="video" file_size=1326510 bytes_sent=1326510 dur_ms=66 complete=true error=null time="2025-11-15 14:03:45"
method="GET" path="/gf_10_64.m4s" status=200 tag="video" file_size=161444 bytes_sent=161444 dur_ms=19 complete=true error=null time="2025-11-15 14:03:45"
method="GET" path="/gf_6_63.m4s" status=200 tag="video" file_size=1660196 bytes_sent=1660196 dur_ms=86 complete=true error=null time="2025-11-15 14:03:45"
method="GET" path="/gf_10_65.m4s" status=200 tag="video" file_size=158884 bytes_sent=158884 dur_ms=13 complete=true error=null time="2025-11-15 14:03:45"
method="GET" path="/gf_6_64.m4s" status=200 tag="video" file_size=1841062 bytes_sent=1841062 dur_ms=91 complete=true error=null time="2025-11-15 14:03:45"
method="GET" path="/gf_10_66.m4s" status=200 tag="video" file_size=161444 bytes_sent=161444 dur_ms=17 complete=true error=null time="2025-11-15 14:03:45"
method="GET" path="/gf_6_65.m4s" status=200 tag="video" file_size=1812985 bytes_sent=1812985 dur_ms=90 complete=true error=null time="2025-11-15 14:03:45"
method="GET" path="/gf_10_67.m4s" status=200 tag="video" file_size=158884 bytes_sent=158884 dur_ms=27 complete=true error=null time="2025-11-15 14:03:45"
method="GET" path="/gf_6_66.m4s" status=200 tag="video" file_size=1729249 bytes_sent=1729249 dur_ms=103 complete=true error=null time="2025-11-15 14:03:45"
method="GET" path="/gf_10_68.m4s" status=200 tag="video" file_size=161444 bytes_sent=161444 dur_ms=14 complete=true error=null time="2025-11-15 14:03:45"
method="GET" path="/gf_6_67.m4s" status=200 tag="video" file_size=1625863 bytes_sent=1625863 dur_ms=79 complete=true error=null time="2025-11-15 14:03:45"
method="GET" path="/gf_6_68.m4s" status=499 tag="video" file_size=1932860 bytes_sent=131072 dur_ms=9 complete=false error="client_closed" time="2025-11-15 14:03:45"
method="GET" path="/gf_10_69.m4s" status=499 tag="video" file_size=158884 bytes_sent=131072 dur_ms=11 complete=false error="client_closed" time="2025-11-15 14:03:45"
method="GET" path="/gf_10_133.m4s" status=200 tag="video" file_size=158884 bytes_sent=158884 dur_ms=21 complete=true error=null time="2025-11-15 14:03:45"
method="GET" path="/gf_6_133.m4s" status=200 tag="video" file_size=1790069 bytes_sent=1790069 dur_ms=88 complete=true error=null time="2025-11-15 14:03:45"
method="GET" path="/gf_10_134.m4s" status=200 tag="video" file_size=161444 bytes_sent=161444 dur_ms=40 complete=true error=null time="2025-11-15 14:03:45"
method="GET" path="/gf_10_135.m4s" status=200 tag="video" file_size=158884 bytes_sent=158884 dur_ms=21 complete=true error=null time="2025-11-15 14:03:45"
method="GET" path="/gf_6_134.m4s" status=200 tag="video" file_size=1596560 bytes_sent=1596560 dur_ms=83 complete=true error=null time="2025-11-15 14:03:46"
method="GET" path="/gf_10_136.m4s" status=200 tag="video" file_size=161444 bytes_sent=161444 dur_ms=25 complete=true error=null time="2025-11-15 14:03:46"
method="GET" path="/gf_6_135.m4s" status=200 tag="video" file_size=1752861 bytes_sent=1752861 dur_ms=93 complete=true error=null time="2025-11-15 14:03:46"
method="GET" path="/gf_10_137.m4s" status=200 tag="video" file_size=158884 bytes_sent=158884 dur_ms=19 complete=true error=null time="2025-11-15 14:03:46"
method="GET" path="/gf_6_136.m4s" status=200 tag="video" file_size=1684990 bytes_sent=1684990 dur_ms=83 complete=true error=null time="2025-11-15 14:03:46"
method="GET" path="/gf_10_138.m4s" status=200 tag="video" file_size=161444 bytes_sent=161444 dur_ms=24 complete=true error=null time="2025-11-15 14:03:46"
method="GET" path="/gf_6_137.m4s" status=200 tag="video" file_size=2126866 bytes_sent=2126866 dur_ms=110 complete=true error=null time="2025-11-15 14:03:46"
method="GET" path="/gf_10_139.m4s" status=200 tag="video" file_size=158884 bytes_sent=158884 dur_ms=16 complete=true error=null time="2025-11-15 14:03:46"
method="GET" path="/gf_6_138.m4s" status=200 tag="video" file_size=1678244 bytes_sent=1678244 dur_ms=90 complete=true error=null time="2025-11-15 14:03:46"
method="GET" path="/gf_10_140.m4s" status=200 tag="video" file_size=161444 bytes_sent=161444 dur_ms=16 complete=true error=null time="2025-11-15 14:03:46"
method="GET" path="/gf_6_139.m4s" status=200 tag="video" file_size=1185249 bytes_sent=1185249 dur_ms=68 complete=true error=null time="2025-11-15 14:03:46"
method="GET" path="/gf_10_141.m4s" status=200 tag="video" file_size=158884 bytes_sent=158884 dur_ms=15 complete=true error=null time="2025-11-15 14:03:46"
method="GET" path="/gf_6_140.m4s" status=200 tag="video" file_size=1746985 bytes_sent=1746985 dur_ms=86 complete=true error=null time="2025-11-15 14:03:46"
method="GET" path="/gf_10_142.m4s" status=200 tag="video" file_size=161444 bytes_sent=161444 dur_ms=14 complete=true error=null time="2025-11-15 14:03:46"
method="GET" path="/gf_6_141.m4s" status=200 tag="video" file_size=2437660 bytes_sent=2437660 dur_ms=99 complete=true error=null time="2025-11-15 14:03:46"
method="GET" path="/gf_10_143.m4s" status=200 tag="video" file_size=158884 bytes_sent=158884 dur_ms=14 complete=true error=null time="2025-11-15 14:03:47"
method="GET" path="/gf_6_142.m4s" status=200 tag="video" file_size=1751165 bytes_sent=1751165 dur_ms=83 complete=true error=null time="2025-11-15 14:03:47"
method="GET" path="/gf_10_144.m4s" status=200 tag="video" file_size=161444 bytes_sent=161444 dur_ms=16 complete=true error=null time="2025-11-15 14:03:47"
method="GET" path="/gf_6_143.m4s" status=200 tag="video" file_size=1739976 bytes_sent=1739976 dur_ms=86 complete=true error=null time="2025-11-15 14:03:47"
method="GET" path="/gf_10_145.m4s" status=200 tag="video" file_size=158884 bytes_sent=158884 dur_ms=14 complete=true error=null time="2025-11-15 14:03:47"
method="GET" path="/gf_6_144.m4s" status=200 tag="video" file_size=1759283 bytes_sent=1759283 dur_ms=81 complete=true error=null time="2025-11-15 14:03:47"
method="GET" path="/gf_10_146.m4s" status=200 tag="video" file_size=161444 bytes_sent=161444 dur_ms=16 complete=true error=null time="2025-11-15 14:03:47"
method="GET" path="/gf_6_145.m4s" status=200 tag="video" file_size=1303764 bytes_sent=1303764 dur_ms=63 complete=true error=null time="2025-11-15 14:03:47"
method="GET" path="/gf_10_147.m4s" status=200 tag="video" file_size=158884 bytes_sent=158884 dur_ms=15 complete=true error=null time="2025-11-15 14:03:47"
method="GET" path="/gf_6_146.m4s" status=200 tag="video" file_size=1882094 bytes_sent=1882094 dur_ms=110 complete=true error=null time="2025-11-15 14:03:47"
method="GET" path="/gf_10_148.m4s" status=200 tag="video" file_size=161444 bytes_sent=161444 dur_ms=15 complete=true error=null time="2025-11-15 14:03:47"
method="GET" path="/gf_6_147.m4s" status=200 tag="video" file_size=1745276 bytes_sent=1745276 dur_ms=85 complete=true error=null time="2025-11-15 14:03:47"
method="GET" path="/gf_10_149.m4s" status=200 tag="video" file_size=161448 bytes_sent=161448 dur_ms=14 complete=true error=null time="2025-11-15 14:03:47"
method="GET" path="/gf_6_148.m4s" status=200 tag="video" file_size=1789892 bytes_sent=1789892 dur_ms=89 complete=true error=null time="2025-11-15 14:03:47"
method="GET" path="/gf_6_149.m4s" status=200 tag="video" file_size=1758467 bytes_sent=1758467 dur_ms=82 complete=true error=null time="2025-11-15 14:03:47"
method="GET" path="/gf_10_91.m4s" status=200 tag="video" file_size=158884 bytes_sent=158884 dur_ms=28 complete=true error=null time="2025-11-15 14:04:01"
method="GET" path="/gf_10_92.m4s" status=200 tag="video" file_size=161444 bytes_sent=161444 dur_ms=23 complete=true error=null time="2025-11-15 14:04:01"
method="GET" path="/gf_6_91.m4s" status=200 tag="video" file_size=1823132 bytes_sent=1823132 dur_ms=97 complete=true error=null time="2025-11-15 14:04:01"
method="GET" path="/gf_10_93.m4s" status=200 tag="video" file_size=158884 bytes_sent=158884 dur_ms=23 complete=true error=null time="2025-11-15 14:04:01"
method="GET" path="/gf_6_92.m4s" status=200 tag="video" file_size=1835683 bytes_sent=1835683 dur_ms=100 complete=true error=null time="2025-11-15 14:04:01"
method="GET" path="/gf_10_94.m4s" status=200 tag="video" file_size=161444 bytes_sent=161444 dur_ms=21 complete=true error=null time="2025-11-15 14:04:01"
method="GET" path="/gf_6_93.m4s" status=200 tag="video" file_size=1639780 bytes_sent=1639780 dur_ms=122 complete=true error=null time="2025-11-15 14:04:01"
method="GET" path="/gf_10_95.m4s" status=200 tag="video" file_size=158884 bytes_sent=158884 dur_ms=25 complete=true error=null time="2025-11-15 14:04:02"
method="GET" path="/gf_6_94.m4s" status=200 tag="video" file_size=1735117 bytes_sent=1735117 dur_ms=92 complete=true error=null time="2025-11-15 14:04:02"
method="GET" path="/gf_10_96.m4s" status=200 tag="video" file_size=161444 bytes_sent=161444 dur_ms=20 complete=true error=null time="2025-11-15 14:04:02"
method="GET" path="/gf_6_95.m4s" status=200 tag="video" file_size=1771389 bytes_sent=1771389 dur_ms=105 complete=true error=null time="2025-11-15 14:04:02"
method="GET" path="/gf_10_97.m4s" status=200 tag="video" file_size=158884 bytes_sent=158884 dur_ms=15 complete=true error=null time="2025-11-15 14:04:02"
method="GET" path="/gf_6_96.m4s" status=200 tag="video" file_size=1678787 bytes_sent=1678787 dur_ms=75 complete=true error=null time="2025-11-15 14:04:02"
method="GET" path="/gf_10_98.m4s" status=200 tag="video" file_size=161444 bytes_sent=161444 dur_ms=24 complete=true error=null time="2025-11-15 14:04:02"
method="GET" path="/gf_6_97.m4s" status=200 tag="video" file_size=1732984 bytes_sent=1732984 dur_ms=99 complete=true error=null time="2025-11-15 14:04:02"
method="GET" path="/gf_10_99.m4s" status=200 tag="video" file_size=158884 bytes_sent=158884 dur_ms=24 complete=true error=null time="2025-11-15 14:04:02"
method="GET" path="/gf_6_98.m4s" status=200 tag="video" file_size=2069780 bytes_sent=2069780 dur_ms=97 complete=true error=null time="2025-11-15 14:04:02"
method="GET" path="/gf_10_100.m4s" status=200 tag="video" file_size=161444 bytes_sent=161444 dur_ms=26 complete=true error=null time="2025-11-15 14:04:02"
method="GET" path="/gf_6_99.m4s" status=200 tag="video" file_size=1670144 bytes_sent=1670144 dur_ms=85 complete=true error=null time="2025-11-15 14:04:02"
method="GET" path="/gf_10_101.m4s" status=200 tag="video" file_size=158884 bytes_sent=158884 dur_ms=13 complete=true error=null time="2025-11-15 14:04:02"
method="GET" path="/gf_6_100.m4s" status=200 tag="video" file_size=1647469 bytes_sent=1647469 dur_ms=86 complete=true error=null time="2025-11-15 14:04:02"
method="GET" path="/gf_10_102.m4s" status=200 tag="video" file_size=161444 bytes_sent=161444 dur_ms=16 complete=true error=null time="2025-11-15 14:04:02"
method="GET" path="/gf_6_101.m4s" status=200 tag="video" file_size=1890002 bytes_sent=1890002 dur_ms=81 complete=true error=null time="2025-11-15 14:04:02"
method="GET" path="/gf_10_103.m4s" status=200 tag="video" file_size=158884 bytes_sent=158884 dur_ms=17 complete=true error=null time="2025-11-15 14:04:02"
method="GET" path="/gf_6_102.m4s" status=200 tag="video" file_size=1512457 bytes_sent=1512457 dur_ms=83 complete=true error=null time="2025-11-15 14:04:03"
method="GET" path="/gf_10_104.m4s" status=200 tag="video" file_size=161444 bytes_sent=161444 dur_ms=17 complete=true error=null time="2025-11-15 14:04:03"
method="GET" path="/gf_6_103.m4s" status=200 tag="video" file_size=1726320 bytes_sent=1726320 dur_ms=82 complete=true error=null time="2025-11-15 14:04:03"
method="GET" path="/gf_10_105.m4s" status=200 tag="video" file_size=158884 bytes_sent=158884 dur_ms=17 complete=true error=null time="2025-11-15 14:04:03"
method="GET" path="/gf_6_104.m4s" status=200 tag="video" file_size=1730009 bytes_sent=1730009 dur_ms=96 complete=true error=null time="2025-11-15 14:04:03"
method="GET" path="/gf_10_106.m4s" status=200 tag="video" file_size=161444 bytes_sent=161444 dur_ms=19 complete=true error=null time="2025-11-15 14:04:03"
method="GET" path="/gf_6_105.m4s" status=200 tag="video" file_size=1961726 bytes_sent=1961726 dur_ms=103 complete=true error=null time="2025-11-15 14:04:03"
method="GET" path="/gf_10_107.m4s" status=200 tag="video" file_size=158884 bytes_sent=158884 dur_ms=12 complete=true error=null time="2025-11-15 14:04:03"
method="GET" path="/gf_6_106.m4s" status=200 tag="video" file_size=1845478 bytes_sent=1845478 dur_ms=85 complete=true error=null time="2025-11-15 14:04:03"
method="GET" path="/gf_10_108.m4s" status=200 tag="video" file_size=161444 bytes_sent=161444 dur_ms=18 complete=true error=null time="2025-11-15 14:04:03"
method="GET" path="/gf_6_107.m4s" status=200 tag="video" file_size=1787458 bytes_sent=1787458 dur_ms=92 complete=true error=null time="2025-11-15 14:04:03"
method="GET" path="/gf_10_109.m4s" status=200 tag="video" file_size=158884 bytes_sent=158884 dur_ms=17 complete=true error=null time="2025-11-15 14:04:03"
method="GET" path="/gf_6_108.m4s" status=200 tag="video" file_size=1245518 bytes_sent=1245518 dur_ms=76 complete=true error=null time="2025-11-15 14:04:03"
method="GET" path="/gf_10_110.m4s" status=200 tag="video" file_size=161444 bytes_sent=161444 dur_ms=15 complete=true error=null time="2025-11-15 14:04:03"
method="GET" path="/gf_6_109.m4s" status=200 tag="video" file_size=1730136 bytes_sent=1730136 dur_ms=81 complete=true error=null time="2025-11-15 14:04:03"
method="GET" path="/gf_10_111.m4s" status=200 tag="video" file_size=158884 bytes_sent=158884 dur_ms=18 complete=true error=null time="2025-11-15 14:04:03"
method="GET" path="/gf_6_110.m4s" status=200 tag="video" file_size=1453558 bytes_sent=1453558 dur_ms=71 complete=true error=null time="2025-11-15 14:04:03"
method="GET" path="/gf_10_112.m4s" status=200 tag="video" file_size=161444 bytes_sent=161444 dur_ms=14 complete=true error=null time="2025-11-15 14:04:03"
method="GET" path="/gf_6_111.m4s" status=200 tag="video" file_size=1840054 bytes_sent=1840054 dur_ms=90 complete=true error=null time="2025-11-15 14:04:04"
method="GET" path="/gf_10_113.m4s" status=200 tag="video" file_size=158884 bytes_sent=158884 dur_ms=18 complete=true error=null time="2025-11-15 14:04:04"
method="GET" path="/gf_6_112.m4s" status=200 tag="video" file_size=1957280 bytes_sent=1957280 dur_ms=105 complete=true error=null time="2025-11-15 14:04:04"
method="GET" path="/gf_10_114.m4s" status=200 tag="video" file_size=161444 bytes_sent=161444 dur_ms=15 complete=true error=null time="2025-11-15 14:04:04"
method="GET" path="/gf_6_113.m4s" status=200 tag="video" file_size=1684509 bytes_sent=1684509 dur_ms=84 complete=true error=null time="2025-11-15 14:04:04"
method="GET" path="/gf_10_115.m4s" status=200 tag="video" file_size=158884 bytes_sent=158884 dur_ms=17 complete=true error=null time="2025-11-15 14:04:04"
method="GET" path="/gf_6_114.m4s" status=200 tag="video" file_size=2140317 bytes_sent=2140317 dur_ms=90 complete=true error=null time="2025-11-15 14:04:04"
method="GET" path="/gf_10_116.m4s" status=200 tag="video" file_size=161444 bytes_sent=161444 dur_ms=17 complete=true error=null time="2025-11-15 14:04:04"
method="GET" path="/gf_6_115.m4s" status=200 tag="video" file_size=1534009 bytes_sent=1534009 dur_ms=76 complete=true error=null time="2025-11-15 14:04:04"
method="GET" path="/gf_10_117.m4s" status=200 tag="video" file_size=158884 bytes_sent=158884 dur_ms=15 complete=true error=null time="2025-11-15 14:04:04"
method="GET" path="/gf_6_116.m4s" status=200 tag="video" file_size=1744507 bytes_sent=1744507 dur_ms=82 complete=true error=null time="2025-11-15 14:04:04"
method="GET" path="/gf_10_118.m4s" status=200 tag="video" file_size=161444 bytes_sent=161444 dur_ms=14 complete=true error=null time="2025-11-15 14:04:04"
method="GET" path="/gf_6_117.m4s" status=200 tag="video" file_size=2119206 bytes_sent=2119206 dur_ms=93 complete=true error=null time="2025-11-15 14:04:04"
method="GET" path="/gf_10_119.m4s" status=200 tag="video" file_size=158884 bytes_sent=158884 dur_ms=17 complete=true error=null time="2025-11-15 14:04:04"
method="GET" path="/gf_6_118.m4s" status=200 tag="video" file_size=1710893 bytes_sent=1710893 dur_ms=89 complete=true error=null time="2025-11-15 14:04:04"
method="GET" path="/gf_10_120.m4s" status=200 tag="video" file_size=161444 bytes_sent=161444 dur_ms=54 complete=true error=null time="2025-11-15 14:04:19"
method="GET" path="/gf_6_119.m4s" status=200 tag="video" file_size=1695552 bytes_sent=1695552 dur_ms=265 complete=true error=null time="2025-11-15 14:04:19"
method="GET" path="/gf_10_121.m4s" status=200 tag="video" file_size=158884 bytes_sent=158884 dur_ms=24 complete=true error=null time="2025-11-15 14:04:20"
method="GET" path="/gf_6_120.m4s" status=499 tag="video" file_size=1740594 bytes_sent=1310720 dur_ms=144 complete=false error="client_closed" time="2025-11-15 14:04:20"
method="GET" path="/gf_10_133.m4s" status=200 tag="video" file_size=158884 bytes_sent=158884 dur_ms=45 complete=true error=null time="2025-11-15 14:04:20"
method="GET" path="/gf_6_133.m4s" status=200 tag="video" file_size=1790069 bytes_sent=1790069 dur_ms=123 complete=true error=null time="2025-11-15 14:04:20"
method="GET" path="/gf_10_134.m4s" status=200 tag="video" file_size=161444 bytes_sent=161444 dur_ms=51 complete=true error=null time="2025-11-15 14:04:20"
method="GET" path="/gf_10_135.m4s" status=200 tag="video" file_size=158884 bytes_sent=158884 dur_ms=15 complete=true error=null time="2025-11-15 14:04:20"
method="GET" path="/gf_6_134.m4s" status=200 tag="video" file_size=1596560 bytes_sent=1596560 dur_ms=105 complete=true error=null time="2025-11-15 14:04:20"
method="GET" path="/gf_10_136.m4s" status=200 tag="video" file_size=161444 bytes_sent=161444 dur_ms=18 complete=true error=null time="2025-11-15 14:04:20"
method="GET" path="/gf_6_135.m4s" status=200 tag="video" file_size=1752861 bytes_sent=1752861 dur_ms=158 complete=true error=null time="2025-11-15 14:04:20"
method="GET" path="/gf_10_137.m4s" status=200 tag="video" file_size=158884 bytes_sent=158884 dur_ms=18 complete=true error=null time="2025-11-15 14:04:20"
method="GET" path="/gf_6_136.m4s" status=200 tag="video" file_size=1684990 bytes_sent=1684990 dur_ms=196 complete=true error=null time="2025-11-15 14:04:21"
method="GET" path="/gf_10_138.m4s" status=200 tag="video" file_size=161444 bytes_sent=161444 dur_ms=108 complete=true error=null time="2025-11-15 14:04:21"
method="GET" path="/gf_6_137.m4s" status=200 tag="video" file_size=2126866 bytes_sent=2126866 dur_ms=333 complete=true error=null time="2025-11-15 14:04:21"
method="GET" path="/gf_10_139.m4s" status=200 tag="video" file_size=158884 bytes_sent=158884 dur_ms=15 complete=true error=null time="2025-11-15 14:04:21"
method="GET" path="/gf_6_138.m4s" status=200 tag="video" file_size=1678244 bytes_sent=1678244 dur_ms=212 complete=true error=null time="2025-11-15 14:04:21"
method="GET" path="/gf_10_140.m4s" status=200 tag="video" file_size=161444 bytes_sent=161444 dur_ms=48 complete=true error=null time="2025-11-15 14:04:21"
method="GET" path="/gf_6_139.m4s" status=200 tag="video" file_size=1185249 bytes_sent=1185249 dur_ms=348 complete=true error=null time="2025-11-15 14:04:22"
method="GET" path="/gf_10_141.m4s" status=200 tag="video" file_size=158884 bytes_sent=158884 dur_ms=20 complete=true error=null time="2025-11-15 14:04:22"
method="GET" path="/gf_6_140.m4s" status=200 tag="video" file_size=1746985 bytes_sent=1746985 dur_ms=213 complete=true error=null time="2025-11-15 14:04:22"
method="GET" path="/gf_10_142.m4s" status=200 tag="video" file_size=161444 bytes_sent=161444 dur_ms=23 complete=true error=null time="2025-11-15 14:04:22"
method="GET" path="/gf_6_141.m4s" status=200 tag="video" file_size=2437660 bytes_sent=2437660 dur_ms=253 complete=true error=null time="2025-11-15 14:04:22"
method="GET" path="/gf_10_143.m4s" status=200 tag="video" file_size=158884 bytes_sent=158884 dur_ms=131 complete=true error=null time="2025-11-15 14:04:23"
method="GET" path="/gf_6_142.m4s" status=200 tag="video" file_size=1751165 bytes_sent=1751165 dur_ms=204 complete=true error=null time="2025-11-15 14:04:23"
method="GET" path="/gf_10_144.m4s" status=200 tag="video" file_size=161444 bytes_sent=161444 dur_ms=97 complete=true error=null time="2025-11-15 14:04:23"
method="GET" path="/gf_6_143.m4s" status=200 tag="video" file_size=1739976 bytes_sent=1739976 dur_ms=325 complete=true error=null time="2025-11-15 14:04:23"
method="GET" path="/gf_10_145.m4s" status=200 tag="video" file_size=158884 bytes_sent=158884 dur_ms=20 complete=true error=null time="2025-11-15 14:04:23"
method="GET" path="/gf_6_144.m4s" status=200 tag="video" file_size=1759283 bytes_sent=1759283 dur_ms=208 complete=true error=null time="2025-11-15 14:04:23"
method="GET" path="/gf_10_146.m4s" status=200 tag="video" file_size=161444 bytes_sent=161444 dur_ms=17 complete=true error=null time="2025-11-15 14:04:23"
method="GET" path="/gf_6_145.m4s" status=200 tag="video" file_size=1303764 bytes_sent=1303764 dur_ms=72 complete=true error=null time="2025-11-15 14:04:23"
method="GET" path="/gf_10_147.m4s" status=200 tag="video" file_size=158884 bytes_sent=158884 dur_ms=57 complete=true error=null time="2025-11-15 14:04:24"
method="GET" path="/gf_6_146.m4s" status=200 tag="video" file_size=1882094 bytes_sent=1882094 dur_ms=139 complete=true error=null time="2025-11-15 14:04:24"
method="GET" path="/gf_10_148.m4s" status=200 tag="video" file_size=161444 bytes_sent=161444 dur_ms=47 complete=true error=null time="2025-11-15 14:04:24"
method="GET" path="/gf_6_147.m4s" status=200 tag="video" file_size=1745276 bytes_sent=1745276 dur_ms=157 complete=true error=null time="2025-11-15 14:04:24"
method="GET" path="/gf_10_149.m4s" status=200 tag="video" file_size=161448 bytes_sent=161448 dur_ms=16 complete=true error=null time="2025-11-15 14:04:24"
method="GET" path="/gf_6_148.m4s" status=200 tag="video" file_size=1789892 bytes_sent=1789892 dur_ms=99 complete=true error=null time="2025-11-15 14:04:24"
method="GET" path="/gf_6_149.m4s" status=200 tag="video" file_size=1758467 bytes_sent=1758467 dur_ms=78 complete=true error=null time="2025-11-15 14:04:24"
method="GET" path="/Godfather.mpd" status=200 tag="mpd" file_size=6331 bytes_sent=6331 dur_ms=2 complete=true error=null time="2025-11-15 15:16:17"
method="GET" path="/Godfather.mpd" status=200 tag="mpd" file_size=6331 bytes_sent=6331 dur_ms=0 complete=true error=null time="2025-11-15 15:16:17"
method="GET" path="/gf_6_.mp4" status=200 tag="video" file_size=999 bytes_sent=999 dur_ms=1 complete=true error=null time="2025-11-15 15:16:17"
method="GET" path="/gf_10_.mp4" status=200 tag="video" file_size=836 bytes_sent=836 dur_ms=0 complete=true error=null time="2025-11-15 15:16:17"
method="GET" path="/gf_10_1.m4s" status=200 tag="video" file_size=169124 bytes_sent=169124 dur_ms=33 complete=true error=null time="2025-11-15 15:16:17"
method="GET" path="/gf_6_1.m4s" status=200 tag="video" file_size=1860167 bytes_sent=1860167 dur_ms=101 complete=true error=null time="2025-11-15 15:16:17"
method="GET" path="/gf_10_2.m4s" status=200 tag="video" file_size=161444 bytes_sent=161444 dur_ms=22 complete=true error=null time="2025-11-15 15:16:17"
method="GET" path="/gf_6_2.m4s" status=200 tag="video" file_size=1853685 bytes_sent=1853685 dur_ms=76 complete=true error=null time="2025-11-15 15:16:18"
method="GET" path="/gf_10_3.m4s" status=200 tag="video" file_size=158884 bytes_sent=158884 dur_ms=25 complete=true error=null time="2025-11-15 15:16:18"
method="GET" path="/gf_6_3.m4s" status=200 tag="video" file_size=1876658 bytes_sent=1876658 dur_ms=90 complete=true error=null time="2025-11-15 15:16:18"
method="GET" path="/gf_10_4.m4s" status=200 tag="video" file_size=161444 bytes_sent=161444 dur_ms=47 complete=true error=null time="2025-11-15 15:16:18"
method="GET" path="/gf_10_5.m4s" status=200 tag="video" file_size=158884 bytes_sent=158884 dur_ms=20 complete=true error=null time="2025-11-15 15:16:18"
method="GET" path="/gf_6_4.m4s" status=200 tag="video" file_size=1682894 bytes_sent=1682894 dur_ms=93 complete=true error=null time="2025-11-15 15:16:18"
method="GET" path="/gf_10_6.m4s" status=200 tag="video" file_size=161444 bytes_sent=161444 dur_ms=17 complete=true error=null time="2025-11-15 15:16:18"
method="GET" path="/gf_6_5.m4s" status=200 tag="video" file_size=1833065 bytes_sent=1833065 dur_ms=86 complete=true error=null time="2025-11-15 15:16:18"
method="GET" path="/gf_10_7.m4s" status=200 tag="video" file_size=158884 bytes_sent=158884 dur_ms=23 complete=true error=null time="2025-11-15 15:16:18"
method="GET" path="/gf_6_6.m4s" status=200 tag="video" file_size=1690840 bytes_sent=1690840 dur_ms=102 complete=true error=null time="2025-11-15 15:16:18"
method="GET" path="/gf_10_8.m4s" status=200 tag="video" file_size=161444 bytes_sent=161444 dur_ms=22 complete=true error=null time="2025-11-15 15:16:18"
method="GET" path="/gf_6_7.m4s" status=200 tag="video" file_size=1727513 bytes_sent=1727513 dur_ms=86 complete=true error=null time="2025-11-15 15:16:18"
method="GET" path="/gf_10_9.m4s" status=200 tag="video" file_size=158884 bytes_sent=158884 dur_ms=17 complete=true error=null time="2025-11-15 15:16:18"
method="GET" path="/gf_6_8.m4s" status=200 tag="video" file_size=1723729 bytes_sent=1723729 dur_ms=81 complete=true error=null time="2025-11-15 15:16:18"
method="GET" path="/gf_10_10.m4s" status=200 tag="video" file_size=161444 bytes_sent=161444 dur_ms=13 complete=true error=null time="2025-11-15 15:16:18"
method="GET" path="/gf_6_9.m4s" status=200 tag="video" file_size=2007745 bytes_sent=2007745 dur_ms=97 complete=true error=null time="2025-11-15 15:16:18"
method="GET" path="/gf_10_11.m4s" status=200 tag="video" file_size=158884 bytes_sent=158884 dur_ms=20 complete=true error=null time="2025-11-15 15:16:19"
method="GET" path="/gf_6_10.m4s" status=200 tag="video" file_size=1797897 bytes_sent=1797897 dur_ms=93 complete=true error=null time="2025-11-15 15:16:19"
method="GET" path="/gf_10_12.m4s" status=200 tag="video" file_size=161444 bytes_sent=161444 dur_ms=14 complete=true error=null time="2025-11-15 15:16:19"
method="GET" path="/gf_6_11.m4s" status=200 tag="video" file_size=1823308 bytes_sent=1823308 dur_ms=133 complete=true error=null time="2025-11-15 15:16:19"
method="GET" path="/gf_10_13.m4s" status=200 tag="video" file_size=158884 bytes_sent=158884 dur_ms=27 complete=true error=null time="2025-11-15 15:16:19"
method="GET" path="/gf_6_12.m4s" status=200 tag="video" file_size=1774807 bytes_sent=1774807 dur_ms=174 complete=true error=null time="2025-11-15 15:16:19"
method="GET" path="/gf_10_14.m4s" status=200 tag="video" file_size=161444 bytes_sent=161444 dur_ms=17 complete=true error=null time="2025-11-15 15:16:19"
method="GET" path="/gf_6_13.m4s" status=200 tag="video" file_size=1823028 bytes_sent=1823028 dur_ms=154 complete=true error=null time="2025-11-15 15:16:19"
method="GET" path="/gf_10_15.m4s" status=200 tag="video" file_size=158884 bytes_sent=158884 dur_ms=16 complete=true error=null time="2025-11-15 15:16:19"
method="GET" path="/gf_6_14.m4s" status=200 tag="video" file_size=2095851 bytes_sent=2095851 dur_ms=79 complete=true error=null time="2025-11-15 15:16:19"
method="GET" path="/gf_10_16.m4s" status=200 tag="video" file_size=161444 bytes_sent=161444 dur_ms=18 complete=true error=null time="2025-11-15 15:16:19"
method="GET" path="/gf_6_15.m4s" status=200 tag="video" file_size=1617300 bytes_sent=1617300 dur_ms=80 complete=true error=null time="2025-11-15 15:16:19"
method="GET" path="/gf_10_17.m4s" status=200 tag="video" file_size=158884 bytes_sent=158884 dur_ms=89 complete=true error=null time="2025-11-15 15:16:20"
method="GET" path="/gf_6_16.m4s" status=200 tag="video" file_size=1667338 bytes_sent=1667338 dur_ms=318 complete=true error=null time="2025-11-15 15:16:20"
method="GET" path="/gf_10_18.m4s" status=200 tag="video" file_size=161444 bytes_sent=161444 dur_ms=28 complete=true error=null time="2025-11-15 15:16:20"
method="GET" path="/gf_6_17.m4s" status=200 tag="video" file_size=1847143 bytes_sent=1847143 dur_ms=214 complete=true error=null time="2025-11-15 15:16:20"
method="GET" path="/gf_10_19.m4s" status=200 tag="video" file_size=158884 bytes_sent=158884 dur_ms=21 complete=true error=null time="2025-11-15 15:16:20"
method="GET" path="/gf_6_18.m4s" status=200 tag="video" file_size=1555187 bytes_sent=1555187 dur_ms=216 complete=true error=null time="2025-11-15 15:16:20"
method="GET" path="/gf_10_20.m4s" status=200 tag="video" file_size=161444 bytes_sent=161444 dur_ms=15 complete=true error=null time="2025-11-15 15:16:20"
method="GET" path="/gf_6_19.m4s" status=200 tag="video" file_size=1765295 bytes_sent=1765295 dur_ms=218 complete=true error=null time="2025-11-15 15:16:21"
method="GET" path="/gf_10_21.m4s" status=200 tag="video" file_size=158884 bytes_sent=158884 dur_ms=16 complete=true error=null time="2025-11-15 15:16:21"
method="GET" path="/gf_6_20.m4s" status=200 tag="video" file_size=1707940 bytes_sent=1707940 dur_ms=179 complete=true error=null time="2025-11-15 15:16:21"
method="GET" path="/gf_10_22.m4s" status=200 tag="video" file_size=161444 bytes_sent=161444 dur_ms=17 complete=true error=null time="2025-11-15 15:16:21"
method="GET" path="/gf_6_21.m4s" status=200 tag="video" file_size=1785920 bytes_sent=1785920 dur_ms=162 complete=true error=null time="2025-11-15 15:16:21"
method="GET" path="/gf_10_23.m4s" status=200 tag="video" file_size=158884 bytes_sent=158884 dur_ms=14 complete=true error=null time="2025-11-15 15:16:21"
method="GET" path="/gf_6_22.m4s" status=200 tag="video" file_size=1724124 bytes_sent=1724124 dur_ms=93 complete=true error=null time="2025-11-15 15:16:21"
method="GET" path="/gf_10_24.m4s" status=200 tag="video" file_size=161444 bytes_sent=161444 dur_ms=18 complete=true error=null time="2025-11-15 15:16:21"
method="GET" path="/gf_6_23.m4s" status=200 tag="video" file_size=1903825 bytes_sent=1903825 dur_ms=96 complete=true error=null time="2025-11-15 15:16:21"
method="GET" path="/gf_10_25.m4s" status=200 tag="video" file_size=158884 bytes_sent=158884 dur_ms=12 complete=true error=null time="2025-11-15 15:16:21"
method="GET" path="/gf_6_24.m4s" status=200 tag="video" file_size=1771921 bytes_sent=1771921 dur_ms=223 complete=true error=null time="2025-11-15 15:16:21"
method="GET" path="/gf_10_26.m4s" status=200 tag="video" file_size=161444 bytes_sent=161444 dur_ms=148 complete=true error=null time="2025-11-15 15:16:22"
method="GET" path="/gf_6_25.m4s" status=200 tag="video" file_size=1811409 bytes_sent=1811409 dur_ms=196 complete=true error=null time="2025-11-15 15:16:22"
method="GET" path="/gf_10_27.m4s" status=200 tag="video" file_size=158884 bytes_sent=158884 dur_ms=13 complete=true error=null time="2025-11-15 15:16:22"
method="GET" path="/gf_6_26.m4s" status=200 tag="video" file_size=1637557 bytes_sent=1637557 dur_ms=240 complete=true error=null time="2025-11-15 15:16:22"
method="GET" path="/gf_10_28.m4s" status=200 tag="video" file_size=161444 bytes_sent=161444 dur_ms=18 complete=true error=null time="2025-11-15 15:16:22"
method="GET" path="/gf_6_27.m4s" status=200 tag="video" file_size=1773023 bytes_sent=1773023 dur_ms=231 complete=true error=null time="2025-11-15 15:16:22"
method="GET" path="/gf_10_29.m4s" status=200 tag="video" file_size=158884 bytes_sent=158884 dur_ms=24 complete=true error=null time="2025-11-15 15:16:22"
method="GET" path="/gf_6_28.m4s" status=200 tag="video" file_size=1400574 bytes_sent=1400574 dur_ms=211 complete=true error=null time="2025-11-15 15:16:23"
method="GET" path="/gf_10_30.m4s" status=200 tag="video" file_size=161444 bytes_sent=161444 dur_ms=38 complete=true error=null time="2025-11-15 15:16:59"
method="GET" path="/gf_6_29.m4s" status=200 tag="video" file_size=1530277 bytes_sent=1530277 dur_ms=97 complete=true error=null time="2025-11-15 15:16:59"
method="GET" path="/gf_10_31.m4s" status=200 tag="video" file_size=158884 bytes_sent=158884 dur_ms=23 complete=true error=null time="2025-11-15 15:16:59"
method="GET" path="/gf_6_30.m4s" status=200 tag="video" file_size=1779673 bytes_sent=1779673 dur_ms=104 complete=true error=null time="2025-11-15 15:16:59"
method="GET" path="/gf_10_32.m4s" status=200 tag="video" file_size=161444 bytes_sent=161444 dur_ms=23 complete=true error=null time="2025-11-15 15:16:59"
method="GET" path="/gf_6_31.m4s" status=200 tag="video" file_size=1693389 bytes_sent=1693389 dur_ms=124 complete=true error=null time="2025-11-15 15:16:59"
method="GET" path="/gf_10_33.m4s" status=200 tag="video" file_size=158884 bytes_sent=158884 dur_ms=24 complete=true error=null time="2025-11-15 15:16:59"
method="GET" path="/gf_6_32.m4s" status=200 tag="video" file_size=1717882 bytes_sent=1717882 dur_ms=99 complete=true error=null time="2025-11-15 15:17:00"
method="GET" path="/gf_10_34.m4s" status=200 tag="video" file_size=161444 bytes_sent=161444 dur_ms=21 complete=true error=null time="2025-11-15 15:17:00"
method="GET" path="/gf_6_33.m4s" status=200 tag="video" file_size=1733053 bytes_sent=1733053 dur_ms=107 complete=true error=null time="2025-11-15 15:17:00"
method="GET" path="/gf_10_35.m4s" status=200 tag="video" file_size=158884 bytes_sent=158884 dur_ms=33 complete=true error=null time="2025-11-15 15:17:00"
method="GET" path="/gf_6_34.m4s" status=200 tag="video" file_size=2337345 bytes_sent=2337345 dur_ms=121 complete=true error=null time="2025-11-15 15:17:00"
method="GET" path="/gf_10_36.m4s" status=200 tag="video" file_size=161444 bytes_sent=161444 dur_ms=22 complete=true error=null time="2025-11-15 15:17:00"
method="GET" path="/gf_6_35.m4s" status=200 tag="video" file_size=1837918 bytes_sent=1837918 dur_ms=110 complete=true error=null time="2025-11-15 15:17:00"
method="GET" path="/gf_10_37.m4s" status=200 tag="video" file_size=158884 bytes_sent=158884 dur_ms=27 complete=true error=null time="2025-11-15 15:17:00"
method="GET" path="/gf_6_36.m4s" status=200 tag="video" file_size=1755207 bytes_sent=1755207 dur_ms=109 complete=true error=null time="2025-11-15 15:17:00"
method="GET" path="/gf_10_38.m4s" status=200 tag="video" file_size=161444 bytes_sent=161444 dur_ms=21 complete=true error=null time="2025-11-15 15:17:00"
method="GET" path="/gf_6_37.m4s" status=200 tag="video" file_size=1646140 bytes_sent=1646140 dur_ms=98 complete=true error=null time="2025-11-15 15:17:00"
method="GET" path="/gf_10_39.m4s" status=200 tag="video" file_size=158884 bytes_sent=158884 dur_ms=23 complete=true error=null time="2025-11-15 15:17:00"
method="GET" path="/gf_6_38.m4s" status=200 tag="video" file_size=1734095 bytes_sent=1734095 dur_ms=107 complete=true error=null time="2025-11-15 15:17:00"
method="GET" path="/gf_10_40.m4s" status=200 tag="video" file_size=161444 bytes_sent=161444 dur_ms=22 complete=true error=null time="2025-11-15 15:17:00"
method="GET" path="/gf_6_39.m4s" status=200 tag="video" file_size=2232647 bytes_sent=2232647 dur_ms=111 complete=true error=null time="2025-11-15 15:17:01"
method="GET" path="/gf_10_41.m4s" status=200 tag="video" file_size=158884 bytes_sent=158884 dur_ms=20 complete=true error=null time="2025-11-15 15:17:01"
method="GET" path="/gf_6_40.m4s" status=200 tag="video" file_size=1803647 bytes_sent=1803647 dur_ms=94 complete=true error=null time="2025-11-15 15:17:01"
method="GET" path="/gf_10_42.m4s" status=200 tag="video" file_size=161444 bytes_sent=161444 dur_ms=22 complete=true error=null time="2025-11-15 15:17:01"
method="GET" path="/gf_6_41.m4s" status=200 tag="video" file_size=1731390 bytes_sent=1731390 dur_ms=105 complete=true error=null time="2025-11-15 15:17:01"
method="GET" path="/gf_10_43.m4s" status=200 tag="video" file_size=158884 bytes_sent=158884 dur_ms=21 complete=true error=null time="2025-11-15 15:17:01"
method="GET" path="/gf_6_42.m4s" status=200 tag="video" file_size=1744046 bytes_sent=1744046 dur_ms=87 complete=true error=null time="2025-11-15 15:17:01"
method="GET" path="/gf_10_44.m4s" status=200 tag="video" file_size=161444 bytes_sent=161444 dur_ms=23 complete=true error=null time="2025-11-15 15:17:01"
method="GET" path="/gf_6_43.m4s" status=200 tag="video" file_size=1176025 bytes_sent=1176025 dur_ms=69 complete=true error=null time="2025-11-15 15:17:01"
method="GET" path="/gf_10_45.m4s" status=200 tag="video" file_size=158884 bytes_sent=158884 dur_ms=26 complete=true error=null time="2025-11-15 15:17:01"
method="GET" path="/gf_6_44.m4s" status=200 tag="video" file_size=1259085 bytes_sent=1259085 dur_ms=79 complete=true error=null time="2025-11-15 15:17:01"
method="GET" path="/gf_10_46.m4s" status=200 tag="video" file_size=161444 bytes_sent=161444 dur_ms=31 complete=true error=null time="2025-11-15 15:17:01"
method="GET" path="/gf_6_45.m4s" status=200 tag="video" file_size=2415465 bytes_sent=2415465 dur_ms=132 complete=true error=null time="2025-11-15 15:17:01"
method="GET" path="/gf_10_47.m4s" status=200 tag="video" file_size=158884 bytes_sent=158884 dur_ms=17 complete=true error=null time="2025-11-15 15:17:01"
method="GET" path="/gf_6_46.m4s" status=200 tag="video" file_size=1710191 bytes_sent=1710191 dur_ms=97 complete=true error=null time="2025-11-15 15:17:01"
method="GET" path="/gf_10_48.m4s" status=200 tag="video" file_size=161444 bytes_sent=161444 dur_ms=18 complete=true error=null time="2025-11-15 15:17:01"
method="GET" path="/gf_6_47.m4s" status=200 tag="video" file_size=1765466 bytes_sent=1765466 dur_ms=93 complete=true error=null time="2025-11-15 15:17:02"
method="GET" path="/Godfather.mpd" status=200 tag="mpd" file_size=6331 bytes_sent=6331 dur_ms=0 complete=true error=null time="2025-11-15 15:32:35"
method="GET" path="/Godfather.mpd" status=200 tag="mpd" file_size=6331 bytes_sent=6331 dur_ms=0 complete=true error=null time="2025-11-15 15:32:35"
method="GET" path="/gf_6_.mp4" status=200 tag="video" file_size=999 bytes_sent=999 dur_ms=1 complete=true error=null time="2025-11-15 15:32:35"
method="GET" path="/gf_10_.mp4" status=200 tag="video" file_size=836 bytes_sent=836 dur_ms=1 complete=true error=null time="2025-11-15 15:32:35"
method="GET" path="/gf_10_1.m4s" status=200 tag="video" file_size=169124 bytes_sent=169124 dur_ms=56 complete=true error=null time="2025-11-15 15:32:35"
method="GET" path="/gf_10_2.m4s" status=200 tag="video" file_size=161444 bytes_sent=161444 dur_ms=107 complete=true error=null time="2025-11-15 15:32:35"
method="GET" path="/gf_6_1.m4s" status=200 tag="video" file_size=1860167 bytes_sent=1860167 dur_ms=385 complete=true error=null time="2025-11-15 15:32:35"
method="GET" path="/gf_10_3.m4s" status=200 tag="video" file_size=158884 bytes_sent=158884 dur_ms=16 complete=true error=null time="2025-11-15 15:32:36"
method="GET" path="/gf_6_2.m4s" status=200 tag="video" file_size=1853685 bytes_sent=1853685 dur_ms=338 complete=true error=null time="2025-11-15 15:32:36"
method="GET" path="/gf_10_4.m4s" status=200 tag="video" file_size=161444 bytes_sent=161444 dur_ms=29 complete=true error=null time="2025-11-15 15:32:36"
method="GET" path="/gf_6_3.m4s" status=200 tag="video" file_size=1876658 bytes_sent=1876658 dur_ms=230 complete=true error=null time="2025-11-15 15:32:36"
method="GET" path="/gf_10_5.m4s" status=200 tag="video" file_size=158884 bytes_sent=158884 dur_ms=141 complete=true error=null time="2025-11-15 15:32:36"
method="GET" path="/gf_6_4.m4s" status=200 tag="video" file_size=1682894 bytes_sent=1682894 dur_ms=187 complete=true error=null time="2025-11-15 15:32:36"
method="GET" path="/gf_10_6.m4s" status=200 tag="video" file_size=161444 bytes_sent=161444 dur_ms=32 complete=true error=null time="2025-11-15 15:32:37"
method="GET" path="/gf_6_5.m4s" status=200 tag="video" file_size=1833065 bytes_sent=1833065 dur_ms=198 complete=true error=null time="2025-11-15 15:32:37"
method="GET" path="/gf_10_7.m4s" status=200 tag="video" file_size=158884 bytes_sent=158884 dur_ms=18 complete=true error=null time="2025-11-15 15:32:37"
method="GET" path="/gf_6_6.m4s" status=200 tag="video" file_size=1690840 bytes_sent=1690840 dur_ms=258 complete=true error=null time="2025-11-15 15:32:37"
method="GET" path="/gf_10_8.m4s" status=200 tag="video" file_size=161444 bytes_sent=161444 dur_ms=18 complete=true error=null time="2025-11-15 15:32:37"
method="GET" path="/gf_6_7.m4s" status=200 tag="video" file_size=1727513 bytes_sent=1727513 dur_ms=141 complete=true error=null time="2025-11-15 15:32:37"
method="GET" path="/gf_10_9.m4s" status=200 tag="video" file_size=158884 bytes_sent=158884 dur_ms=23 complete=true error=null time="2025-11-15 15:32:37"
method="GET" path="/gf_6_8.m4s" status=200 tag="video" file_size=1723729 bytes_sent=1723729 dur_ms=88 complete=true error=null time="2025-11-15 15:32:38"
method="GET" path="/gf_10_10.m4s" status=200 tag="video" file_size=161444 bytes_sent=161444 dur_ms=46 complete=true error=null time="2025-11-15 15:32:38"
method="GET" path="/gf_6_9.m4s" status=200 tag="video" file_size=2007745 bytes_sent=2007745 dur_ms=128 complete=true error=null time="2025-11-15 15:32:38"
method="GET" path="/gf_10_11.m4s" status=200 tag="video" file_size=158884 bytes_sent=158884 dur_ms=66 complete=true error=null time="2025-11-15 15:32:38"
method="GET" path="/gf_6_10.m4s" status=200 tag="video" file_size=1797897 bytes_sent=1797897 dur_ms=167 complete=true error=null time="2025-11-15 15:32:38"
method="GET" path="/gf_10_12.m4s" status=200 tag="video" file_size=161444 bytes_sent=161444 dur_ms=18 complete=true error=null time="2025-11-15 15:32:38"
method="GET" path="/gf_6_11.m4s" status=200 tag="video" file_size=1823308 bytes_sent=1823308 dur_ms=190 complete=true error=null time="2025-11-15 15:32:38"
method="GET" path="/gf_10_13.m4s" status=200 tag="video" file_size=158884 bytes_sent=158884 dur_ms=16 complete=true error=null time="2025-11-15 15:32:38"
method="GET" path="/gf_6_12.m4s" status=200 tag="video" file_size=1774807 bytes_sent=1774807 dur_ms=343 complete=true error=null time="2025-11-15 15:32:39"
method="GET" path="/gf_10_14.m4s" status=200 tag="video" file_size=161444 bytes_sent=161444 dur_ms=104 complete=true error=null time="2025-11-15 15:32:39"
method="GET" path="/gf_6_13.m4s" status=200 tag="video" file_size=1823028 bytes_sent=1823028 dur_ms=278 complete=true error=null time="2025-11-15 15:32:39"
method="GET" path="/gf_10_15.m4s" status=200 tag="video" file_size=158884 bytes_sent=158884 dur_ms=56 complete=true error=null time="2025-11-15 15:32:39"
method="GET" path="/gf_6_14.m4s" status=200 tag="video" file_size=2095851 bytes_sent=2095851 dur_ms=177 complete=true error=null time="2025-11-15 15:32:39"
method="GET" path="/gf_10_16.m4s" status=200 tag="video" file_size=161444 bytes_sent=161444 dur_ms=59 complete=true error=null time="2025-11-15 15:32:39"
method="GET" path="/gf_6_15.m4s" status=200 tag="video" file_size=1617300 bytes_sent=1617300 dur_ms=267 complete=true error=null time="2025-11-15 15:32:40"
method="GET" path="/gf_10_17.m4s" status=200 tag="video" file_size=158884 bytes_sent=158884 dur_ms=42 complete=true error=null time="2025-11-15 15:32:41"
method="GET" path="/gf_6_16.m4s" status=200 tag="video" file_size=1667338 bytes_sent=1667338 dur_ms=118 complete=true error=null time="2025-11-15 15:32:41"
method="GET" path="/gf_10_18.m4s" status=200 tag="video" file_size=161444 bytes_sent=161444 dur_ms=16 complete=true error=null time="2025-11-15 15:32:41"
method="GET" path="/gf_6_17.m4s" status=200 tag="video" file_size=1847143 bytes_sent=1847143 dur_ms=78 complete=true error=null time="2025-11-15 15:32:41"
method="GET" path="/gf_10_19.m4s" status=200 tag="video" file_size=158884 bytes_sent=158884 dur_ms=14 complete=true error=null time="2025-11-15 15:32:41"
method="GET" path="/gf_6_18.m4s" status=200 tag="video" file_size=1555187 bytes_sent=1555187 dur_ms=92 complete=true error=null time="2025-11-15 15:32:41"
method="GET" path="/gf_10_20.m4s" status=200 tag="video" file_size=161444 bytes_sent=161444 dur_ms=14 complete=true error=null time="2025-11-15 15:32:41"
method="GET" path="/gf_6_19.m4s" status=200 tag="video" file_size=1765295 bytes_sent=1765295 dur_ms=75 complete=true error=null time="2025-11-15 15:32:41"
method="GET" path="/gf_10_21.m4s" status=200 tag="video" file_size=158884 bytes_sent=158884 dur_ms=28 complete=true error=null time="2025-11-15 15:32:41"
method="GET" path="/gf_6_20.m4s" status=200 tag="video" file_size=1707940 bytes_sent=1707940 dur_ms=94 complete=true error=null time="2025-11-15 15:32:41"
method="GET" path="/gf_10_22.m4s" status=200 tag="video" file_size=161444 bytes_sent=161444 dur_ms=15 complete=true error=null time="2025-11-15 15:32:41"
method="GET" path="/gf_6_21.m4s" status=200 tag="video" file_size=1785920 bytes_sent=1785920 dur_ms=69 complete=true error=null time="2025-11-15 15:32:41"
method="GET" path="/gf_10_23.m4s" status=200 tag="video" file_size=158884 bytes_sent=158884 dur_ms=17 complete=true error=null time="2025-11-15 15:32:42"
method="GET" path="/gf_6_22.m4s" status=200 tag="video" file_size=1724124 bytes_sent=1724124 dur_ms=81 complete=true error=null time="2025-11-15 15:32:42"
method="GET" path="/gf_10_24.m4s" status=200 tag="video" file_size=161444 bytes_sent=161444 dur_ms=16 complete=true error=null time="2025-11-15 15:32:42"
method="GET" path="/gf_6_23.m4s" status=200 tag="video" file_size=1903825 bytes_sent=1903825 dur_ms=79 complete=true error=null time="2025-11-15 15:32:42"
method="GET" path="/gf_10_25.m4s" status=200 tag="video" file_size=158884 bytes_sent=158884 dur_ms=16 complete=true error=null time="2025-11-15 15:32:42"
method="GET" path="/gf_6_24.m4s" status=200 tag="video" file_size=1771921 bytes_sent=1771921 dur_ms=92 complete=true error=null time="2025-11-15 15:32:42"
method="GET" path="/gf_10_26.m4s" status=200 tag="video" file_size=161444 bytes_sent=161444 dur_ms=17 complete=true error=null time="2025-11-15 15:32:42"
method="GET" path="/gf_6_25.m4s" status=200 tag="video" file_size=1811409 bytes_sent=1811409 dur_ms=83 complete=true error=null time="2025-11-15 15:32:42"
method="GET" path="/gf_10_79.m4s" status=200 tag="video" file_size=158884 bytes_sent=158884 dur_ms=22 complete=true error=null time="2025-11-15 15:32:42"
method="GET" path="/gf_10_80.m4s" status=200 tag="video" file_size=161444 bytes_sent=161444 dur_ms=37 complete=true error=null time="2025-11-15 15:32:42"
method="GET" path="/gf_6_79.m4s" status=200 tag="video" file_size=1961254 bytes_sent=1961254 dur_ms=108 complete=true error=null time="2025-11-15 15:32:42"
method="GET" path="/gf_10_81.m4s" status=200 tag="video" file_size=158884 bytes_sent=158884 dur_ms=20 complete=true error=null time="2025-11-15 15:32:42"
method="GET" path="/gf_6_80.m4s" status=200 tag="video" file_size=1749418 bytes_sent=1749418 dur_ms=87 complete=true error=null time="2025-11-15 15:32:42"
method="GET" path="/gf_10_82.m4s" status=200 tag="video" file_size=161444 bytes_sent=161444 dur_ms=20 complete=true error=null time="2025-11-15 15:32:42"
method="GET" path="/gf_6_81.m4s" status=200 tag="video" file_size=1668735 bytes_sent=1668735 dur_ms=84 complete=true error=null time="2025-11-15 15:32:42"
method="GET" path="/gf_10_83.m4s" status=200 tag="video" file_size=158884 bytes_sent=158884 dur_ms=22 complete=true error=null time="2025-11-15 15:32:42"
method="GET" path="/gf_6_82.m4s" status=200 tag="video" file_size=1682871 bytes_sent=1682871 dur_ms=107 complete=true error=null time="2025-11-15 15:32:42"
method="GET" path="/gf_10_84.m4s" status=200 tag="video" file_size=161444 bytes_sent=161444 dur_ms=25 complete=true error=null time="2025-11-15 15:32:42"
method="GET" path="/gf_6_83.m4s" status=200 tag="video" file_size=1910507 bytes_sent=1910507 dur_ms=125 complete=true error=null time="2025-11-15 15:32:43"
method="GET" path="/gf_10_85.m4s" status=200 tag="video" file_size=158884 bytes_sent=158884 dur_ms=22 complete=true error=null time="2025-11-15 15:32:43"
method="GET" path="/gf_6_84.m4s" status=200 tag="video" file_size=1814530 bytes_sent=1814530 dur_ms=100 complete=true error=null time="2025-11-15 15:32:43"
method="GET" path="/gf_10_86.m4s" status=200 tag="video" file_size=161444 bytes_sent=161444 dur_ms=23 complete=true error=null time="2025-11-15 15:32:43"
method="GET" path="/gf_6_85.m4s" status=200 tag="video" file_size=1764798 bytes_sent=1764798 dur_ms=98 complete=true error=null time="2025-11-15 15:32:43"
method="GET" path="/gf_10_87.m4s" status=200 tag="video" file_size=158884 bytes_sent=158884 dur_ms=21 complete=true error=null time="2025-11-15 15:32:43"
method="GET" path="/gf_6_86.m4s" status=200 tag="video" file_size=2097691 bytes_sent=2097691 dur_ms=100 complete=true error=null time="2025-11-15 15:32:43"
method="GET" path="/gf_10_88.m4s" status=200 tag="video" file_size=161444 bytes_sent=161444 dur_ms=19 complete=true error=null time="2025-11-15 15:32:43"
method="GET" path="/gf_6_87.m4s" status=200 tag="video" file_size=1256884 bytes_sent=1256884 dur_ms=81 complete=true error=null time="2025-11-15 15:32:43"
method="GET" path="/gf_10_105.m4s" status=200 tag="video" file_size=158884 bytes_sent=158884 dur_ms=14 complete=true error=null time="2025-11-15 15:32:43"
method="GET" path="/gf_10_106.m4s" status=200 tag="video" file_size=161444 bytes_sent=161444 dur_ms=24 complete=true error=null time="2025-11-15 15:32:43"
method="GET" path="/gf_6_105.m4s" status=200 tag="video" file_size=1961726 bytes_sent=1961726 dur_ms=98 complete=true error=null time="2025-11-15 15:32:43"
method="GET" path="/gf_10_107.m4s" status=200 tag="video" file_size=158884 bytes_sent=158884 dur_ms=13 complete=true error=null time="2025-11-15 15:32:43"
method="GET" path="/gf_6_106.m4s" status=200 tag="video" file_size=1845478 bytes_sent=1845478 dur_ms=91 complete=true error=null time="2025-11-15 15:32:43"
method="GET" path="/gf_10_108.m4s" status=200 tag="video" file_size=161444 bytes_sent=161444 dur_ms=13 complete=true error=null time="2025-11-15 15:32:43"
method="GET" path="/gf_6_107.m4s" status=200 tag="video" file_size=1787458 bytes_sent=1787458 dur_ms=81 complete=true error=null time="2025-11-15 15:32:43"
method="GET" path="/gf_10_109.m4s" status=200 tag="video" file_size=158884 bytes_sent=158884 dur_ms=13 complete=true error=null time="2025-11-15 15:32:43"
method="GET" path="/gf_6_108.m4s" status=200 tag="video" file_size=1245518 bytes_sent=1245518 dur_ms=59 complete=true error=null time="2025-11-15 15:32:43"
method="GET" path="/gf_10_110.m4s" status=200 tag="video" file_size=161444 bytes_sent=161444 dur_ms=15 complete=true error=null time="2025-11-15 15:32:44"
method="GET" path="/gf_6_109.m4s" status=200 tag="video" file_size=1730136 bytes_sent=1730136 dur_ms=83 complete=true error=null time="2025-11-15 15:32:44"
method="GET" path="/gf_10_111.m4s" status=200 tag="video" file_size=158884 bytes_sent=158884 dur_ms=13 complete=true error=null time="2025-11-15 15:32:44"
method="GET" path="/gf_6_110.m4s" status=200 tag="video" file_size=1453558 bytes_sent=1453558 dur_ms=77 complete=true error=null time="2025-11-15 15:32:44"
method="GET" path="/gf_10_112.m4s" status=200 tag="video" file_size=161444 bytes_sent=161444 dur_ms=17 complete=true error=null time="2025-11-15 15:32:44"
method="GET" path="/gf_6_111.m4s" status=200 tag="video" file_size=1840054 bytes_sent=1840054 dur_ms=93 complete=true error=null time="2025-11-15 15:32:44"
method="GET" path="/gf_10_113.m4s" status=200 tag="video" file_size=158884 bytes_sent=158884 dur_ms=22 complete=true error=null time="2025-11-15 15:32:44"
method="GET" path="/gf_6_112.m4s" status=200 tag="video" file_size=1957280 bytes_sent=1957280 dur_ms=104 complete=true error=null time="2025-11-15 15:32:44"
method="GET" path="/gf_10_114.m4s" status=200 tag="video" file_size=161444 bytes_sent=161444 dur_ms=13 complete=true error=null time="2025-11-15 15:32:44"
method="GET" path="/gf_6_113.m4s" status=200 tag="video" file_size=1684509 bytes_sent=1684509 dur_ms=81 complete=true error=null time="2025-11-15 15:32:44"
method="GET" path="/gf_10_115.m4s" status=200 tag="video" file_size=158884 bytes_sent=158884 dur_ms=16 complete=true error=null time="2025-11-15 15:32:44"
method="GET" path="/gf_6_114.m4s" status=200 tag="video" file_size=2140317 bytes_sent=2140317 dur_ms=100 complete=true error=null time="2025-11-15 15:32:44"
method="GET" path="/gf_10_116.m4s" status=200 tag="video" file_size=161444 bytes_sent=161444 dur_ms=16 complete=true error=null time="2025-11-15 15:32:44"
method="GET" path="/gf_6_115.m4s" status=200 tag="video" file_size=1534009 bytes_sent=1534009 dur_ms=73 complete=true error=null time="2025-11-15 15:32:44"
method="GET" path="/gf_10_117.m4s" status=200 tag="video" file_size=158884 bytes_sent=158884 dur_ms=14 complete=true error=null time="2025-11-15 15:32:44"
method="GET" path="/gf_6_116.m4s" status=200 tag="video" file_size=1744507 bytes_sent=1744507 dur_ms=79 complete=true error=null time="2025-11-15 15:32:44"
method="GET" path="/gf_10_118.m4s" status=200 tag="video" file_size=161444 bytes_sent=161444 dur_ms=15 complete=true error=null time="2025-11-15 15:32:44"
method="GET" path="/gf_6_117.m4s" status=200 tag="video" file_size=2119206 bytes_sent=2119206 dur_ms=90 complete=true error=null time="2025-11-15 15:32:45"
method="GET" path="/gf_10_119.m4s" status=200 tag="video" file_size=158884 bytes_sent=158884 dur_ms=16 complete=true error=null time="2025-11-15 15:32:45"
method="GET" path="/gf_6_118.m4s" status=200 tag="video" file_size=1710893 bytes_sent=1710893 dur_ms=82 complete=true error=null time="2025-11-15 15:32:45"
method="GET" path="/gf_10_120.m4s" status=200 tag="video" file_size=161444 bytes_sent=161444 dur_ms=14 complete=true error=null time="2025-11-15 15:32:45"
method="GET" path="/gf_6_119.m4s" status=200 tag="video" file_size=1695552 bytes_sent=1695552 dur_ms=84 complete=true error=null time="2025-11-15 15:32:45"
method="GET" path="/gf_10_121.m4s" status=200 tag="video" file_size=158884 bytes_sent=158884 dur_ms=16 complete=true error=null time="2025-11-15 15:32:45"
method="GET" path="/gf_6_120.m4s" status=200 tag="video" file_size=1740594 bytes_sent=1740594 dur_ms=97 complete=true error=null time="2025-11-15 15:32:45"
method="GET" path="/gf_10_122.m4s" status=200 tag="video" file_size=161444 bytes_sent=161444 dur_ms=20 complete=true error=null time="2025-11-15 15:32:45"
method="GET" path="/gf_6_121.m4s" status=200 tag="video" file_size=1781243 bytes_sent=1781243 dur_ms=86 complete=true error=null time="2025-11-15 15:32:45"
method="GET" path="/gf_10_123.m4s" status=200 tag="video" file_size=158884 bytes_sent=158884 dur_ms=14 complete=true error=null time="2025-11-15 15:32:45"
method="GET" path="/gf_6_122.m4s" status=200 tag="video" file_size=1504901 bytes_sent=1504901 dur_ms=75 complete=true error=null time="2025-11-15 15:32:45"
method="GET" path="/gf_10_124.m4s" status=200 tag="video" file_size=161444 bytes_sent=161444 dur_ms=14 complete=true error=null time="2025-11-15 15:32:45"
method="GET" path="/gf_6_123.m4s" status=200 tag="video" file_size=1829184 bytes_sent=1829184 dur_ms=93 complete=true error=null time="2025-11-15 15:32:45"
method="GET" path="/gf_10_125.m4s" status=200 tag="video" file_size=158884 bytes_sent=158884 dur_ms=15 complete=true error=null time="2025-11-15 15:32:45"
method="GET" path="/gf_6_124.m4s" status=200 tag="video" file_size=1726277 bytes_sent=1726277 dur_ms=89 complete=true error=null time="2025-11-15 15:32:45"
method="GET" path="/gf_10_126.m4s" status=200 tag="video" file_size=161444 bytes_sent=161444 dur_ms=28 complete=true error=null time="2025-11-15 15:32:45"
method="GET" path="/gf_6_125.m4s" status=200 tag="video" file_size=1761074 bytes_sent=1761074 dur_ms=91 complete=true error=null time="2025-11-15 15:32:45"
method="GET" path="/gf_10_127.m4s" status=200 tag="video" file_size=158884 bytes_sent=158884 dur_ms=13 complete=true error=null time="2025-11-15 15:32:45"
method="GET" path="/gf_6_126.m4s" status=200 tag="video" file_size=1658317 bytes_sent=1658317 dur_ms=88 complete=true error=null time="2025-11-15 15:32:46"
method="GET" path="/gf_10_128.m4s" status=200 tag="video" file_size=161444 bytes_sent=161444 dur_ms=19 complete=true error=null time="2025-11-15 15:32:46"
method="GET" path="/gf_6_127.m4s" status=200 tag="video" file_size=1841218 bytes_sent=1841218 dur_ms=87 complete=true error=null time="2025-11-15 15:32:46"
method="GET" path="/gf_10_129.m4s" status=200 tag="video" file_size=158884 bytes_sent=158884 dur_ms=27 complete=true error=null time="2025-11-15 15:32:46"
method="GET" path="/gf_6_128.m4s" status=200 tag="video" file_size=1774281 bytes_sent=1774281 dur_ms=93 complete=true error=null time="2025-11-15 15:32:46"
method="GET" path="/gf_10_130.m4s" status=200 tag="video" file_size=161444 bytes_sent=161444 dur_ms=22 complete=true error=null time="2025-11-15 15:32:46"
method="GET" path="/gf_6_129.m4s" status=200 tag="video" file_size=1598739 bytes_sent=1598739 dur_ms=84 complete=true error=null time="2025-11-15 15:32:46"
method="GET" path="/gf_10_131.m4s" status=200 tag="video" file_size=158884 bytes_sent=158884 dur_ms=23 complete=true error=null time="2025-11-15 15:32:46"
method="GET" path="/gf_6_130.m4s" status=200 tag="video" file_size=1704317 bytes_sent=1704317 dur_ms=91 complete=true error=null time="2025-11-15 15:32:46"
method="GET" path="/gf_10_132.m4s" status=200 tag="video" file_size=161444 bytes_sent=161444 dur_ms=26 complete=true error=null time="2025-11-15 15:32:46"
method="GET" path="/gf_6_131.m4s" status=200 tag="video" file_size=1501104 bytes_sent=1501104 dur_ms=83 complete=true error=null time="2025-11-15 15:32:46"
time="2025-11-15 16:34:07" method="GET" path="/Godfather.mpd" status=200 tag="mpd" file_size=6331 bytes_sent=6331 dur_ms=1 complete=true error=null
time="2025-11-15 16:34:07" method="GET" path="/Godfather.mpd" status=200 tag="mpd" file_size=6331 bytes_sent=6331 dur_ms=0 complete=true error=null
time="2025-11-15 16:34:07" method="GET" path="/gf_4_.mp4" status=200 tag="video" file_size=999 bytes_sent=999 dur_ms=0 complete=true error=null
time="2025-11-15 16:34:07" method="GET" path="/gf_10_.mp4" status=200 tag="video" file_size=836 bytes_sent=836 dur_ms=0 complete=true error=null
time="2025-11-15 16:34:07" method="GET" path="/gf_10_1.m4s" status=200 tag="video" file_size=169124 bytes_sent=169124 dur_ms=16 complete=true error=null
time="2025-11-15 16:34:07" method="GET" path="/gf_4_1.m4s" status=200 tag="video" file_size=389602 bytes_sent=389602 dur_ms=31 complete=true error=null
time="2025-11-15 16:34:07" method="GET" path="/gf_10_2.m4s" status=200 tag="video" file_size=161444 bytes_sent=161444 dur_ms=12 complete=true error=null
time="2025-11-15 16:34:07" method="GET" path="/gf_4_2.m4s" status=200 tag="video" file_size=389630 bytes_sent=389630 dur_ms=26 complete=true error=null
time="2025-11-15 16:34:07" method="GET" path="/gf_10_3.m4s" status=200 tag="video" file_size=158884 bytes_sent=158884 dur_ms=29 complete=true error=null
time="2025-11-15 16:34:07" method="GET" path="/gf_4_3.m4s" status=200 tag="video" file_size=393238 bytes_sent=393238 dur_ms=67 complete=true error=null
time="2025-11-15 16:34:07" method="GET" path="/gf_10_4.m4s" status=200 tag="video" file_size=161444 bytes_sent=161444 dur_ms=17 complete=true error=null
time="2025-11-15 16:34:07" method="GET" path="/gf_4_4.m4s" status=200 tag="video" file_size=373380 bytes_sent=373380 dur_ms=33 complete=true error=null
time="2025-11-15 16:34:07" method="GET" path="/gf_10_5.m4s" status=200 tag="video" file_size=158884 bytes_sent=158884 dur_ms=19 complete=true error=null
time="2025-11-15 16:34:07" method="GET" path="/gf_10_6.m4s" status=200 tag="video" file_size=161444 bytes_sent=161444 dur_ms=19 complete=true error=null
time="2025-11-15 16:34:07" method="GET" path="/gf_4_5.m4s" status=200 tag="video" file_size=383285 bytes_sent=383285 dur_ms=25 complete=true error=null
time="2025-11-15 16:34:07" method="GET" path="/gf_10_7.m4s" status=200 tag="video" file_size=158884 bytes_sent=158884 dur_ms=16 complete=true error=null
time="2025-11-15 16:34:07" method="GET" path="/gf_4_6.m4s" status=200 tag="video" file_size=375159 bytes_sent=375159 dur_ms=36 complete=true error=null
time="2025-11-15 16:34:07" method="GET" path="/gf_6_.mp4" status=200 tag="video" file_size=999 bytes_sent=999 dur_ms=0 complete=true error=null
time="2025-11-15 16:34:07" method="GET" path="/gf_10_8.m4s" status=200 tag="video" file_size=161444 bytes_sent=161444 dur_ms=15 complete=true error=null
time="2025-11-15 16:34:07" method="GET" path="/gf_6_7.m4s" status=200 tag="video" file_size=1727513 bytes_sent=1727513 dur_ms=77 complete=true error=null
time="2025-11-15 16:34:07" method="GET" path="/gf_10_9.m4s" status=200 tag="video" file_size=158884 bytes_sent=158884 dur_ms=19 complete=true error=null
time="2025-11-15 16:34:07" method="GET" path="/gf_6_8.m4s" status=200 tag="video" file_size=1723729 bytes_sent=1723729 dur_ms=77 complete=true error=null
time="2025-11-15 16:34:07" method="GET" path="/gf_10_10.m4s" status=200 tag="video" file_size=161444 bytes_sent=161444 dur_ms=17 complete=true error=null
time="2025-11-15 16:34:07" method="GET" path="/gf_6_9.m4s" status=200 tag="video" file_size=2007745 bytes_sent=2007745 dur_ms=72 complete=true error=null
time="2025-11-15 16:34:08" method="GET" path="/gf_10_11.m4s" status=200 tag="video" file_size=158884 bytes_sent=158884 dur_ms=18 complete=true error=null
time="2025-11-15 16:34:08" method="GET" path="/gf_6_10.m4s" status=200 tag="video" file_size=1797897 bytes_sent=1797897 dur_ms=87 complete=true error=null
time="2025-11-15 16:34:08" method="GET" path="/gf_10_12.m4s" status=200 tag="video" file_size=161444 bytes_sent=161444 dur_ms=14 complete=true error=null
time="2025-11-15 16:34:08" method="GET" path="/gf_6_11.m4s" status=200 tag="video" file_size=1823308 bytes_sent=1823308 dur_ms=95 complete=true error=null
time="2025-11-15 16:34:08" method="GET" path="/gf_10_13.m4s" status=200 tag="video" file_size=158884 bytes_sent=158884 dur_ms=14 complete=true error=null
time="2025-11-15 16:34:08" method="GET" path="/gf_6_12.m4s" status=200 tag="video" file_size=1774807 bytes_sent=1774807 dur_ms=84 complete=true error=null
time="2025-11-15 16:34:08" method="GET" path="/gf_10_14.m4s" status=200 tag="video" file_size=161444 bytes_sent=161444 dur_ms=13 complete=true error=null
time="2025-11-15 16:34:08" method="GET" path="/gf_6_13.m4s" status=200 tag="video" file_size=1823028 bytes_sent=1823028 dur_ms=75 complete=true error=null
time="2025-11-15 16:34:08" method="GET" path="/gf_10_15.m4s" status=200 tag="video" file_size=158884 bytes_sent=158884 dur_ms=19 complete=true error=null
time="2025-11-15 16:34:08" method="GET" path="/gf_6_14.m4s" status=200 tag="video" file_size=2095851 bytes_sent=2095851 dur_ms=91 complete=true error=null
time="2025-11-15 16:34:08" method="GET" path="/gf_10_16.m4s" status=200 tag="video" file_size=161444 bytes_sent=161444 dur_ms=14 complete=true error=null
time="2025-11-15 16:34:08" method="GET" path="/gf_6_15.m4s" status=200 tag="video" file_size=1617300 bytes_sent=1617300 dur_ms=74 complete=true error=null
time="2025-11-15 16:34:08" method="GET" path="/gf_10_17.m4s" status=200 tag="video" file_size=158884 bytes_sent=158884 dur_ms=14 complete=true error=null
time="2025-11-15 16:34:08" method="GET" path="/gf_6_16.m4s" status=200 tag="video" file_size=1667338 bytes_sent=1667338 dur_ms=83 complete=true error=null
time="2025-11-15 16:34:08" method="GET" path="/gf_10_18.m4s" status=200 tag="video" file_size=161444 bytes_sent=161444 dur_ms=20 complete=true error=null
time="2025-11-15 16:34:08" method="GET" path="/gf_6_17.m4s" status=200 tag="video" file_size=1847143 bytes_sent=1847143 dur_ms=88 complete=true error=null
time="2025-11-15 16:34:08" method="GET" path="/gf_10_19.m4s" status=200 tag="video" file_size=158884 bytes_sent=158884 dur_ms=14 complete=true error=null
time="2025-11-15 16:34:09" method="GET" path="/gf_6_18.m4s" status=200 tag="video" file_size=1555187 bytes_sent=1555187 dur_ms=78 complete=true error=null
time="2025-11-15 16:34:09" method="GET" path="/gf_10_20.m4s" status=200 tag="video" file_size=161444 bytes_sent=161444 dur_ms=20 complete=true error=null
time="2025-11-15 16:34:09" method="GET" path="/gf_6_19.m4s" status=200 tag="video" file_size=1765295 bytes_sent=1765295 dur_ms=102 complete=true error=null
time="2025-11-15 16:34:09" method="GET" path="/gf_10_21.m4s" status=200 tag="video" file_size=158884 bytes_sent=158884 dur_ms=18 complete=true error=null
time="2025-11-15 16:34:09" method="GET" path="/gf_6_20.m4s" status=200 tag="video" file_size=1707940 bytes_sent=1707940 dur_ms=107 complete=true error=null
time="2025-11-15 16:34:09" method="GET" path="/gf_10_22.m4s" status=200 tag="video" file_size=161444 bytes_sent=161444 dur_ms=15 complete=true error=null
time="2025-11-15 16:34:09" method="GET" path="/gf_6_21.m4s" status=200 tag="video" file_size=1785920 bytes_sent=1785920 dur_ms=90 complete=true error=null
time="2025-11-15 16:34:09" method="GET" path="/gf_10_23.m4s" status=200 tag="video" file_size=158884 bytes_sent=158884 dur_ms=19 complete=true error=null
time="2025-11-15 16:34:09" method="GET" path="/gf_6_22.m4s" status=200 tag="video" file_size=1724124 bytes_sent=1724124 dur_ms=85 complete=true error=null
time="2025-11-15 16:34:09" method="GET" path="/gf_10_24.m4s" status=200 tag="video" file_size=161444 bytes_sent=161444 dur_ms=17 complete=true error=null
time="2025-11-15 16:34:09" method="GET" path="/gf_6_23.m4s" status=200 tag="video" file_size=1903825 bytes_sent=1903825 dur_ms=93 complete=true error=null
time="2025-11-15 16:34:09" method="GET" path="/gf_10_25.m4s" status=200 tag="video" file_size=158884 bytes_sent=158884 dur_ms=18 complete=true error=null
time="2025-11-15 16:34:09" method="GET" path="/gf_6_24.m4s" status=200 tag="video" file_size=1771921 bytes_sent=1771921 dur_ms=81 complete=true error=null
time="2025-11-15 16:34:09" method="GET" path="/gf_10_26.m4s" status=200 tag="video" file_size=161444 bytes_sent=161444 dur_ms=13 complete=true error=null
time="2025-11-15 16:34:09" method="GET" path="/gf_6_25.m4s" status=200 tag="video" file_size=1811409 bytes_sent=1811409 dur_ms=91 complete=true error=null
time="2025-11-15 16:34:09" method="GET" path="/gf_10_27.m4s" status=200 tag="video" file_size=158884 bytes_sent=158884 dur_ms=11 complete=true error=null
time="2025-11-15 16:34:10" method="GET" path="/gf_6_26.m4s" status=200 tag="video" file_size=1637557 bytes_sent=1637557 dur_ms=89 complete=true error=null
time="2025-11-15 16:34:10" method="GET" path="/gf_10_28.m4s" status=200 tag="video" file_size=161444 bytes_sent=161444 dur_ms=17 complete=true error=null
time="2025-11-15 16:34:10" method="GET" path="/gf_6_27.m4s" status=200 tag="video" file_size=1773023 bytes_sent=1773023 dur_ms=90 complete=true error=null
method="GET" path="/Godfather.mpd" status=200 tag="mpd" file_size=6331 bytes_sent=6331 dur_ms=1 complete=true error=null time="2025-11-15 16:34:39"
method="GET" path="/Godfather.mpd" status=200 tag="mpd" file_size=6331 bytes_sent=6331 dur_ms=0 complete=true error=null time="2025-11-15 16:34:39"
method="GET" path="/gf_10_.mp4" status=200 tag="video" file_size=836 bytes_sent=836 dur_ms=1 complete=true error=null time="2025-11-15 16:34:39"
method="GET" path="/gf_6_.mp4" status=200 tag="video" file_size=999 bytes_sent=999 dur_ms=1 complete=true error=null time="2025-11-15 16:34:39"
method="GET" path="/gf_10_1.m4s" status=200 tag="video" file_size=169124 bytes_sent=169124 dur_ms=30 complete=true error=null time="2025-11-15 16:34:39"
method="GET" path="/gf_6_1.m4s" status=200 tag="video" file_size=1860167 bytes_sent=1860167 dur_ms=83 complete=true error=null time="2025-11-15 16:34:39"
method="GET" path="/gf_10_2.m4s" status=200 tag="video" file_size=161444 bytes_sent=161444 dur_ms=16 complete=true error=null time="2025-11-15 16:34:39"
method="GET" path="/gf_10_3.m4s" status=200 tag="video" file_size=158884 bytes_sent=158884 dur_ms=16 complete=true error=null time="2025-11-15 16:34:39"
method="GET" path="/gf_6_2.m4s" status=200 tag="video" file_size=1853685 bytes_sent=1853685 dur_ms=105 complete=true error=null time="2025-11-15 16:34:39"
method="GET" path="/gf_10_4.m4s" status=200 tag="video" file_size=161444 bytes_sent=161444 dur_ms=16 complete=true error=null time="2025-11-15 16:34:39"
method="GET" path="/gf_6_3.m4s" status=200 tag="video" file_size=1876658 bytes_sent=1876658 dur_ms=108 complete=true error=null time="2025-11-15 16:34:39"
method="GET" path="/gf_10_5.m4s" status=200 tag="video" file_size=158884 bytes_sent=158884 dur_ms=13 complete=true error=null time="2025-11-15 16:34:39"
method="GET" path="/gf_6_4.m4s" status=200 tag="video" file_size=1682894 bytes_sent=1682894 dur_ms=88 complete=true error=null time="2025-11-15 16:34:39"
method="GET" path="/gf_10_6.m4s" status=200 tag="video" file_size=161444 bytes_sent=161444 dur_ms=16 complete=true error=null time="2025-11-15 16:34:39"
method="GET" path="/gf_6_5.m4s" status=200 tag="video" file_size=1833065 bytes_sent=1833065 dur_ms=105 complete=true error=null time="2025-11-15 16:34:39"
method="GET" path="/gf_10_7.m4s" status=200 tag="video" file_size=158884 bytes_sent=158884 dur_ms=17 complete=true error=null time="2025-11-15 16:34:39"
method="GET" path="/gf_6_6.m4s" status=200 tag="video" file_size=1690840 bytes_sent=1690840 dur_ms=79 complete=true error=null time="2025-11-15 16:34:40"
method="GET" path="/gf_10_8.m4s" status=200 tag="video" file_size=161444 bytes_sent=161444 dur_ms=26 complete=true error=null time="2025-11-15 16:34:40"
method="GET" path="/gf_6_7.m4s" status=200 tag="video" file_size=1727513 bytes_sent=1727513 dur_ms=98 complete=true error=null time="2025-11-15 16:34:40"
method="GET" path="/gf_10_9.m4s" status=200 tag="video" file_size=158884 bytes_sent=158884 dur_ms=17 complete=true error=null time="2025-11-15 16:34:40"
method="GET" path="/gf_6_8.m4s" status=200 tag="video" file_size=1723729 bytes_sent=1723729 dur_ms=100 complete=true error=null time="2025-11-15 16:34:40"
method="GET" path="/gf_10_10.m4s" status=200 tag="video" file_size=161444 bytes_sent=161444 dur_ms=17 complete=true error=null time="2025-11-15 16:34:40"
method="GET" path="/gf_6_9.m4s" status=200 tag="video" file_size=2007745 bytes_sent=2007745 dur_ms=103 complete=true error=null time="2025-11-15 16:34:40"
method="GET" path="/gf_10_11.m4s" status=200 tag="video" file_size=158884 bytes_sent=158884 dur_ms=13 complete=true error=null time="2025-11-15 16:34:40"
method="GET" path="/gf_6_10.m4s" status=200 tag="video" file_size=1797897 bytes_sent=1797897 dur_ms=83 complete=true error=null time="2025-11-15 16:34:40"
method="GET" path="/gf_10_12.m4s" status=200 tag="video" file_size=161444 bytes_sent=161444 dur_ms=14 complete=true error=null time="2025-11-15 16:34:40"
method="GET" path="/gf_6_11.m4s" status=200 tag="video" file_size=1823308 bytes_sent=1823308 dur_ms=92 complete=true error=null time="2025-11-15 16:34:40"
method="GET" path="/gf_10_13.m4s" status=200 tag="video" file_size=158884 bytes_sent=158884 dur_ms=15 complete=true error=null time="2025-11-15 16:34:40"
method="GET" path="/gf_6_12.m4s" status=200 tag="video" file_size=1774807 bytes_sent=1774807 dur_ms=101 complete=true error=null time="2025-11-15 16:34:40"
method="GET" path="/gf_10_14.m4s" status=200 tag="video" file_size=161444 bytes_sent=161444 dur_ms=14 complete=true error=null time="2025-11-15 16:34:40"
method="GET" path="/gf_6_13.m4s" status=200 tag="video" file_size=1823028 bytes_sent=1823028 dur_ms=90 complete=true error=null time="2025-11-15 16:34:40"
method="GET" path="/gf_10_15.m4s" status=200 tag="video" file_size=158884 bytes_sent=158884 dur_ms=15 complete=true error=null time="2025-11-15 16:34:40"
method="GET" path="/gf_6_14.m4s" status=200 tag="video" file_size=2095851 bytes_sent=2095851 dur_ms=105 complete=true error=null time="2025-11-15 16:34:41"
method="GET" path="/gf_10_16.m4s" status=200 tag="video" file_size=161444 bytes_sent=161444 dur_ms=20 complete=true error=null time="2025-11-15 16:34:41"
method="GET" path="/gf_6_15.m4s" status=200 tag="video" file_size=1617300 bytes_sent=1617300 dur_ms=77 complete=true error=null time="2025-11-15 16:34:41"
method="GET" path="/gf_10_17.m4s" status=200 tag="video" file_size=158884 bytes_sent=158884 dur_ms=19 complete=true error=null time="2025-11-15 16:34:41"
method="GET" path="/gf_6_16.m4s" status=200 tag="video" file_size=1667338 bytes_sent=1667338 dur_ms=81 complete=true error=null time="2025-11-15 16:34:41"
method="GET" path="/gf_10_18.m4s" status=200 tag="video" file_size=161444 bytes_sent=161444 dur_ms=19 complete=true error=null time="2025-11-15 16:34:41"
method="GET" path="/gf_6_17.m4s" status=200 tag="video" file_size=1847143 bytes_sent=1847143 dur_ms=93 complete=true error=null time="2025-11-15 16:34:41"
method="GET" path="/gf_10_19.m4s" status=200 tag="video" file_size=158884 bytes_sent=158884 dur_ms=15 complete=true error=null time="2025-11-15 16:34:41"
method="GET" path="/gf_6_18.m4s" status=200 tag="video" file_size=1555187 bytes_sent=1555187 dur_ms=103 complete=true error=null time="2025-11-15 16:34:41"
method="GET" path="/gf_10_20.m4s" status=200 tag="video" file_size=161444 bytes_sent=161444 dur_ms=13 complete=true error=null time="2025-11-15 16:34:41"
method="GET" path="/gf_6_19.m4s" status=200 tag="video" file_size=1765295 bytes_sent=1765295 dur_ms=90 complete=true error=null time="2025-11-15 16:34:41"
method="GET" path="/gf_10_21.m4s" status=200 tag="video" file_size=158884 bytes_sent=158884 dur_ms=33 complete=true error=null time="2025-11-15 16:34:41"
method="GET" path="/gf_6_20.m4s" status=200 tag="video" file_size=1707940 bytes_sent=1707940 dur_ms=101 complete=true error=null time="2025-11-15 16:34:41"
method="GET" path="/gf_10_22.m4s" status=200 tag="video" file_size=161444 bytes_sent=161444 dur_ms=14 complete=true error=null time="2025-11-15 16:34:41"
method="GET" path="/gf_6_21.m4s" status=200 tag="video" file_size=1785920 bytes_sent=1785920 dur_ms=86 complete=true error=null time="2025-11-15 16:34:41"
method="GET" path="/gf_10_23.m4s" status=200 tag="video" file_size=158884 bytes_sent=158884 dur_ms=15 complete=true error=null time="2025-11-15 16:34:41"
method="GET" path="/gf_6_22.m4s" status=200 tag="video" file_size=1724124 bytes_sent=1724124 dur_ms=95 complete=true error=null time="2025-11-15 16:34:42"
method="GET" path="/gf_10_24.m4s" status=200 tag="video" file_size=161444 bytes_sent=161444 dur_ms=23 complete=true error=null time="2025-11-15 16:34:42"
method="GET" path="/gf_6_23.m4s" status=200 tag="video" file_size=1903825 bytes_sent=1903825 dur_ms=101 complete=true error=null time="2025-11-15 16:34:42"
method="GET" path="/gf_10_25.m4s" status=200 tag="video" file_size=158884 bytes_sent=158884 dur_ms=24 complete=true error=null time="2025-11-15 16:34:42"
method="GET" path="/gf_6_24.m4s" status=200 tag="video" file_size=1771921 bytes_sent=1771921 dur_ms=92 complete=true error=null time="2025-11-15 16:34:42"
method="GET" path="/gf_10_26.m4s" status=200 tag="video" file_size=161444 bytes_sent=161444 dur_ms=15 complete=true error=null time="2025-11-15 16:34:42"
method="GET" path="/gf_6_25.m4s" status=200 tag="video" file_size=1811409 bytes_sent=1811409 dur_ms=88 complete=true error=null time="2025-11-15 16:34:42"
method="GET" path="/gf_10_27.m4s" status=200 tag="video" file_size=158884 bytes_sent=158884 dur_ms=35 complete=true error=null time="2025-11-15 16:34:42"
method="GET" path="/gf_6_26.m4s" status=200 tag="video" file_size=1637557 bytes_sent=1637557 dur_ms=97 complete=true error=null time="2025-11-15 16:34:42"
method="GET" path="/gf_10_28.m4s" status=200 tag="video" file_size=161444 bytes_sent=161444 dur_ms=14 complete=true error=null time="2025-11-15 16:34:42"
method="GET" path="/gf_6_27.m4s" status=200 tag="video" file_size=1773023 bytes_sent=1773023 dur_ms=77 complete=true error=null time="2025-11-15 16:34:42"
time="2025-11-15 16:42:30" method="GET" path="/Godfather.mpd" status=200 tag="mpd" file_size=6331 bytes_sent=6331 dur_ms=1 complete=true error=null
time="2025-11-15 16:42:30" method="GET" path="/Godfather.mpd" status=200 tag="mpd" file_size=6331 bytes_sent=6331 dur_ms=0 complete=true error=null
time="2025-11-15 16:42:30" method="GET" path="/gf_6_.mp4" status=200 tag="video" file_size=999 bytes_sent=999 dur_ms=0 complete=true error=null
time="2025-11-15 16:42:30" method="GET" path="/gf_10_.mp4" status=200 tag="video" file_size=836 bytes_sent=836 dur_ms=0 complete=true error=null
time="2025-11-15 16:42:30" method="GET" path="/gf_10_1.m4s" status=200 tag="video" file_size=169124 bytes_sent=169124 dur_ms=27 complete=true error=null
time="2025-11-15 16:42:30" method="GET" path="/gf_6_1.m4s" status=200 tag="video" file_size=1860167 bytes_sent=1860167 dur_ms=102 complete=true error=null
time="2025-11-15 16:42:30" method="GET" path="/gf_10_2.m4s" status=200 tag="video" file_size=161444 bytes_sent=161444 dur_ms=13 complete=true error=null
time="2025-11-15 16:42:30" method="GET" path="/gf_10_3.m4s" status=200 tag="video" file_size=158884 bytes_sent=158884 dur_ms=21 complete=true error=null
time="2025-11-15 16:42:30" method="GET" path="/gf_6_2.m4s" status=200 tag="video" file_size=1853685 bytes_sent=1853685 dur_ms=103 complete=true error=null
time="2025-11-15 16:42:30" method="GET" path="/gf_10_4.m4s" status=200 tag="video" file_size=161444 bytes_sent=161444 dur_ms=15 complete=true error=null
time="2025-11-15 16:42:30" method="GET" path="/gf_6_3.m4s" status=200 tag="video" file_size=1876658 bytes_sent=1876658 dur_ms=93 complete=true error=null
time="2025-11-15 16:42:30" method="GET" path="/gf_10_5.m4s" status=200 tag="video" file_size=158884 bytes_sent=158884 dur_ms=15 complete=true error=null
time="2025-11-15 16:42:30" method="GET" path="/gf_6_4.m4s" status=200 tag="video" file_size=1682894 bytes_sent=1682894 dur_ms=83 complete=true error=null
time="2025-11-15 16:42:30" method="GET" path="/gf_10_6.m4s" status=200 tag="video" file_size=161444 bytes_sent=161444 dur_ms=13 complete=true error=null
time="2025-11-15 16:42:31" method="GET" path="/gf_6_5.m4s" status=200 tag="video" file_size=1833065 bytes_sent=1833065 dur_ms=93 complete=true error=null
time="2025-11-15 16:42:31" method="GET" path="/gf_10_7.m4s" status=200 tag="video" file_size=158884 bytes_sent=158884 dur_ms=21 complete=true error=null
time="2025-11-15 16:42:31" method="GET" path="/gf_6_6.m4s" status=200 tag="video" file_size=1690840 bytes_sent=1690840 dur_ms=90 complete=true error=null
time="2025-11-15 16:42:31" method="GET" path="/gf_10_8.m4s" status=200 tag="video" file_size=161444 bytes_sent=161444 dur_ms=13 complete=true error=null
time="2025-11-15 16:42:31" method="GET" path="/gf_6_7.m4s" status=200 tag="video" file_size=1727513 bytes_sent=1727513 dur_ms=91 complete=true error=null
time="2025-11-15 16:42:31" method="GET" path="/gf_10_9.m4s" status=200 tag="video" file_size=158884 bytes_sent=158884 dur_ms=15 complete=true error=null
time="2025-11-15 16:42:31" method="GET" path="/gf_6_8.m4s" status=200 tag="video" file_size=1723729 bytes_sent=1723729 dur_ms=81 complete=true error=null
time="2025-11-15 16:42:31" method="GET" path="/gf_10_10.m4s" status=200 tag="video" file_size=161444 bytes_sent=161444 dur_ms=27 complete=true error=null
time="2025-11-15 16:42:31" method="GET" path="/gf_6_9.m4s" status=200 tag="video" file_size=2007745 bytes_sent=2007745 dur_ms=132 complete=true error=null
time="2025-11-15 16:42:31" method="GET" path="/gf_10_11.m4s" status=200 tag="video" file_size=158884 bytes_sent=158884 dur_ms=20 complete=true error=null
time="2025-11-15 16:42:31" method="GET" path="/gf_6_10.m4s" status=200 tag="video" file_size=1797897 bytes_sent=1797897 dur_ms=97 complete=true error=null
time="2025-11-15 16:42:31" method="GET" path="/gf_10_12.m4s" status=200 tag="video" file_size=161444 bytes_sent=161444 dur_ms=14 complete=true error=null
time="2025-11-15 16:42:31" method="GET" path="/gf_6_11.m4s" status=200 tag="video" file_size=1823308 bytes_sent=1823308 dur_ms=86 complete=true error=null
time="2025-11-15 16:42:31" method="GET" path="/gf_10_13.m4s" status=200 tag="video" file_size=158884 bytes_sent=158884 dur_ms=12 complete=true error=null
time="2025-11-15 16:42:31" method="GET" path="/gf_6_12.m4s" status=200 tag="video" file_size=1774807 bytes_sent=1774807 dur_ms=92 complete=true error=null
time="2025-11-15 16:42:31" method="GET" path="/gf_10_14.m4s" status=200 tag="video" file_size=161444 bytes_sent=161444 dur_ms=22 complete=true error=null
time="2025-11-15 16:42:32" method="GET" path="/gf_6_13.m4s" status=200 tag="video" file_size=1823028 bytes_sent=1823028 dur_ms=99 complete=true error=null
time="2025-11-15 16:42:32" method="GET" path="/gf_10_15.m4s" status=200 tag="video" file_size=158884 bytes_sent=158884 dur_ms=14 complete=true error=null
time="2025-11-15 16:42:32" method="GET" path="/gf_6_14.m4s" status=200 tag="video" file_size=2095851 bytes_sent=2095851 dur_ms=96 complete=true error=null
time="2025-11-15 16:42:32" method="GET" path="/gf_10_16.m4s" status=200 tag="video" file_size=161444 bytes_sent=161444 dur_ms=17 complete=true error=null
time="2025-11-15 16:42:32" method="GET" path="/gf_6_15.m4s" status=200 tag="video" file_size=1617300 bytes_sent=1617300 dur_ms=80 complete=true error=null
time="2025-11-15 16:42:32" method="GET" path="/gf_10_17.m4s" status=200 tag="video" file_size=158884 bytes_sent=158884 dur_ms=13 complete=true error=null
time="2025-11-15 16:42:32" method="GET" path="/gf_6_16.m4s" status=200 tag="video" file_size=1667338 bytes_sent=1667338 dur_ms=119 complete=true error=null
time="2025-11-15 16:42:32" method="GET" path="/gf_10_18.m4s" status=200 tag="video" file_size=161444 bytes_sent=161444 dur_ms=19 complete=true error=null
time="2025-11-15 16:42:32" method="GET" path="/gf_6_17.m4s" status=200 tag="video" file_size=1847143 bytes_sent=1847143 dur_ms=98 complete=true error=null
time="2025-11-15 16:42:32" method="GET" path="/gf_10_19.m4s" status=200 tag="video" file_size=158884 bytes_sent=158884 dur_ms=37 complete=true error=null
time="2025-11-15 16:42:32" method="GET" path="/gf_6_18.m4s" status=200 tag="video" file_size=1555187 bytes_sent=1555187 dur_ms=75 complete=true error=null
time="2025-11-15 16:42:32" method="GET" path="/gf_10_20.m4s" status=200 tag="video" file_size=161444 bytes_sent=161444 dur_ms=17 complete=true error=null
time="2025-11-15 16:42:32" method="GET" path="/gf_6_19.m4s" status=200 tag="video" file_size=1765295 bytes_sent=1765295 dur_ms=94 complete=true error=null
time="2025-11-15 16:42:32" method="GET" path="/gf_10_21.m4s" status=200 tag="video" file_size=158884 bytes_sent=158884 dur_ms=19 complete=true error=null
time="2025-11-15 16:42:32" method="GET" path="/gf_6_20.m4s" status=200 tag="video" file_size=1707940 bytes_sent=1707940 dur_ms=94 complete=true error=null
time="2025-11-15 16:42:32" method="GET" path="/gf_10_22.m4s" status=200 tag="video" file_size=161444 bytes_sent=161444 dur_ms=14 complete=true error=null
time="2025-11-15 16:42:33" method="GET" path="/gf_6_21.m4s" status=200 tag="video" file_size=1785920 bytes_sent=1785920 dur_ms=116 complete=true error=null
time="2025-11-15 16:42:33" method="GET" path="/gf_10_23.m4s" status=200 tag="video" file_size=158884 bytes_sent=158884 dur_ms=17 complete=true error=null
time="2025-11-15 16:42:33" method="GET" path="/gf_6_22.m4s" status=200 tag="video" file_size=1724124 bytes_sent=1724124 dur_ms=104 complete=true error=null
time="2025-11-15 16:42:33" method="GET" path="/gf_10_24.m4s" status=200 tag="video" file_size=161444 bytes_sent=161444 dur_ms=14 complete=true error=null
time="2025-11-15 16:42:33" method="GET" path="/gf_6_23.m4s" status=200 tag="video" file_size=1903825 bytes_sent=1903825 dur_ms=96 complete=true error=null
time="2025-11-15 16:42:33" method="GET" path="/gf_10_25.m4s" status=200 tag="video" file_size=158884 bytes_sent=158884 dur_ms=13 complete=true error=null
time="2025-11-15 16:42:33" method="GET" path="/gf_6_24.m4s" status=200 tag="video" file_size=1771921 bytes_sent=1771921 dur_ms=88 complete=true error=null
time="2025-11-15 16:42:33" method="GET" path="/gf_10_26.m4s" status=200 tag="video" file_size=161444 bytes_sent=161444 dur_ms=18 complete=true error=null
time="2025-11-15 16:42:33" method="GET" path="/gf_6_25.m4s" status=200 tag="video" file_size=1811409 bytes_sent=1811409 dur_ms=91 complete=true error=null
time="2025-11-15 16:42:33" method="GET" path="/gf_10_27.m4s" status=200 tag="video" file_size=158884 bytes_sent=158884 dur_ms=27 complete=true error=null
time="2025-11-15 16:42:33" method="GET" path="/gf_6_26.m4s" status=200 tag="video" file_size=1637557 bytes_sent=1637557 dur_ms=83 complete=true error=null
time="2025-11-15 16:42:33" method="GET" path="/gf_10_28.m4s" status=200 tag="video" file_size=161444 bytes_sent=161444 dur_ms=17 complete=true error=null
time="2025-11-15 16:42:33" method="GET" path="/gf_6_27.m4s" status=200 tag="video" file_size=1773023 bytes_sent=1773023 dur_ms=91 complete=true error=null
time="2025-11-15 16:56:03" method="GET" path="/Godfather.mpd" status=200 tag="mpd" file_size=6999 bytes_sent=6999 dur_ms=0 complete=true error=null
time="2025-11-15 16:56:03" method="GET" path="/Godfather.mpd" status=200 tag="mpd" file_size=6999 bytes_sent=6999 dur_ms=0 complete=true error=null
time="2025-11-15 16:56:03" method="GET" path="/segments/a_ac3/initgf_a_ac3_.mp4" status=200 tag="init" file_size=836 bytes_sent=836 dur_ms=0 complete=true error=null
time="2025-11-15 16:56:03" method="GET" path="/segments/v1080/initgf_v1080_.mp4" status=200 tag="init" file_size=999 bytes_sent=999 dur_ms=0 complete=true error=null
time="2025-11-15 16:56:03" method="GET" path="/segments/a_ac3/gf_a_ac3_1.m4s" status=200 tag="video" file_size=169124 bytes_sent=169124 dur_ms=40 complete=true error=null
time="2025-11-15 16:56:03" method="GET" path="/segments/v1080/gf_v1080_1.m4s" status=200 tag="video" file_size=1860167 bytes_sent=1860167 dur_ms=93 complete=true error=null
time="2025-11-15 16:56:03" method="GET" path="/segments/a_ac3/gf_a_ac3_2.m4s" status=200 tag="video" file_size=161444 bytes_sent=161444 dur_ms=16 complete=true error=null
time="2025-11-15 16:56:04" method="GET" path="/segments/a_ac3/gf_a_ac3_3.m4s" status=200 tag="video" file_size=158884 bytes_sent=158884 dur_ms=23 complete=true error=null
time="2025-11-15 16:56:04" method="GET" path="/segments/v1080/gf_v1080_2.m4s" status=200 tag="video" file_size=1853685 bytes_sent=1853685 dur_ms=104 complete=true error=null
time="2025-11-15 16:56:04" method="GET" path="/segments/a_ac3/gf_a_ac3_4.m4s" status=200 tag="video" file_size=161444 bytes_sent=161444 dur_ms=18 complete=true error=null
time="2025-11-15 16:56:04" method="GET" path="/segments/v1080/gf_v1080_3.m4s" status=200 tag="video" file_size=1876658 bytes_sent=1876658 dur_ms=113 complete=true error=null
time="2025-11-15 16:56:04" method="GET" path="/segments/a_ac3/gf_a_ac3_5.m4s" status=200 tag="video" file_size=158884 bytes_sent=158884 dur_ms=14 complete=true error=null
time="2025-11-15 16:56:04" method="GET" path="/segments/v1080/gf_v1080_4.m4s" status=200 tag="video" file_size=1682894 bytes_sent=1682894 dur_ms=84 complete=true error=null
time="2025-11-15 16:56:04" method="GET" path="/segments/a_ac3/gf_a_ac3_6.m4s" status=200 tag="video" file_size=161444 bytes_sent=161444 dur_ms=18 complete=true error=null
time="2025-11-15 16:56:04" method="GET" path="/segments/v1080/gf_v1080_5.m4s" status=200 tag="video" file_size=1833065 bytes_sent=1833065 dur_ms=89 complete=true error=null
time="2025-11-15 16:56:04" method="GET" path="/segments/a_ac3/gf_a_ac3_7.m4s" status=200 tag="video" file_size=158884 bytes_sent=158884 dur_ms=27 complete=true error=null
time="2025-11-15 16:56:04" method="GET" path="/segments/v1080/gf_v1080_6.m4s" status=200 tag="video" file_size=1690840 bytes_sent=1690840 dur_ms=115 complete=true error=null
time="2025-11-15 16:56:04" method="GET" path="/segments/a_ac3/gf_a_ac3_8.m4s" status=200 tag="video" file_size=161444 bytes_sent=161444 dur_ms=13 complete=true error=null
time="2025-11-15 16:56:04" method="GET" path="/segments/v1080/gf_v1080_7.m4s" status=200 tag="video" file_size=1727513 bytes_sent=1727513 dur_ms=106 complete=true error=null
time="2025-11-15 16:56:04" method="GET" path="/segments/a_ac3/gf_a_ac3_9.m4s" status=200 tag="video" file_size=158884 bytes_sent=158884 dur_ms=20 complete=true error=null
time="2025-11-15 16:56:04" method="GET" path="/segments/v1080/gf_v1080_8.m4s" status=200 tag="video" file_size=1723729 bytes_sent=1723729 dur_ms=91 complete=true error=null
time="2025-11-15 16:56:04" method="GET" path="/segments/a_ac3/gf_a_ac3_10.m4s" status=200 tag="video" file_size=161444 bytes_sent=161444 dur_ms=13 complete=true error=null
time="2025-11-15 16:56:04" method="GET" path="/segments/v1080/gf_v1080_9.m4s" status=200 tag="video" file_size=2007745 bytes_sent=2007745 dur_ms=87 complete=true error=null
time="2025-11-15 16:56:04" method="GET" path="/segments/a_ac3/gf_a_ac3_11.m4s" status=200 tag="video" file_size=158884 bytes_sent=158884 dur_ms=15 complete=true error=null
time="2025-11-15 16:56:05" method="GET" path="/segments/v1080/gf_v1080_10.m4s" status=200 tag="video" file_size=1797897 bytes_sent=1797897 dur_ms=101 complete=true error=null
time="2025-11-15 16:56:05" method="GET" path="/segments/a_ac3/gf_a_ac3_12.m4s" status=200 tag="video" file_size=161444 bytes_sent=161444 dur_ms=16 complete=true error=null
time="2025-11-15 16:56:05" method="GET" path="/segments/v1080/gf_v1080_11.m4s" status=200 tag="video" file_size=1823308 bytes_sent=1823308 dur_ms=109 complete=true error=null
time="2025-11-15 16:56:05" method="GET" path="/segments/a_ac3/gf_a_ac3_13.m4s" status=200 tag="video" file_size=158884 bytes_sent=158884 dur_ms=18 complete=true error=null
time="2025-11-15 16:56:05" method="GET" path="/segments/v1080/gf_v1080_12.m4s" status=200 tag="video" file_size=1774807 bytes_sent=1774807 dur_ms=96 complete=true error=null
time="2025-11-15 16:56:05" method="GET" path="/segments/a_ac3/gf_a_ac3_14.m4s" status=200 tag="video" file_size=161444 bytes_sent=161444 dur_ms=17 complete=true error=null
time="2025-11-15 16:56:05" method="GET" path="/segments/v1080/gf_v1080_13.m4s" status=200 tag="video" file_size=1823028 bytes_sent=1823028 dur_ms=91 complete=true error=null
time="2025-11-15 16:56:05" method="GET" path="/segments/a_ac3/gf_a_ac3_15.m4s" status=200 tag="video" file_size=158884 bytes_sent=158884 dur_ms=20 complete=true error=null
time="2025-11-15 16:56:05" method="GET" path="/segments/v1080/gf_v1080_14.m4s" status=200 tag="video" file_size=2095851 bytes_sent=2095851 dur_ms=105 complete=true error=null
time="2025-11-15 16:56:05" method="GET" path="/segments/a_ac3/gf_a_ac3_16.m4s" status=200 tag="video" file_size=161444 bytes_sent=161444 dur_ms=17 complete=true error=null
time="2025-11-15 16:56:05" method="GET" path="/segments/v1080/gf_v1080_15.m4s" status=200 tag="video" file_size=1617300 bytes_sent=1617300 dur_ms=100 complete=true error=null
time="2025-11-15 16:56:05" method="GET" path="/segments/a_ac3/gf_a_ac3_17.m4s" status=200 tag="video" file_size=158884 bytes_sent=158884 dur_ms=12 complete=true error=null
time="2025-11-15 16:56:05" method="GET" path="/segments/v1080/gf_v1080_16.m4s" status=200 tag="video" file_size=1667338 bytes_sent=1667338 dur_ms=89 complete=true error=null
time="2025-11-15 16:56:05" method="GET" path="/segments/a_ac3/gf_a_ac3_18.m4s" status=200 tag="video" file_size=161444 bytes_sent=161444 dur_ms=16 complete=true error=null
time="2025-11-15 16:56:05" method="GET" path="/segments/v1080/gf_v1080_17.m4s" status=200 tag="video" file_size=1847143 bytes_sent=1847143 dur_ms=102 complete=true error=null
time="2025-11-15 16:56:05" method="GET" path="/segments/a_ac3/gf_a_ac3_19.m4s" status=200 tag="video" file_size=158884 bytes_sent=158884 dur_ms=17 complete=true error=null
time="2025-11-15 16:56:06" method="GET" path="/segments/v1080/gf_v1080_18.m4s" status=200 tag="video" file_size=1555187 bytes_sent=1555187 dur_ms=86 complete=true error=null
time="2025-11-15 16:56:06" method="GET" path="/segments/a_ac3/gf_a_ac3_20.m4s" status=200 tag="video" file_size=161444 bytes_sent=161444 dur_ms=22 complete=true error=null
time="2025-11-15 16:56:06" method="GET" path="/segments/v1080/gf_v1080_19.m4s" status=200 tag="video" file_size=1765295 bytes_sent=1765295 dur_ms=86 complete=true error=null
time="2025-11-15 16:56:06" method="GET" path="/segments/a_ac3/gf_a_ac3_21.m4s" status=200 tag="video" file_size=158884 bytes_sent=158884 dur_ms=15 complete=true error=null
time="2025-11-15 16:56:06" method="GET" path="/segments/v1080/gf_v1080_20.m4s" status=200 tag="video" file_size=1707940 bytes_sent=1707940 dur_ms=91 complete=true error=null
time="2025-11-15 16:56:06" method="GET" path="/segments/a_ac3/gf_a_ac3_22.m4s" status=200 tag="video" file_size=161444 bytes_sent=161444 dur_ms=15 complete=true error=null
time="2025-11-15 16:56:06" method="GET" path="/segments/v1080/gf_v1080_21.m4s" status=200 tag="video" file_size=1785920 bytes_sent=1785920 dur_ms=108 complete=true error=null
time="2025-11-15 16:56:06" method="GET" path="/segments/a_ac3/gf_a_ac3_23.m4s" status=200 tag="video" file_size=158884 bytes_sent=158884 dur_ms=14 complete=true error=null
time="2025-11-15 16:56:06" method="GET" path="/segments/v1080/gf_v1080_22.m4s" status=200 tag="video" file_size=1724124 bytes_sent=1724124 dur_ms=94 complete=true error=null
time="2025-11-15 16:56:06" method="GET" path="/segments/a_ac3/gf_a_ac3_24.m4s" status=200 tag="video" file_size=161444 bytes_sent=161444 dur_ms=19 complete=true error=null
time="2025-11-15 16:56:06" method="GET" path="/segments/v1080/gf_v1080_23.m4s" status=200 tag="video" file_size=1903825 bytes_sent=1903825 dur_ms=98 complete=true error=null
time="2025-11-15 16:56:06" method="GET" path="/segments/a_ac3/gf_a_ac3_25.m4s" status=200 tag="video" file_size=158884 bytes_sent=158884 dur_ms=17 complete=true error=null
time="2025-11-15 16:56:06" method="GET" path="/segments/v1080/gf_v1080_24.m4s" status=200 tag="video" file_size=1771921 bytes_sent=1771921 dur_ms=87 complete=true error=null
time="2025-11-15 16:56:06" method="GET" path="/segments/a_ac3/gf_a_ac3_26.m4s" status=200 tag="video" file_size=161444 bytes_sent=161444 dur_ms=18 complete=true error=null
time="2025-11-15 16:56:06" method="GET" path="/segments/v1080/gf_v1080_25.m4s" status=200 tag="video" file_size=1811409 bytes_sent=1811409 dur_ms=103 complete=true error=null
time="2025-11-15 16:56:06" method="GET" path="/segments/a_ac3/gf_a_ac3_27.m4s" status=200 tag="video" file_size=158884 bytes_sent=158884 dur_ms=17 complete=true error=null
time="2025-11-15 16:56:07" method="GET" path="/segments/v1080/gf_v1080_26.m4s" status=200 tag="video" file_size=1637557 bytes_sent=1637557 dur_ms=93 complete=true error=null
time="2025-11-15 16:56:07" method="GET" path="/segments/a_ac3/gf_a_ac3_28.m4s" status=200 tag="video" file_size=161444 bytes_sent=161444 dur_ms=18 complete=true error=null
time="2025-11-15 16:56:07" method="GET" path="/segments/v1080/gf_v1080_27.m4s" status=200 tag="video" file_size=1773023 bytes_sent=1773023 dur_ms=90 complete=true error=null
time="2025-11-15 16:56:08" method="GET" path="/segments/a_ac3/gf_a_ac3_103.m4s" status=200 tag="video" file_size=158884 bytes_sent=158884 dur_ms=23 complete=true error=null
time="2025-11-15 16:56:08" method="GET" path="/segments/v1080/gf_v1080_103.m4s" status=200 tag="video" file_size=1726320 bytes_sent=1726320 dur_ms=81 complete=true error=null
time="2025-11-15 16:56:08" method="GET" path="/segments/a_ac3/gf_a_ac3_104.m4s" status=200 tag="video" file_size=161444 bytes_sent=161444 dur_ms=46 complete=true error=null
time="2025-11-15 16:56:08" method="GET" path="/segments/a_ac3/gf_a_ac3_105.m4s" status=200 tag="video" file_size=158884 bytes_sent=158884 dur_ms=20 complete=true error=null
time="2025-11-15 16:56:09" method="GET" path="/segments/v1080/gf_v1080_104.m4s" status=200 tag="video" file_size=1730009 bytes_sent=1730009 dur_ms=88 complete=true error=null
time="2025-11-15 16:56:09" method="GET" path="/segments/a_ac3/gf_a_ac3_106.m4s" status=200 tag="video" file_size=161444 bytes_sent=161444 dur_ms=27 complete=true error=null
time="2025-11-15 16:56:09" method="GET" path="/segments/v1080/gf_v1080_105.m4s" status=200 tag="video" file_size=1961726 bytes_sent=1961726 dur_ms=107 complete=true error=null
time="2025-11-15 16:56:09" method="GET" path="/segments/a_ac3/gf_a_ac3_107.m4s" status=200 tag="video" file_size=158884 bytes_sent=158884 dur_ms=19 complete=true error=null
time="2025-11-15 16:56:09" method="GET" path="/segments/v1080/gf_v1080_106.m4s" status=200 tag="video" file_size=1845478 bytes_sent=1845478 dur_ms=114 complete=true error=null
time="2025-11-15 16:56:09" method="GET" path="/segments/a_ac3/gf_a_ac3_108.m4s" status=200 tag="video" file_size=161444 bytes_sent=161444 dur_ms=22 complete=true error=null
time="2025-11-15 16:56:09" method="GET" path="/segments/v1080/gf_v1080_107.m4s" status=200 tag="video" file_size=1787458 bytes_sent=1787458 dur_ms=106 complete=true error=null
time="2025-11-15 16:56:09" method="GET" path="/segments/a_ac3/gf_a_ac3_109.m4s" status=200 tag="video" file_size=158884 bytes_sent=158884 dur_ms=14 complete=true error=null
time="2025-11-15 16:56:09" method="GET" path="/segments/v1080/gf_v1080_108.m4s" status=200 tag="video" file_size=1245518 bytes_sent=1245518 dur_ms=64 complete=true error=null
time="2025-11-15 16:56:09" method="GET" path="/segments/a_ac3/gf_a_ac3_110.m4s" status=200 tag="video" file_size=161444 bytes_sent=161444 dur_ms=19 complete=true error=null
time="2025-11-15 16:56:09" method="GET" path="/segments/v1080/gf_v1080_109.m4s" status=200 tag="video" file_size=1730136 bytes_sent=1730136 dur_ms=102 complete=true error=null
time="2025-11-15 16:56:09" method="GET" path="/segments/a_ac3/gf_a_ac3_111.m4s" status=200 tag="video" file_size=158884 bytes_sent=158884 dur_ms=14 complete=true error=null
time="2025-11-15 16:56:09" method="GET" path="/segments/v1080/gf_v1080_110.m4s" status=200 tag="video" file_size=1453558 bytes_sent=1453558 dur_ms=70 complete=true error=null
time="2025-11-15 16:56:09" method="GET" path="/segments/a_ac3/gf_a_ac3_112.m4s" status=200 tag="video" file_size=161444 bytes_sent=161444 dur_ms=24 complete=true error=null
time="2025-11-15 16:56:09" method="GET" path="/segments/v1080/gf_v1080_111.m4s" status=200 tag="video" file_size=1840054 bytes_sent=1840054 dur_ms=89 complete=true error=null
time="2025-11-15 16:56:09" method="GET" path="/segments/a_ac3/gf_a_ac3_113.m4s" status=200 tag="video" file_size=158884 bytes_sent=158884 dur_ms=14 complete=true error=null
time="2025-11-15 16:56:10" method="GET" path="/segments/v1080/gf_v1080_112.m4s" status=200 tag="video" file_size=1957280 bytes_sent=1957280 dur_ms=96 complete=true error=null
time="2025-11-15 16:56:10" method="GET" path="/segments/a_ac3/gf_a_ac3_114.m4s" status=200 tag="video" file_size=161444 bytes_sent=161444 dur_ms=16 complete=true error=null
time="2025-11-15 16:56:10" method="GET" path="/segments/v1080/gf_v1080_113.m4s" status=200 tag="video" file_size=1684509 bytes_sent=1684509 dur_ms=101 complete=true error=null
time="2025-11-15 16:56:10" method="GET" path="/segments/a_ac3/gf_a_ac3_115.m4s" status=200 tag="video" file_size=158884 bytes_sent=158884 dur_ms=16 complete=true error=null
time="2025-11-15 16:56:10" method="GET" path="/segments/v1080/gf_v1080_114.m4s" status=200 tag="video" file_size=2140317 bytes_sent=2140317 dur_ms=111 complete=true error=null
time="2025-11-15 16:56:10" method="GET" path="/segments/a_ac3/gf_a_ac3_116.m4s" status=200 tag="video" file_size=161444 bytes_sent=161444 dur_ms=20 complete=true error=null
time="2025-11-15 16:56:10" method="GET" path="/segments/v1080/gf_v1080_115.m4s" status=200 tag="video" file_size=1534009 bytes_sent=1534009 dur_ms=81 complete=true error=null
time="2025-11-15 16:56:10" method="GET" path="/segments/a_ac3/gf_a_ac3_117.m4s" status=200 tag="video" file_size=158884 bytes_sent=158884 dur_ms=17 complete=true error=null
time="2025-11-15 16:56:10" method="GET" path="/segments/v1080/gf_v1080_116.m4s" status=200 tag="video" file_size=1744507 bytes_sent=1744507 dur_ms=80 complete=true error=null
time="2025-11-15 16:56:10" method="GET" path="/segments/a_ac3/gf_a_ac3_118.m4s" status=200 tag="video" file_size=161444 bytes_sent=161444 dur_ms=18 complete=true error=null
time="2025-11-15 16:56:10" method="GET" path="/segments/v1080/gf_v1080_117.m4s" status=200 tag="video" file_size=2119206 bytes_sent=2119206 dur_ms=116 complete=true error=null
time="2025-11-15 16:56:10" method="GET" path="/segments/a_ac3/gf_a_ac3_119.m4s" status=200 tag="video" file_size=158884 bytes_sent=158884 dur_ms=18 complete=true error=null
time="2025-11-15 16:56:10" method="GET" path="/segments/v1080/gf_v1080_118.m4s" status=200 tag="video" file_size=1710893 bytes_sent=1710893 dur_ms=80 complete=true error=null
time="2025-11-15 16:56:10" method="GET" path="/segments/a_ac3/gf_a_ac3_120.m4s" status=200 tag="video" file_size=161444 bytes_sent=161444 dur_ms=19 complete=true error=null
time="2025-11-15 16:56:10" method="GET" path="/segments/v1080/gf_v1080_119.m4s" status=200 tag="video" file_size=1695552 bytes_sent=1695552 dur_ms=92 complete=true error=null
time="2025-11-15 16:56:10" method="GET" path="/segments/a_ac3/gf_a_ac3_121.m4s" status=200 tag="video" file_size=158884 bytes_sent=158884 dur_ms=24 complete=true error=null
time="2025-11-15 16:56:11" method="GET" path="/segments/v1080/gf_v1080_120.m4s" status=200 tag="video" file_size=1740594 bytes_sent=1740594 dur_ms=84 complete=true error=null
time="2025-11-15 16:56:11" method="GET" path="/segments/a_ac3/gf_a_ac3_122.m4s" status=200 tag="video" file_size=161444 bytes_sent=161444 dur_ms=14 complete=true error=null
time="2025-11-15 16:56:11" method="GET" path="/segments/v1080/gf_v1080_121.m4s" status=200 tag="video" file_size=1781243 bytes_sent=1781243 dur_ms=84 complete=true error=null
time="2025-11-15 16:56:11" method="GET" path="/segments/a_ac3/gf_a_ac3_123.m4s" status=200 tag="video" file_size=158884 bytes_sent=158884 dur_ms=14 complete=true error=null
time="2025-11-15 16:56:11" method="GET" path="/segments/v1080/gf_v1080_122.m4s" status=200 tag="video" file_size=1504901 bytes_sent=1504901 dur_ms=67 complete=true error=null
time="2025-11-15 16:56:11" method="GET" path="/segments/a_ac3/gf_a_ac3_124.m4s" status=200 tag="video" file_size=161444 bytes_sent=161444 dur_ms=19 complete=true error=null
time="2025-11-15 16:56:11" method="GET" path="/segments/v1080/gf_v1080_123.m4s" status=200 tag="video" file_size=1829184 bytes_sent=1829184 dur_ms=94 complete=true error=null
time="2025-11-15 16:56:11" method="GET" path="/segments/a_ac3/gf_a_ac3_125.m4s" status=200 tag="video" file_size=158884 bytes_sent=158884 dur_ms=21 complete=true error=null
time="2025-11-15 16:56:11" method="GET" path="/segments/v1080/gf_v1080_124.m4s" status=200 tag="video" file_size=1726277 bytes_sent=1726277 dur_ms=116 complete=true error=null
time="2025-11-15 16:56:11" method="GET" path="/segments/a_ac3/gf_a_ac3_126.m4s" status=200 tag="video" file_size=161444 bytes_sent=161444 dur_ms=20 complete=true error=null
time="2025-11-15 16:56:11" method="GET" path="/segments/v1080/gf_v1080_125.m4s" status=200 tag="video" file_size=1761074 bytes_sent=1761074 dur_ms=90 complete=true error=null
time="2025-11-15 16:56:11" method="GET" path="/segments/a_ac3/gf_a_ac3_127.m4s" status=200 tag="video" file_size=158884 bytes_sent=158884 dur_ms=16 complete=true error=null
time="2025-11-15 16:56:11" method="GET" path="/segments/v1080/gf_v1080_126.m4s" status=200 tag="video" file_size=1658317 bytes_sent=1658317 dur_ms=101 complete=true error=null
time="2025-11-15 16:56:11" method="GET" path="/segments/a_ac3/gf_a_ac3_128.m4s" status=200 tag="video" file_size=161444 bytes_sent=161444 dur_ms=20 complete=true error=null
time="2025-11-15 16:56:11" method="GET" path="/segments/v1080/gf_v1080_127.m4s" status=200 tag="video" file_size=1841218 bytes_sent=1841218 dur_ms=100 complete=true error=null
time="2025-11-15 16:56:11" method="GET" path="/segments/a_ac3/gf_a_ac3_129.m4s" status=200 tag="video" file_size=158884 bytes_sent=158884 dur_ms=13 complete=true error=null
time="2025-11-15 16:56:12" method="GET" path="/segments/v1080/gf_v1080_128.m4s" status=200 tag="video" file_size=1774281 bytes_sent=1774281 dur_ms=103 complete=true error=null
time="2025-11-15 16:56:12" method="GET" path="/segments/a_ac3/gf_a_ac3_134.m4s" status=200 tag="video" file_size=161444 bytes_sent=161444 dur_ms=16 complete=true error=null
time="2025-11-15 16:56:12" method="GET" path="/segments/a_ac3/gf_a_ac3_135.m4s" status=200 tag="video" file_size=158884 bytes_sent=158884 dur_ms=23 complete=true error=null
time="2025-11-15 16:56:12" method="GET" path="/segments/v1080/gf_v1080_134.m4s" status=200 tag="video" file_size=1596560 bytes_sent=1596560 dur_ms=91 complete=true error=null
time="2025-11-15 16:56:12" method="GET" path="/segments/a_ac3/gf_a_ac3_136.m4s" status=200 tag="video" file_size=161444 bytes_sent=161444 dur_ms=15 complete=true error=null
time="2025-11-15 16:56:12" method="GET" path="/segments/v1080/gf_v1080_135.m4s" status=200 tag="video" file_size=1752861 bytes_sent=1752861 dur_ms=87 complete=true error=null
time="2025-11-15 16:56:12" method="GET" path="/segments/a_ac3/gf_a_ac3_137.m4s" status=200 tag="video" file_size=158884 bytes_sent=158884 dur_ms=19 complete=true error=null
time="2025-11-15 16:56:12" method="GET" path="/segments/v1080/gf_v1080_136.m4s" status=200 tag="video" file_size=1684990 bytes_sent=1684990 dur_ms=89 complete=true error=null
time="2025-11-15 16:56:12" method="GET" path="/segments/a_ac3/gf_a_ac3_138.m4s" status=200 tag="video" file_size=161444 bytes_sent=161444 dur_ms=15 complete=true error=null
time="2025-11-15 16:56:12" method="GET" path="/segments/v1080/gf_v1080_137.m4s" status=200 tag="video" file_size=2126866 bytes_sent=2126866 dur_ms=105 complete=true error=null
time="2025-11-15 16:56:12" method="GET" path="/segments/a_ac3/gf_a_ac3_139.m4s" status=200 tag="video" file_size=158884 bytes_sent=158884 dur_ms=18 complete=true error=null
time="2025-11-15 16:56:12" method="GET" path="/segments/v1080/gf_v1080_138.m4s" status=200 tag="video" file_size=1678244 bytes_sent=1678244 dur_ms=85 complete=true error=null
time="2025-11-15 16:56:12" method="GET" path="/segments/a_ac3/gf_a_ac3_140.m4s" status=200 tag="video" file_size=161444 bytes_sent=161444 dur_ms=21 complete=true error=null
time="2025-11-15 16:56:12" method="GET" path="/segments/v1080/gf_v1080_139.m4s" status=200 tag="video" file_size=1185249 bytes_sent=1185249 dur_ms=64 complete=true error=null
time="2025-11-15 16:56:12" method="GET" path="/segments/a_ac3/gf_a_ac3_141.m4s" status=200 tag="video" file_size=158884 bytes_sent=158884 dur_ms=20 complete=true error=null
time="2025-11-15 16:56:12" method="GET" path="/segments/v1080/gf_v1080_140.m4s" status=200 tag="video" file_size=1746985 bytes_sent=1746985 dur_ms=102 complete=true error=null
time="2025-11-15 16:56:12" method="GET" path="/segments/a_ac3/gf_a_ac3_142.m4s" status=200 tag="video" file_size=161444 bytes_sent=161444 dur_ms=24 complete=true error=null
time="2025-11-15 16:56:13" method="GET" path="/segments/v1080/gf_v1080_141.m4s" status=200 tag="video" file_size=2437660 bytes_sent=2437660 dur_ms=136 complete=true error=null
time="2025-11-15 16:56:13" method="GET" path="/segments/a_ac3/gf_a_ac3_143.m4s" status=200 tag="video" file_size=158884 bytes_sent=158884 dur_ms=21 complete=true error=null
time="2025-11-15 16:56:13" method="GET" path="/segments/v1080/gf_v1080_142.m4s" status=200 tag="video" file_size=1751165 bytes_sent=1751165 dur_ms=95 complete=true error=null
time="2025-11-15 16:56:13" method="GET" path="/segments/a_ac3/gf_a_ac3_144.m4s" status=200 tag="video" file_size=161444 bytes_sent=161444 dur_ms=16 complete=true error=null
time="2025-11-15 16:56:13" method="GET" path="/segments/v1080/gf_v1080_143.m4s" status=200 tag="video" file_size=1739976 bytes_sent=1739976 dur_ms=85 complete=true error=null
time="2025-11-15 16:56:13" method="GET" path="/segments/a_ac3/gf_a_ac3_145.m4s" status=200 tag="video" file_size=158884 bytes_sent=158884 dur_ms=19 complete=true error=null
time="2025-11-15 16:56:13" method="GET" path="/segments/v1080/gf_v1080_144.m4s" status=200 tag="video" file_size=1759283 bytes_sent=1759283 dur_ms=94 complete=true error=null
time="2025-11-15 16:56:13" method="GET" path="/segments/a_ac3/gf_a_ac3_146.m4s" status=200 tag="video" file_size=161444 bytes_sent=161444 dur_ms=13 complete=true error=null
time="2025-11-15 16:56:13" method="GET" path="/segments/v1080/gf_v1080_145.m4s" status=200 tag="video" file_size=1303764 bytes_sent=1303764 dur_ms=81 complete=true error=null
time="2025-11-15 16:56:13" method="GET" path="/segments/a_ac3/gf_a_ac3_147.m4s" status=200 tag="video" file_size=158884 bytes_sent=158884 dur_ms=19 complete=true error=null
time="2025-11-15 16:56:13" method="GET" path="/segments/v1080/gf_v1080_146.m4s" status=200 tag="video" file_size=1882094 bytes_sent=1882094 dur_ms=102 complete=true error=null
time="2025-11-15 16:56:13" method="GET" path="/segments/a_ac3/gf_a_ac3_148.m4s" status=200 tag="video" file_size=161444 bytes_sent=161444 dur_ms=22 complete=true error=null
time="2025-11-15 16:56:13" method="GET" path="/segments/v1080/gf_v1080_147.m4s" status=200 tag="video" file_size=1745276 bytes_sent=1745276 dur_ms=88 complete=true error=null
time="2025-11-15 16:56:13" method="GET" path="/segments/a_ac3/gf_a_ac3_149.m4s" status=200 tag="video" file_size=151208 bytes_sent=151208 dur_ms=22 complete=true error=null
time="2025-11-15 16:56:13" method="GET" path="/segments/v1080/gf_v1080_148.m4s" status=200 tag="video" file_size=1789892 bytes_sent=1789892 dur_ms=115 complete=true error=null
time="2025-11-15 16:56:14" method="GET" path="/segments/v1080/gf_v1080_149.m4s" status=200 tag="video" file_size=1416908 bytes_sent=1416908 dur_ms=80 complete=true error=null
time="2025-11-15 16:56:14" method="GET" path="/segments/a_ac3/gf_a_ac3_62.m4s" status=200 tag="video" file_size=161444 bytes_sent=161444 dur_ms=19 complete=true error=null
time="2025-11-15 16:56:14" method="GET" path="/segments/v1080/gf_v1080_62.m4s" status=200 tag="video" file_size=1326510 bytes_sent=1326510 dur_ms=62 complete=true error=null
time="2025-11-15 16:56:14" method="GET" path="/segments/a_ac3/gf_a_ac3_63.m4s" status=200 tag="video" file_size=158884 bytes_sent=158884 dur_ms=37 complete=true error=null
time="2025-11-15 16:56:14" method="GET" path="/segments/a_ac3/gf_a_ac3_64.m4s" status=200 tag="video" file_size=161444 bytes_sent=161444 dur_ms=17 complete=true error=null
time="2025-11-15 16:56:14" method="GET" path="/segments/v1080/gf_v1080_63.m4s" status=200 tag="video" file_size=1660196 bytes_sent=1660196 dur_ms=104 complete=true error=null
time="2025-11-15 16:56:14" method="GET" path="/segments/a_ac3/gf_a_ac3_65.m4s" status=200 tag="video" file_size=158884 bytes_sent=158884 dur_ms=20 complete=true error=null
time="2025-11-15 16:56:14" method="GET" path="/segments/v1080/gf_v1080_64.m4s" status=200 tag="video" file_size=1841062 bytes_sent=1841062 dur_ms=95 complete=true error=null
time="2025-11-15 16:56:14" method="GET" path="/segments/a_ac3/gf_a_ac3_66.m4s" status=200 tag="video" file_size=161444 bytes_sent=161444 dur_ms=16 complete=true error=null
time="2025-11-15 16:56:14" method="GET" path="/segments/v1080/gf_v1080_65.m4s" status=200 tag="video" file_size=1812985 bytes_sent=1812985 dur_ms=94 complete=true error=null
time="2025-11-15 16:56:14" method="GET" path="/segments/a_ac3/gf_a_ac3_67.m4s" status=200 tag="video" file_size=158884 bytes_sent=158884 dur_ms=17 complete=true error=null
time="2025-11-15 16:56:14" method="GET" path="/segments/v1080/gf_v1080_66.m4s" status=200 tag="video" file_size=1729249 bytes_sent=1729249 dur_ms=90 complete=true error=null
time="2025-11-15 16:56:14" method="GET" path="/segments/a_ac3/gf_a_ac3_68.m4s" status=200 tag="video" file_size=161444 bytes_sent=161444 dur_ms=16 complete=true error=null
time="2025-11-15 16:56:14" method="GET" path="/segments/v1080/gf_v1080_67.m4s" status=200 tag="video" file_size=1625863 bytes_sent=1625863 dur_ms=81 complete=true error=null
time="2025-11-15 16:56:14" method="GET" path="/segments/a_ac3/gf_a_ac3_69.m4s" status=200 tag="video" file_size=158884 bytes_sent=158884 dur_ms=19 complete=true error=null
time="2025-11-15 16:56:14" method="GET" path="/segments/v1080/gf_v1080_68.m4s" status=200 tag="video" file_size=1932860 bytes_sent=1932860 dur_ms=92 complete=true error=null
time="2025-11-15 16:56:15" method="GET" path="/segments/a_ac3/gf_a_ac3_70.m4s" status=200 tag="video" file_size=161444 bytes_sent=161444 dur_ms=19 complete=true error=null
time="2025-11-15 16:56:15" method="GET" path="/segments/v1080/gf_v1080_69.m4s" status=200 tag="video" file_size=1628326 bytes_sent=1628326 dur_ms=113 complete=true error=null
time="2025-11-15 16:56:15" method="GET" path="/segments/a_ac3/gf_a_ac3_71.m4s" status=200 tag="video" file_size=158884 bytes_sent=158884 dur_ms=14 complete=true error=null
time="2025-11-15 16:56:15" method="GET" path="/segments/v1080/gf_v1080_70.m4s" status=200 tag="video" file_size=1951392 bytes_sent=1951392 dur_ms=103 complete=true error=null
time="2025-11-15 16:56:15" method="GET" path="/segments/a_ac3/gf_a_ac3_72.m4s" status=200 tag="video" file_size=161444 bytes_sent=161444 dur_ms=19 complete=true error=null
time="2025-11-15 16:56:15" method="GET" path="/segments/v1080/gf_v1080_71.m4s" status=200 tag="video" file_size=1746930 bytes_sent=1746930 dur_ms=114 complete=true error=null
time="2025-11-15 16:56:15" method="GET" path="/segments/a_ac3/gf_a_ac3_73.m4s" status=200 tag="video" file_size=158884 bytes_sent=158884 dur_ms=16 complete=true error=null
time="2025-11-15 16:56:15" method="GET" path="/segments/v1080/gf_v1080_72.m4s" status=200 tag="video" file_size=1429936 bytes_sent=1429936 dur_ms=74 complete=true error=null
time="2025-11-15 16:56:15" method="GET" path="/segments/a_ac3/gf_a_ac3_74.m4s" status=200 tag="video" file_size=161444 bytes_sent=161444 dur_ms=16 complete=true error=null
time="2025-11-15 16:56:15" method="GET" path="/segments/v1080/gf_v1080_73.m4s" status=200 tag="video" file_size=1855626 bytes_sent=1855626 dur_ms=91 complete=true error=null
time="2025-11-15 16:56:15" method="GET" path="/segments/a_ac3/gf_a_ac3_75.m4s" status=200 tag="video" file_size=158884 bytes_sent=158884 dur_ms=22 complete=true error=null
time="2025-11-15 16:56:15" method="GET" path="/segments/v1080/gf_v1080_74.m4s" status=200 tag="video" file_size=1702758 bytes_sent=1702758 dur_ms=86 complete=true error=null
time="2025-11-15 16:56:15" method="GET" path="/segments/a_ac3/gf_a_ac3_76.m4s" status=200 tag="video" file_size=161444 bytes_sent=161444 dur_ms=13 complete=true error=null
time="2025-11-15 16:56:15" method="GET" path="/segments/v1080/gf_v1080_75.m4s" status=200 tag="video" file_size=1698621 bytes_sent=1698621 dur_ms=101 complete=true error=null
time="2025-11-15 16:56:15" method="GET" path="/segments/a_ac3/gf_a_ac3_77.m4s" status=200 tag="video" file_size=158884 bytes_sent=158884 dur_ms=16 complete=true error=null
time="2025-11-15 16:56:16" method="GET" path="/segments/v1080/gf_v1080_76.m4s" status=200 tag="video" file_size=1949199 bytes_sent=1949199 dur_ms=95 complete=true error=null
time="2025-11-15 16:56:16" method="GET" path="/segments/a_ac3/gf_a_ac3_78.m4s" status=200 tag="video" file_size=161444 bytes_sent=161444 dur_ms=15 complete=true error=null
time="2025-11-15 16:56:16" method="GET" path="/segments/v1080/gf_v1080_77.m4s" status=200 tag="video" file_size=1510750 bytes_sent=1510750 dur_ms=102 complete=true error=null
time="2025-11-15 16:56:16" method="GET" path="/segments/a_ac3/gf_a_ac3_79.m4s" status=200 tag="video" file_size=158884 bytes_sent=158884 dur_ms=15 complete=true error=null
time="2025-11-15 16:56:16" method="GET" path="/segments/v1080/gf_v1080_78.m4s" status=200 tag="video" file_size=1639622 bytes_sent=1639622 dur_ms=86 complete=true error=null
time="2025-11-15 16:56:16" method="GET" path="/segments/a_ac3/gf_a_ac3_80.m4s" status=200 tag="video" file_size=161444 bytes_sent=161444 dur_ms=15 complete=true error=null
time="2025-11-15 16:56:16" method="GET" path="/segments/v1080/gf_v1080_79.m4s" status=200 tag="video" file_size=1961254 bytes_sent=1961254 dur_ms=100 complete=true error=null
time="2025-11-15 16:56:16" method="GET" path="/segments/a_ac3/gf_a_ac3_81.m4s" status=200 tag="video" file_size=158884 bytes_sent=158884 dur_ms=30 complete=true error=null
time="2025-11-15 16:56:16" method="GET" path="/segments/v1080/gf_v1080_80.m4s" status=200 tag="video" file_size=1749418 bytes_sent=1749418 dur_ms=92 complete=true error=null
time="2025-11-15 16:56:16" method="GET" path="/segments/a_ac3/gf_a_ac3_82.m4s" status=200 tag="video" file_size=161444 bytes_sent=161444 dur_ms=17 complete=true error=null
time="2025-11-15 16:56:16" method="GET" path="/segments/v1080/gf_v1080_81.m4s" status=200 tag="video" file_size=1668735 bytes_sent=1668735 dur_ms=82 complete=true error=null
time="2025-11-15 16:56:16" method="GET" path="/segments/a_ac3/gf_a_ac3_83.m4s" status=200 tag="video" file_size=158884 bytes_sent=158884 dur_ms=14 complete=true error=null
time="2025-11-15 16:56:16" method="GET" path="/segments/v1080/gf_v1080_82.m4s" status=200 tag="video" file_size=1682871 bytes_sent=1682871 dur_ms=102 complete=true error=null
time="2025-11-15 16:56:16" method="GET" path="/segments/a_ac3/gf_a_ac3_84.m4s" status=200 tag="video" file_size=161444 bytes_sent=161444 dur_ms=16 complete=true error=null
time="2025-11-15 16:56:16" method="GET" path="/segments/v1080/gf_v1080_83.m4s" status=200 tag="video" file_size=1910507 bytes_sent=1910507 dur_ms=118 complete=true error=null
time="2025-11-15 16:56:17" method="GET" path="/segments/a_ac3/gf_a_ac3_85.m4s" status=200 tag="video" file_size=158884 bytes_sent=158884 dur_ms=15 complete=true error=null
time="2025-11-15 16:56:17" method="GET" path="/segments/v1080/gf_v1080_84.m4s" status=200 tag="video" file_size=1814530 bytes_sent=1814530 dur_ms=96 complete=true error=null
time="2025-11-15 16:56:17" method="GET" path="/segments/a_ac3/gf_a_ac3_86.m4s" status=200 tag="video" file_size=161444 bytes_sent=161444 dur_ms=21 complete=true error=null
time="2025-11-15 16:56:17" method="GET" path="/segments/v1080/gf_v1080_85.m4s" status=200 tag="video" file_size=1764798 bytes_sent=1764798 dur_ms=97 complete=true error=null
time="2025-11-15 16:56:17" method="GET" path="/segments/a_ac3/gf_a_ac3_87.m4s" status=200 tag="video" file_size=158884 bytes_sent=158884 dur_ms=13 complete=true error=null
time="2025-11-15 16:56:17" method="GET" path="/segments/v1080/gf_v1080_86.m4s" status=200 tag="video" file_size=2097691 bytes_sent=2097691 dur_ms=106 complete=true error=null
time="2025-11-15 16:56:17" method="GET" path="/segments/a_ac3/gf_a_ac3_88.m4s" status=200 tag="video" file_size=161444 bytes_sent=161444 dur_ms=14 complete=true error=null
time="2025-11-15 16:56:17" method="GET" path="/segments/v1080/gf_v1080_87.m4s" status=200 tag="video" file_size=1256884 bytes_sent=1256884 dur_ms=70 complete=true error=null
time="2025-11-15 16:56:17" method="GET" path="/segments/a_ac3/gf_a_ac3_89.m4s" status=200 tag="video" file_size=158884 bytes_sent=158884 dur_ms=14 complete=true error=null
time="2025-11-15 16:56:17" method="GET" path="/segments/v1080/gf_v1080_88.m4s" status=200 tag="video" file_size=1617538 bytes_sent=1617538 dur_ms=79 complete=true error=null
time="2025-11-15 16:56:17" method="GET" path="/segments/a_ac3/gf_a_ac3_90.m4s" status=200 tag="video" file_size=161444 bytes_sent=161444 dur_ms=14 complete=true error=null
time="2025-11-15 16:56:17" method="GET" path="/segments/v1080/gf_v1080_89.m4s" status=200 tag="video" file_size=1663450 bytes_sent=1663450 dur_ms=93 complete=true error=null
time="2025-11-15 16:56:21" method="GET" path="/segments/a_ac3/gf_a_ac3_126.m4s" status=200 tag="video" file_size=161444 bytes_sent=161444 dur_ms=28 complete=true error=null
time="2025-11-15 16:56:21" method="GET" path="/segments/v1080/gf_v1080_126.m4s" status=200 tag="video" file_size=1658317 bytes_sent=1658317 dur_ms=85 complete=true error=null
time="2025-11-15 16:56:21" method="GET" path="/segments/a_ac3/gf_a_ac3_127.m4s" status=200 tag="video" file_size=158884 bytes_sent=158884 dur_ms=38 complete=true error=null
time="2025-11-15 16:56:21" method="GET" path="/segments/a_ac3/gf_a_ac3_128.m4s" status=200 tag="video" file_size=161444 bytes_sent=161444 dur_ms=23 complete=true error=null
time="2025-11-15 16:56:22" method="GET" path="/segments/v1080/gf_v1080_127.m4s" status=200 tag="video" file_size=1841218 bytes_sent=1841218 dur_ms=104 complete=true error=null
time="2025-11-15 16:56:22" method="GET" path="/segments/a_ac3/gf_a_ac3_129.m4s" status=200 tag="video" file_size=158884 bytes_sent=158884 dur_ms=17 complete=true error=null
time="2025-11-15 16:56:22" method="GET" path="/segments/v1080/gf_v1080_128.m4s" status=200 tag="video" file_size=1774281 bytes_sent=1774281 dur_ms=90 complete=true error=null
time="2025-11-15 16:56:22" method="GET" path="/segments/a_ac3/gf_a_ac3_130.m4s" status=200 tag="video" file_size=161444 bytes_sent=161444 dur_ms=17 complete=true error=null
time="2025-11-15 16:56:22" method="GET" path="/segments/v1080/gf_v1080_129.m4s" status=200 tag="video" file_size=1598739 bytes_sent=1598739 dur_ms=84 complete=true error=null
time="2025-11-15 16:56:22" method="GET" path="/segments/a_ac3/gf_a_ac3_131.m4s" status=200 tag="video" file_size=158884 bytes_sent=158884 dur_ms=15 complete=true error=null
time="2025-11-15 16:56:22" method="GET" path="/segments/v1080/gf_v1080_130.m4s" status=200 tag="video" file_size=1704317 bytes_sent=1704317 dur_ms=87 complete=true error=null
time="2025-11-15 16:56:22" method="GET" path="/segments/a_ac3/gf_a_ac3_132.m4s" status=200 tag="video" file_size=161444 bytes_sent=161444 dur_ms=24 complete=true error=null
time="2025-11-15 16:56:22" method="GET" path="/segments/v1080/gf_v1080_131.m4s" status=200 tag="video" file_size=1501104 bytes_sent=1501104 dur_ms=84 complete=true error=null
time="2025-11-15 16:56:22" method="GET" path="/segments/a_ac3/gf_a_ac3_133.m4s" status=200 tag="video" file_size=158884 bytes_sent=158884 dur_ms=18 complete=true error=null
time="2025-11-15 16:56:22" method="GET" path="/segments/v1080/gf_v1080_132.m4s" status=200 tag="video" file_size=2002811 bytes_sent=2002811 dur_ms=110 complete=true error=null
time="2025-11-15 16:56:22" method="GET" path="/segments/a_ac3/gf_a_ac3_134.m4s" status=200 tag="video" file_size=161444 bytes_sent=161444 dur_ms=15 complete=true error=null
time="2025-11-15 16:56:23" method="GET" path="/segments/v1080/gf_v1080_133.m4s" status=200 tag="video" file_size=1790069 bytes_sent=1790069 dur_ms=93 complete=true error=null
time="2025-11-15 16:56:23" method="GET" path="/segments/a_ac3/gf_a_ac3_135.m4s" status=200 tag="video" file_size=158884 bytes_sent=158884 dur_ms=16 complete=true error=null
time="2025-11-15 16:56:23" method="GET" path="/segments/v1080/gf_v1080_134.m4s" status=200 tag="video" file_size=1596560 bytes_sent=1596560 dur_ms=107 complete=true error=null
time="2025-11-15 16:56:23" method="GET" path="/segments/a_ac3/gf_a_ac3_136.m4s" status=200 tag="video" file_size=161444 bytes_sent=161444 dur_ms=20 complete=true error=null
time="2025-11-15 16:56:23" method="GET" path="/segments/v1080/gf_v1080_135.m4s" status=200 tag="video" file_size=1752861 bytes_sent=1752861 dur_ms=117 complete=true error=null
time="2025-11-15 16:56:23" method="GET" path="/segments/a_ac3/gf_a_ac3_137.m4s" status=200 tag="video" file_size=158884 bytes_sent=158884 dur_ms=16 complete=true error=null
time="2025-11-15 16:56:23" method="GET" path="/segments/v1080/gf_v1080_136.m4s" status=200 tag="video" file_size=1684990 bytes_sent=1684990 dur_ms=101 complete=true error=null
time="2025-11-15 16:56:23" method="GET" path="/segments/a_ac3/gf_a_ac3_138.m4s" status=200 tag="video" file_size=161444 bytes_sent=161444 dur_ms=15 complete=true error=null
time="2025-11-15 16:56:23" method="GET" path="/segments/v1080/gf_v1080_137.m4s" status=200 tag="video" file_size=2126866 bytes_sent=2126866 dur_ms=109 complete=true error=null
time="2025-11-15 16:56:23" method="GET" path="/segments/a_ac3/gf_a_ac3_139.m4s" status=200 tag="video" file_size=158884 bytes_sent=158884 dur_ms=17 complete=true error=null
time="2025-11-15 16:56:23" method="GET" path="/segments/v1080/gf_v1080_138.m4s" status=200 tag="video" file_size=1678244 bytes_sent=1678244 dur_ms=96 complete=true error=null
time="2025-11-15 16:56:23" method="GET" path="/segments/a_ac3/gf_a_ac3_140.m4s" status=200 tag="video" file_size=161444 bytes_sent=161444 dur_ms=16 complete=true error=null
time="2025-11-15 16:56:23" method="GET" path="/segments/v1080/gf_v1080_139.m4s" status=200 tag="video" file_size=1185249 bytes_sent=1185249 dur_ms=63 complete=true error=null
time="2025-11-15 16:56:23" method="GET" path="/segments/a_ac3/gf_a_ac3_141.m4s" status=200 tag="video" file_size=158884 bytes_sent=158884 dur_ms=18 complete=true error=null
time="2025-11-15 16:56:23" method="GET" path="/segments/v1080/gf_v1080_140.m4s" status=200 tag="video" file_size=1746985 bytes_sent=1746985 dur_ms=94 complete=true error=null
time="2025-11-15 16:56:24" method="GET" path="/segments/a_ac3/gf_a_ac3_142.m4s" status=200 tag="video" file_size=161444 bytes_sent=161444 dur_ms=16 complete=true error=null
time="2025-11-15 16:56:24" method="GET" path="/segments/v1080/gf_v1080_141.m4s" status=200 tag="video" file_size=2437660 bytes_sent=2437660 dur_ms=92 complete=true error=null
time="2025-11-15 16:56:24" method="GET" path="/segments/a_ac3/gf_a_ac3_143.m4s" status=200 tag="video" file_size=158884 bytes_sent=158884 dur_ms=16 complete=true error=null
time="2025-11-15 16:56:24" method="GET" path="/segments/v1080/gf_v1080_142.m4s" status=200 tag="video" file_size=1751165 bytes_sent=1751165 dur_ms=94 complete=true error=null
time="2025-11-15 16:56:24" method="GET" path="/segments/a_ac3/gf_a_ac3_144.m4s" status=200 tag="video" file_size=161444 bytes_sent=161444 dur_ms=16 complete=true error=null
time="2025-11-15 16:56:24" method="GET" path="/segments/v1080/gf_v1080_143.m4s" status=200 tag="video" file_size=1739976 bytes_sent=1739976 dur_ms=87 complete=true error=null
time="2025-11-15 16:56:24" method="GET" path="/segments/a_ac3/gf_a_ac3_145.m4s" status=200 tag="video" file_size=158884 bytes_sent=158884 dur_ms=17 complete=true error=null
time="2025-11-15 16:56:24" method="GET" path="/segments/v1080/gf_v1080_144.m4s" status=200 tag="video" file_size=1759283 bytes_sent=1759283 dur_ms=103 complete=true error=null
time="2025-11-15 16:56:24" method="GET" path="/segments/a_ac3/gf_a_ac3_146.m4s" status=200 tag="video" file_size=161444 bytes_sent=161444 dur_ms=16 complete=true error=null
time="2025-11-15 16:56:24" method="GET" path="/segments/v1080/gf_v1080_145.m4s" status=200 tag="video" file_size=1303764 bytes_sent=1303764 dur_ms=79 complete=true error=null
time="2025-11-15 16:56:24" method="GET" path="/segments/a_ac3/gf_a_ac3_147.m4s" status=200 tag="video" file_size=158884 bytes_sent=158884 dur_ms=19 complete=true error=null
time="2025-11-15 16:56:24" method="GET" path="/segments/v1080/gf_v1080_146.m4s" status=200 tag="video" file_size=1882094 bytes_sent=1882094 dur_ms=101 complete=true error=null
time="2025-11-15 16:56:24" method="GET" path="/segments/a_ac3/gf_a_ac3_148.m4s" status=200 tag="video" file_size=161444 bytes_sent=161444 dur_ms=16 complete=true error=null
time="2025-11-15 16:56:24" method="GET" path="/segments/v1080/gf_v1080_147.m4s" status=200 tag="video" file_size=1745276 bytes_sent=1745276 dur_ms=97 complete=true error=null
time="2025-11-15 16:56:24" method="GET" path="/segments/a_ac3/gf_a_ac3_149.m4s" status=200 tag="video" file_size=151208 bytes_sent=151208 dur_ms=20 complete=true error=null
time="2025-11-15 16:56:24" method="GET" path="/segments/v1080/gf_v1080_148.m4s" status=200 tag="video" file_size=1789892 bytes_sent=1789892 dur_ms=96 complete=true error=null
time="2025-11-15 16:56:25" method="GET" path="/segments/v1080/gf_v1080_149.m4s" status=200 tag="video" file_size=1416908 bytes_sent=1416908 dur_ms=89 complete=true error=null
time="2025-11-15 16:56:46" method="GET" path="/Godfather.mpd" status=200 tag="mpd" file_size=6999 bytes_sent=6999 dur_ms=0 complete=true error=null
time="2025-11-15 16:56:47" method="GET" path="/Godfather.mpd" status=200 tag="mpd" file_size=6999 bytes_sent=6999 dur_ms=0 complete=true error=null
time="2025-11-15 16:56:47" method="GET" path="/segments/a_ac3/initgf_a_ac3_.mp4" status=200 tag="init" file_size=836 bytes_sent=836 dur_ms=1 complete=true error=null
time="2025-11-15 16:56:47" method="GET" path="/segments/v1080/initgf_v1080_.mp4" status=200 tag="init" file_size=999 bytes_sent=999 dur_ms=0 complete=true error=null
time="2025-11-15 16:56:47" method="GET" path="/segments/a_ac3/gf_a_ac3_1.m4s" status=200 tag="video" file_size=169124 bytes_sent=169124 dur_ms=24 complete=true error=null
time="2025-11-15 16:56:47" method="GET" path="/segments/v1080/gf_v1080_1.m4s" status=200 tag="video" file_size=1860167 bytes_sent=1860167 dur_ms=96 complete=true error=null
time="2025-11-15 16:56:47" method="GET" path="/segments/a_ac3/gf_a_ac3_2.m4s" status=200 tag="video" file_size=161444 bytes_sent=161444 dur_ms=15 complete=true error=null
time="2025-11-15 16:56:47" method="GET" path="/segments/a_ac3/gf_a_ac3_3.m4s" status=200 tag="video" file_size=158884 bytes_sent=158884 dur_ms=29 complete=true error=null
time="2025-11-15 16:56:47" method="GET" path="/segments/v1080/gf_v1080_2.m4s" status=200 tag="video" file_size=1853685 bytes_sent=1853685 dur_ms=107 complete=true error=null
time="2025-11-15 16:56:47" method="GET" path="/segments/a_ac3/gf_a_ac3_4.m4s" status=200 tag="video" file_size=161444 bytes_sent=161444 dur_ms=14 complete=true error=null
time="2025-11-15 16:56:47" method="GET" path="/segments/v1080/gf_v1080_3.m4s" status=200 tag="video" file_size=1876658 bytes_sent=1876658 dur_ms=80 complete=true error=null
time="2025-11-15 16:56:47" method="GET" path="/segments/a_ac3/gf_a_ac3_5.m4s" status=200 tag="video" file_size=158884 bytes_sent=158884 dur_ms=14 complete=true error=null
time="2025-11-15 16:56:47" method="GET" path="/segments/v1080/gf_v1080_4.m4s" status=200 tag="video" file_size=1682894 bytes_sent=1682894 dur_ms=88 complete=true error=null
time="2025-11-15 16:56:47" method="GET" path="/segments/a_ac3/gf_a_ac3_6.m4s" status=200 tag="video" file_size=161444 bytes_sent=161444 dur_ms=19 complete=true error=null
time="2025-11-15 16:56:47" method="GET" path="/segments/v1080/gf_v1080_5.m4s" status=200 tag="video" file_size=1833065 bytes_sent=1833065 dur_ms=95 complete=true error=null
time="2025-11-15 16:56:47" method="GET" path="/segments/a_ac3/gf_a_ac3_7.m4s" status=200 tag="video" file_size=158884 bytes_sent=158884 dur_ms=20 complete=true error=null
time="2025-11-15 16:56:47" method="GET" path="/segments/v1080/gf_v1080_6.m4s" status=200 tag="video" file_size=1690840 bytes_sent=1690840 dur_ms=98 complete=true error=null
time="2025-11-15 16:56:47" method="GET" path="/segments/a_ac3/gf_a_ac3_8.m4s" status=200 tag="video" file_size=161444 bytes_sent=161444 dur_ms=14 complete=true error=null
time="2025-11-15 16:56:47" method="GET" path="/segments/v1080/gf_v1080_7.m4s" status=200 tag="video" file_size=1727513 bytes_sent=1727513 dur_ms=101 complete=true error=null
time="2025-11-15 16:56:47" method="GET" path="/segments/a_ac3/gf_a_ac3_9.m4s" status=200 tag="video" file_size=158884 bytes_sent=158884 dur_ms=14 complete=true error=null
time="2025-11-15 16:56:47" method="GET" path="/segments/v1080/gf_v1080_8.m4s" status=200 tag="video" file_size=1723729 bytes_sent=1723729 dur_ms=81 complete=true error=null
time="2025-11-15 16:56:48" method="GET" path="/segments/a_ac3/gf_a_ac3_10.m4s" status=200 tag="video" file_size=161444 bytes_sent=161444 dur_ms=26 complete=true error=null
time="2025-11-15 16:56:48" method="GET" path="/segments/v1080/gf_v1080_9.m4s" status=200 tag="video" file_size=2007745 bytes_sent=2007745 dur_ms=122 complete=true error=null
time="2025-11-15 16:56:48" method="GET" path="/segments/a_ac3/gf_a_ac3_11.m4s" status=200 tag="video" file_size=158884 bytes_sent=158884 dur_ms=19 complete=true error=null
time="2025-11-15 16:56:48" method="GET" path="/segments/v1080/gf_v1080_10.m4s" status=200 tag="video" file_size=1797897 bytes_sent=1797897 dur_ms=76 complete=true error=null
time="2025-11-15 16:56:48" method="GET" path="/segments/a_ac3/gf_a_ac3_12.m4s" status=200 tag="video" file_size=161444 bytes_sent=161444 dur_ms=17 complete=true error=null
time="2025-11-15 16:56:48" method="GET" path="/segments/v1080/gf_v1080_11.m4s" status=200 tag="video" file_size=1823308 bytes_sent=1823308 dur_ms=86 complete=true error=null
time="2025-11-15 16:56:48" method="GET" path="/segments/a_ac3/gf_a_ac3_13.m4s" status=200 tag="video" file_size=158884 bytes_sent=158884 dur_ms=20 complete=true error=null
time="2025-11-15 16:56:48" method="GET" path="/segments/v1080/gf_v1080_12.m4s" status=200 tag="video" file_size=1774807 bytes_sent=1774807 dur_ms=89 complete=true error=null
time="2025-11-15 16:56:48" method="GET" path="/segments/a_ac3/gf_a_ac3_14.m4s" status=200 tag="video" file_size=161444 bytes_sent=161444 dur_ms=15 complete=true error=null
time="2025-11-15 16:56:48" method="GET" path="/segments/v1080/gf_v1080_13.m4s" status=200 tag="video" file_size=1823028 bytes_sent=1823028 dur_ms=86 complete=true error=null
time="2025-11-15 16:56:48" method="GET" path="/segments/a_ac3/gf_a_ac3_15.m4s" status=200 tag="video" file_size=158884 bytes_sent=158884 dur_ms=21 complete=true error=null
time="2025-11-15 16:56:48" method="GET" path="/segments/v1080/gf_v1080_14.m4s" status=200 tag="video" file_size=2095851 bytes_sent=2095851 dur_ms=121 complete=true error=null
time="2025-11-15 16:56:48" method="GET" path="/segments/a_ac3/gf_a_ac3_16.m4s" status=200 tag="video" file_size=161444 bytes_sent=161444 dur_ms=15 complete=true error=null
time="2025-11-15 16:56:48" method="GET" path="/segments/v1080/gf_v1080_15.m4s" status=200 tag="video" file_size=1617300 bytes_sent=1617300 dur_ms=83 complete=true error=null
time="2025-11-15 16:56:48" method="GET" path="/segments/a_ac3/gf_a_ac3_17.m4s" status=200 tag="video" file_size=158884 bytes_sent=158884 dur_ms=23 complete=true error=null
time="2025-11-15 16:56:48" method="GET" path="/segments/v1080/gf_v1080_16.m4s" status=200 tag="video" file_size=1667338 bytes_sent=1667338 dur_ms=101 complete=true error=null
time="2025-11-15 16:56:49" method="GET" path="/segments/a_ac3/gf_a_ac3_18.m4s" status=200 tag="video" file_size=161444 bytes_sent=161444 dur_ms=16 complete=true error=null
time="2025-11-15 16:56:49" method="GET" path="/segments/v1080/gf_v1080_17.m4s" status=200 tag="video" file_size=1847143 bytes_sent=1847143 dur_ms=104 complete=true error=null
time="2025-11-15 16:56:49" method="GET" path="/segments/a_ac3/gf_a_ac3_139.m4s" status=200 tag="video" file_size=158884 bytes_sent=158884 dur_ms=15 complete=true error=null
time="2025-11-15 16:56:49" method="GET" path="/segments/v1080/gf_v1080_139.m4s" status=200 tag="video" file_size=1185249 bytes_sent=1185249 dur_ms=66 complete=true error=null
time="2025-11-15 16:56:49" method="GET" path="/segments/a_ac3/gf_a_ac3_140.m4s" status=200 tag="video" file_size=161444 bytes_sent=161444 dur_ms=36 complete=true error=null
time="2025-11-15 16:56:49" method="GET" path="/segments/a_ac3/gf_a_ac3_141.m4s" status=200 tag="video" file_size=158884 bytes_sent=158884 dur_ms=12 complete=true error=null
time="2025-11-15 16:56:49" method="GET" path="/segments/v1080/gf_v1080_140.m4s" status=200 tag="video" file_size=1746985 bytes_sent=1746985 dur_ms=98 complete=true error=null
time="2025-11-15 16:56:49" method="GET" path="/segments/a_ac3/gf_a_ac3_142.m4s" status=200 tag="video" file_size=161444 bytes_sent=161444 dur_ms=13 complete=true error=null
time="2025-11-15 16:56:49" method="GET" path="/segments/v1080/gf_v1080_141.m4s" status=200 tag="video" file_size=2437660 bytes_sent=2437660 dur_ms=90 complete=true error=null
time="2025-11-15 16:56:49" method="GET" path="/segments/a_ac3/gf_a_ac3_143.m4s" status=200 tag="video" file_size=158884 bytes_sent=158884 dur_ms=14 complete=true error=null
time="2025-11-15 16:56:49" method="GET" path="/segments/v1080/gf_v1080_142.m4s" status=200 tag="video" file_size=1751165 bytes_sent=1751165 dur_ms=98 complete=true error=null
time="2025-11-15 16:56:49" method="GET" path="/segments/a_ac3/gf_a_ac3_144.m4s" status=200 tag="video" file_size=161444 bytes_sent=161444 dur_ms=19 complete=true error=null
time="2025-11-15 16:56:49" method="GET" path="/segments/v1080/gf_v1080_143.m4s" status=200 tag="video" file_size=1739976 bytes_sent=1739976 dur_ms=87 complete=true error=null
time="2025-11-15 16:56:49" method="GET" path="/segments/a_ac3/gf_a_ac3_145.m4s" status=200 tag="video" file_size=158884 bytes_sent=158884 dur_ms=20 complete=true error=null
time="2025-11-15 16:56:49" method="GET" path="/segments/v1080/gf_v1080_144.m4s" status=200 tag="video" file_size=1759283 bytes_sent=1759283 dur_ms=91 complete=true error=null
time="2025-11-15 16:56:49" method="GET" path="/segments/a_ac3/gf_a_ac3_146.m4s" status=200 tag="video" file_size=161444 bytes_sent=161444 dur_ms=18 complete=true error=null
time="2025-11-15 16:56:49" method="GET" path="/segments/v1080/gf_v1080_145.m4s" status=200 tag="video" file_size=1303764 bytes_sent=1303764 dur_ms=83 complete=true error=null
time="2025-11-15 16:56:50" method="GET" path="/segments/a_ac3/gf_a_ac3_147.m4s" status=200 tag="video" file_size=158884 bytes_sent=158884 dur_ms=16 complete=true error=null
time="2025-11-15 16:56:50" method="GET" path="/segments/v1080/gf_v1080_146.m4s" status=200 tag="video" file_size=1882094 bytes_sent=1882094 dur_ms=95 complete=true error=null
time="2025-11-15 16:56:50" method="GET" path="/segments/a_ac3/gf_a_ac3_148.m4s" status=200 tag="video" file_size=161444 bytes_sent=161444 dur_ms=16 complete=true error=null
time="2025-11-15 16:56:50" method="GET" path="/segments/v1080/gf_v1080_147.m4s" status=200 tag="video" file_size=1745276 bytes_sent=1745276 dur_ms=87 complete=true error=null
time="2025-11-15 16:56:50" method="GET" path="/segments/a_ac3/gf_a_ac3_149.m4s" status=200 tag="video" file_size=151208 bytes_sent=151208 dur_ms=17 complete=true error=null
time="2025-11-15 16:56:50" method="GET" path="/segments/v1080/gf_v1080_148.m4s" status=200 tag="video" file_size=1789892 bytes_sent=1789892 dur_ms=91 complete=true error=null
time="2025-11-15 16:56:50" method="GET" path="/segments/v1080/gf_v1080_149.m4s" status=200 tag="video" file_size=1416908 bytes_sent=1416908 dur_ms=75 complete=true error=null
time="2025-11-15 16:56:52" method="GET" path="/segments/a_ac3/gf_a_ac3_121.m4s" status=200 tag="video" file_size=158884 bytes_sent=158884 dur_ms=33 complete=true error=null
time="2025-11-15 16:56:52" method="GET" path="/segments/v1080/gf_v1080_121.m4s" status=200 tag="video" file_size=1781243 bytes_sent=1781243 dur_ms=96 complete=true error=null
time="2025-11-15 16:56:52" method="GET" path="/segments/a_ac3/gf_a_ac3_122.m4s" status=200 tag="video" file_size=161444 bytes_sent=161444 dur_ms=48 complete=true error=null
time="2025-11-15 16:56:52" method="GET" path="/segments/a_ac3/gf_a_ac3_123.m4s" status=200 tag="video" file_size=158884 bytes_sent=158884 dur_ms=21 complete=true error=null
time="2025-11-15 16:56:52" method="GET" path="/segments/v1080/gf_v1080_122.m4s" status=200 tag="video" file_size=1504901 bytes_sent=1504901 dur_ms=78 complete=true error=null
time="2025-11-15 16:56:52" method="GET" path="/segments/a_ac3/gf_a_ac3_124.m4s" status=200 tag="video" file_size=161444 bytes_sent=161444 dur_ms=14 complete=true error=null
time="2025-11-15 16:56:52" method="GET" path="/segments/v1080/gf_v1080_123.m4s" status=200 tag="video" file_size=1829184 bytes_sent=1829184 dur_ms=86 complete=true error=null
time="2025-11-15 16:56:52" method="GET" path="/segments/a_ac3/gf_a_ac3_125.m4s" status=200 tag="video" file_size=158884 bytes_sent=158884 dur_ms=18 complete=true error=null
time="2025-11-15 16:56:52" method="GET" path="/segments/v1080/gf_v1080_124.m4s" status=200 tag="video" file_size=1726277 bytes_sent=1726277 dur_ms=93 complete=true error=null
time="2025-11-15 16:56:52" method="GET" path="/segments/a_ac3/gf_a_ac3_126.m4s" status=200 tag="video" file_size=161444 bytes_sent=161444 dur_ms=15 complete=true error=null
time="2025-11-15 16:56:52" method="GET" path="/segments/v1080/gf_v1080_125.m4s" status=200 tag="video" file_size=1761074 bytes_sent=1761074 dur_ms=100 complete=true error=null
time="2025-11-15 16:56:53" method="GET" path="/segments/a_ac3/gf_a_ac3_127.m4s" status=200 tag="video" file_size=158884 bytes_sent=158884 dur_ms=17 complete=true error=null
time="2025-11-15 16:56:53" method="GET" path="/segments/v1080/gf_v1080_126.m4s" status=200 tag="video" file_size=1658317 bytes_sent=1658317 dur_ms=105 complete=true error=null
time="2025-11-15 16:56:53" method="GET" path="/segments/a_ac3/gf_a_ac3_128.m4s" status=200 tag="video" file_size=161444 bytes_sent=161444 dur_ms=14 complete=true error=null
time="2025-11-15 16:56:53" method="GET" path="/segments/v1080/gf_v1080_127.m4s" status=200 tag="video" file_size=1841218 bytes_sent=1841218 dur_ms=114 complete=true error=null
time="2025-11-15 16:56:53" method="GET" path="/segments/a_ac3/gf_a_ac3_129.m4s" status=200 tag="video" file_size=158884 bytes_sent=158884 dur_ms=16 complete=true error=null
time="2025-11-15 16:56:53" method="GET" path="/segments/v1080/gf_v1080_128.m4s" status=200 tag="video" file_size=1774281 bytes_sent=1774281 dur_ms=96 complete=true error=null
time="2025-11-15 16:56:53" method="GET" path="/segments/a_ac3/gf_a_ac3_130.m4s" status=200 tag="video" file_size=161444 bytes_sent=161444 dur_ms=21 complete=true error=null
time="2025-11-15 16:56:53" method="GET" path="/segments/v1080/gf_v1080_129.m4s" status=200 tag="video" file_size=1598739 bytes_sent=1598739 dur_ms=75 complete=true error=null
time="2025-11-15 16:56:53" method="GET" path="/segments/a_ac3/gf_a_ac3_131.m4s" status=200 tag="video" file_size=158884 bytes_sent=158884 dur_ms=18 complete=true error=null
time="2025-11-15 16:56:53" method="GET" path="/segments/v1080/gf_v1080_130.m4s" status=200 tag="video" file_size=1704317 bytes_sent=1704317 dur_ms=87 complete=true error=null
time="2025-11-15 16:56:53" method="GET" path="/segments/a_ac3/gf_a_ac3_132.m4s" status=200 tag="video" file_size=161444 bytes_sent=161444 dur_ms=16 complete=true error=null
time="2025-11-15 16:56:53" method="GET" path="/segments/v1080/gf_v1080_131.m4s" status=200 tag="video" file_size=1501104 bytes_sent=1501104 dur_ms=81 complete=true error=null
time="2025-11-15 16:56:53" method="GET" path="/segments/a_ac3/gf_a_ac3_133.m4s" status=200 tag="video" file_size=158884 bytes_sent=158884 dur_ms=15 complete=true error=null
time="2025-11-15 16:56:53" method="GET" path="/segments/v1080/gf_v1080_132.m4s" status=200 tag="video" file_size=2002811 bytes_sent=2002811 dur_ms=124 complete=true error=null
time="2025-11-15 16:56:53" method="GET" path="/segments/a_ac3/gf_a_ac3_134.m4s" status=200 tag="video" file_size=161444 bytes_sent=161444 dur_ms=19 complete=true error=null
time="2025-11-15 16:56:53" method="GET" path="/segments/v1080/gf_v1080_133.m4s" status=200 tag="video" file_size=1790069 bytes_sent=1790069 dur_ms=86 complete=true error=null
time="2025-11-15 16:56:54" method="GET" path="/segments/a_ac3/gf_a_ac3_135.m4s" status=200 tag="video" file_size=158884 bytes_sent=158884 dur_ms=16 complete=true error=null
time="2025-11-15 16:56:54" method="GET" path="/segments/v1080/gf_v1080_134.m4s" status=200 tag="video" file_size=1596560 bytes_sent=1596560 dur_ms=87 complete=true error=null
time="2025-11-15 16:56:54" method="GET" path="/segments/a_ac3/gf_a_ac3_136.m4s" status=200 tag="video" file_size=161444 bytes_sent=161444 dur_ms=14 complete=true error=null
time="2025-11-15 16:56:54" method="GET" path="/segments/v1080/gf_v1080_135.m4s" status=200 tag="video" file_size=1752861 bytes_sent=1752861 dur_ms=97 complete=true error=null
time="2025-11-15 16:56:54" method="GET" path="/segments/a_ac3/gf_a_ac3_137.m4s" status=200 tag="video" file_size=158884 bytes_sent=158884 dur_ms=17 complete=true error=null
time="2025-11-15 16:56:54" method="GET" path="/segments/v1080/gf_v1080_136.m4s" status=200 tag="video" file_size=1684990 bytes_sent=1684990 dur_ms=84 complete=true error=null
time="2025-11-15 16:56:54" method="GET" path="/segments/a_ac3/gf_a_ac3_138.m4s" status=200 tag="video" file_size=161444 bytes_sent=161444 dur_ms=14 complete=true error=null
time="2025-11-15 16:56:54" method="GET" path="/segments/v1080/gf_v1080_137.m4s" status=200 tag="video" file_size=2126866 bytes_sent=2126866 dur_ms=124 complete=true error=null
time="2025-11-15 16:56:54" method="GET" path="/segments/a_ac3/gf_a_ac3_139.m4s" status=200 tag="video" file_size=158884 bytes_sent=158884 dur_ms=17 complete=true error=null
time="2025-11-15 16:56:54" method="GET" path="/segments/v1080/gf_v1080_138.m4s" status=200 tag="video" file_size=1678244 bytes_sent=1678244 dur_ms=90 complete=true error=null
time="2025-11-15 16:56:54" method="GET" path="/segments/a_ac3/gf_a_ac3_140.m4s" status=200 tag="video" file_size=161444 bytes_sent=161444 dur_ms=15 complete=true error=null
time="2025-11-15 16:56:54" method="GET" path="/segments/v1080/gf_v1080_139.m4s" status=200 tag="video" file_size=1185249 bytes_sent=1185249 dur_ms=56 complete=true error=null
time="2025-11-15 16:56:54" method="GET" path="/segments/a_ac3/gf_a_ac3_141.m4s" status=200 tag="video" file_size=158884 bytes_sent=158884 dur_ms=18 complete=true error=null
time="2025-11-15 16:56:54" method="GET" path="/segments/v1080/gf_v1080_140.m4s" status=200 tag="video" file_size=1746985 bytes_sent=1746985 dur_ms=92 complete=true error=null
time="2025-11-15 16:56:54" method="GET" path="/segments/a_ac3/gf_a_ac3_142.m4s" status=200 tag="video" file_size=161444 bytes_sent=161444 dur_ms=22 complete=true error=null
time="2025-11-15 16:56:55" method="GET" path="/segments/v1080/gf_v1080_141.m4s" status=200 tag="video" file_size=2437660 bytes_sent=2437660 dur_ms=139 complete=true error=null
time="2025-11-15 16:56:55" method="GET" path="/segments/a_ac3/gf_a_ac3_143.m4s" status=200 tag="video" file_size=158884 bytes_sent=158884 dur_ms=17 complete=true error=null
time="2025-11-15 16:56:55" method="GET" path="/segments/v1080/gf_v1080_142.m4s" status=200 tag="video" file_size=1751165 bytes_sent=1751165 dur_ms=84 complete=true error=null
time="2025-11-15 16:56:55" method="GET" path="/segments/a_ac3/gf_a_ac3_144.m4s" status=200 tag="video" file_size=161444 bytes_sent=161444 dur_ms=16 complete=true error=null
time="2025-11-15 16:56:55" method="GET" path="/segments/v1080/gf_v1080_143.m4s" status=200 tag="video" file_size=1739976 bytes_sent=1739976 dur_ms=94 complete=true error=null
time="2025-11-15 16:56:55" method="GET" path="/segments/a_ac3/gf_a_ac3_145.m4s" status=200 tag="video" file_size=158884 bytes_sent=158884 dur_ms=27 complete=true error=null
time="2025-11-15 16:56:55" method="GET" path="/segments/v1080/gf_v1080_144.m4s" status=200 tag="video" file_size=1759283 bytes_sent=1759283 dur_ms=108 complete=true error=null
time="2025-11-15 16:56:55" method="GET" path="/segments/a_ac3/gf_a_ac3_146.m4s" status=200 tag="video" file_size=161444 bytes_sent=161444 dur_ms=18 complete=true error=null
time="2025-11-15 16:56:55" method="GET" path="/segments/v1080/gf_v1080_145.m4s" status=200 tag="video" file_size=1303764 bytes_sent=1303764 dur_ms=70 complete=true error=null
time="2025-11-15 16:56:55" method="GET" path="/segments/a_ac3/gf_a_ac3_147.m4s" status=200 tag="video" file_size=158884 bytes_sent=158884 dur_ms=16 complete=true error=null
time="2025-11-15 16:56:55" method="GET" path="/segments/v1080/gf_v1080_146.m4s" status=200 tag="video" file_size=1882094 bytes_sent=1882094 dur_ms=104 complete=true error=null
time="2025-11-15 16:56:55" method="GET" path="/segments/a_ac3/gf_a_ac3_148.m4s" status=200 tag="video" file_size=161444 bytes_sent=161444 dur_ms=19 complete=true error=null
time="2025-11-15 16:56:55" method="GET" path="/segments/v1080/gf_v1080_147.m4s" status=200 tag="video" file_size=1745276 bytes_sent=1745276 dur_ms=90 complete=true error=null
time="2025-11-15 16:56:55" method="GET" path="/segments/a_ac3/gf_a_ac3_149.m4s" status=200 tag="video" file_size=151208 bytes_sent=151208 dur_ms=14 complete=true error=null
time="2025-11-15 16:56:55" method="GET" path="/segments/v1080/gf_v1080_148.m4s" status=200 tag="video" file_size=1789892 bytes_sent=1789892 dur_ms=105 complete=true error=null
time="2025-11-15 16:57:02" method="GET" path="/segments/a_ac3/gf_a_ac3_117.m4s" status=200 tag="video" file_size=158884 bytes_sent=158884 dur_ms=30 complete=true error=null
time="2025-11-15 16:57:02" method="GET" path="/segments/a_ac3/gf_a_ac3_118.m4s" status=200 tag="video" file_size=161444 bytes_sent=161444 dur_ms=48 complete=true error=null
time="2025-11-15 16:57:02" method="GET" path="/segments/v1080/gf_v1080_117.m4s" status=200 tag="video" file_size=2119206 bytes_sent=2119206 dur_ms=129 complete=true error=null
time="2025-11-15 16:57:02" method="GET" path="/segments/a_ac3/gf_a_ac3_119.m4s" status=200 tag="video" file_size=158884 bytes_sent=158884 dur_ms=25 complete=true error=null
time="2025-11-15 16:57:02" method="GET" path="/segments/v1080/gf_v1080_118.m4s" status=200 tag="video" file_size=1710893 bytes_sent=1710893 dur_ms=93 complete=true error=null
time="2025-11-15 16:57:02" method="GET" path="/segments/a_ac3/gf_a_ac3_120.m4s" status=200 tag="video" file_size=161444 bytes_sent=161444 dur_ms=22 complete=true error=null
time="2025-11-15 16:57:02" method="GET" path="/segments/v1080/gf_v1080_119.m4s" status=200 tag="video" file_size=1695552 bytes_sent=1695552 dur_ms=103 complete=true error=null
time="2025-11-15 16:57:02" method="GET" path="/segments/a_ac3/gf_a_ac3_121.m4s" status=200 tag="video" file_size=158884 bytes_sent=158884 dur_ms=16 complete=true error=null
time="2025-11-15 16:57:02" method="GET" path="/segments/v1080/gf_v1080_120.m4s" status=200 tag="video" file_size=1740594 bytes_sent=1740594 dur_ms=86 complete=true error=null
time="2025-11-15 16:57:02" method="GET" path="/segments/a_ac3/gf_a_ac3_122.m4s" status=200 tag="video" file_size=161444 bytes_sent=161444 dur_ms=24 complete=true error=null
time="2025-11-15 16:57:03" method="GET" path="/segments/v1080/gf_v1080_121.m4s" status=200 tag="video" file_size=1781243 bytes_sent=1781243 dur_ms=118 complete=true error=null
time="2025-11-15 16:57:03" method="GET" path="/segments/a_ac3/gf_a_ac3_123.m4s" status=200 tag="video" file_size=158884 bytes_sent=158884 dur_ms=21 complete=true error=null
time="2025-11-15 16:57:03" method="GET" path="/segments/v1080/gf_v1080_122.m4s" status=200 tag="video" file_size=1504901 bytes_sent=1504901 dur_ms=209 complete=true error=null
time="2025-11-15 16:57:03" method="GET" path="/segments/a_ac3/gf_a_ac3_124.m4s" status=200 tag="video" file_size=161444 bytes_sent=161444 dur_ms=16 complete=true error=null
time="2025-11-15 16:57:03" method="GET" path="/segments/v1080/gf_v1080_123.m4s" status=200 tag="video" file_size=1829184 bytes_sent=1829184 dur_ms=85 complete=true error=null
time="2025-11-15 16:57:03" method="GET" path="/segments/a_ac3/gf_a_ac3_125.m4s" status=200 tag="video" file_size=158884 bytes_sent=158884 dur_ms=19 complete=true error=null
time="2025-11-15 16:57:03" method="GET" path="/segments/v1080/gf_v1080_124.m4s" status=200 tag="video" file_size=1726277 bytes_sent=1726277 dur_ms=93 complete=true error=null
time="2025-11-15 16:57:03" method="GET" path="/segments/a_ac3/gf_a_ac3_126.m4s" status=200 tag="video" file_size=161444 bytes_sent=161444 dur_ms=16 complete=true error=null
time="2025-11-15 16:57:03" method="GET" path="/segments/v1080/gf_v1080_125.m4s" status=200 tag="video" file_size=1761074 bytes_sent=1761074 dur_ms=98 complete=true error=null
time="2025-11-15 16:57:03" method="GET" path="/segments/a_ac3/gf_a_ac3_127.m4s" status=200 tag="video" file_size=158884 bytes_sent=158884 dur_ms=13 complete=true error=null
time="2025-11-15 16:57:03" method="GET" path="/segments/v1080/gf_v1080_126.m4s" status=200 tag="video" file_size=1658317 bytes_sent=1658317 dur_ms=91 complete=true error=null
time="2025-11-15 16:57:03" method="GET" path="/segments/a_ac3/gf_a_ac3_128.m4s" status=200 tag="video" file_size=161444 bytes_sent=161444 dur_ms=17 complete=true error=null
time="2025-11-15 16:57:03" method="GET" path="/segments/v1080/gf_v1080_127.m4s" status=200 tag="video" file_size=1841218 bytes_sent=1841218 dur_ms=102 complete=true error=null
time="2025-11-15 16:57:03" method="GET" path="/segments/a_ac3/gf_a_ac3_129.m4s" status=200 tag="video" file_size=158884 bytes_sent=158884 dur_ms=13 complete=true error=null
time="2025-11-15 16:57:04" method="GET" path="/segments/v1080/gf_v1080_128.m4s" status=200 tag="video" file_size=1774281 bytes_sent=1774281 dur_ms=101 complete=true error=null
time="2025-11-15 16:57:04" method="GET" path="/segments/a_ac3/gf_a_ac3_130.m4s" status=200 tag="video" file_size=161444 bytes_sent=161444 dur_ms=15 complete=true error=null
time="2025-11-15 16:57:04" method="GET" path="/segments/v1080/gf_v1080_129.m4s" status=200 tag="video" file_size=1598739 bytes_sent=1598739 dur_ms=85 complete=true error=null
time="2025-11-15 16:57:04" method="GET" path="/segments/a_ac3/gf_a_ac3_131.m4s" status=200 tag="video" file_size=158884 bytes_sent=158884 dur_ms=23 complete=true error=null
time="2025-11-15 16:57:04" method="GET" path="/segments/v1080/gf_v1080_130.m4s" status=200 tag="video" file_size=1704317 bytes_sent=1704317 dur_ms=89 complete=true error=null
time="2025-11-15 16:57:04" method="GET" path="/segments/a_ac3/gf_a_ac3_132.m4s" status=200 tag="video" file_size=161444 bytes_sent=161444 dur_ms=14 complete=true error=null
time="2025-11-15 16:57:04" method="GET" path="/segments/v1080/gf_v1080_131.m4s" status=200 tag="video" file_size=1501104 bytes_sent=1501104 dur_ms=115 complete=true error=null
time="2025-11-15 16:57:04" method="GET" path="/segments/a_ac3/gf_a_ac3_133.m4s" status=200 tag="video" file_size=158884 bytes_sent=158884 dur_ms=15 complete=true error=null
time="2025-11-15 16:57:04" method="GET" path="/segments/v1080/gf_v1080_132.m4s" status=200 tag="video" file_size=2002811 bytes_sent=2002811 dur_ms=99 complete=true error=null
time="2025-11-15 16:57:04" method="GET" path="/segments/a_ac3/gf_a_ac3_134.m4s" status=200 tag="video" file_size=161444 bytes_sent=161444 dur_ms=14 complete=true error=null
time="2025-11-15 16:57:04" method="GET" path="/segments/v1080/gf_v1080_133.m4s" status=200 tag="video" file_size=1790069 bytes_sent=1790069 dur_ms=94 complete=true error=null
time="2025-11-15 16:57:04" method="GET" path="/segments/a_ac3/gf_a_ac3_135.m4s" status=200 tag="video" file_size=158884 bytes_sent=158884 dur_ms=15 complete=true error=null
time="2025-11-15 16:57:04" method="GET" path="/segments/v1080/gf_v1080_134.m4s" status=200 tag="video" file_size=1596560 bytes_sent=1596560 dur_ms=88 complete=true error=null
time="2025-11-15 16:57:04" method="GET" path="/segments/a_ac3/gf_a_ac3_136.m4s" status=200 tag="video" file_size=161444 bytes_sent=161444 dur_ms=18 complete=true error=null
time="2025-11-15 16:57:04" method="GET" path="/segments/v1080/gf_v1080_135.m4s" status=200 tag="video" file_size=1752861 bytes_sent=1752861 dur_ms=107 complete=true error=null
time="2025-11-15 16:57:04" method="GET" path="/segments/a_ac3/gf_a_ac3_137.m4s" status=200 tag="video" file_size=158884 bytes_sent=158884 dur_ms=19 complete=true error=null
time="2025-11-15 16:57:05" method="GET" path="/segments/v1080/gf_v1080_136.m4s" status=200 tag="video" file_size=1684990 bytes_sent=1684990 dur_ms=99 complete=true error=null
time="2025-11-15 16:57:05" method="GET" path="/segments/a_ac3/gf_a_ac3_138.m4s" status=200 tag="video" file_size=161444 bytes_sent=161444 dur_ms=17 complete=true error=null
time="2025-11-15 16:57:05" method="GET" path="/segments/v1080/gf_v1080_137.m4s" status=200 tag="video" file_size=2126866 bytes_sent=2126866 dur_ms=125 complete=true error=null
time="2025-11-15 16:57:05" method="GET" path="/segments/a_ac3/gf_a_ac3_139.m4s" status=200 tag="video" file_size=158884 bytes_sent=158884 dur_ms=17 complete=true error=null
time="2025-11-15 16:57:05" method="GET" path="/segments/v1080/gf_v1080_138.m4s" status=200 tag="video" file_size=1678244 bytes_sent=1678244 dur_ms=87 complete=true error=null
time="2025-11-15 16:57:05" method="GET" path="/segments/a_ac3/gf_a_ac3_140.m4s" status=200 tag="video" file_size=161444 bytes_sent=161444 dur_ms=18 complete=true error=null
time="2025-11-15 16:57:05" method="GET" path="/segments/v1080/gf_v1080_139.m4s" status=200 tag="video" file_size=1185249 bytes_sent=1185249 dur_ms=62 complete=true error=null
time="2025-11-15 16:57:05" method="GET" path="/segments/a_ac3/gf_a_ac3_141.m4s" status=200 tag="video" file_size=158884 bytes_sent=158884 dur_ms=22 complete=true error=null
time="2025-11-15 16:57:05" method="GET" path="/segments/v1080/gf_v1080_140.m4s" status=200 tag="video" file_size=1746985 bytes_sent=1746985 dur_ms=109 complete=true error=null
time="2025-11-15 16:57:05" method="GET" path="/segments/a_ac3/gf_a_ac3_142.m4s" status=200 tag="video" file_size=161444 bytes_sent=161444 dur_ms=18 complete=true error=null
time="2025-11-15 16:57:05" method="GET" path="/segments/v1080/gf_v1080_141.m4s" status=200 tag="video" file_size=2437660 bytes_sent=2437660 dur_ms=120 complete=true error=null
time="2025-11-15 16:57:05" method="GET" path="/segments/a_ac3/gf_a_ac3_143.m4s" status=200 tag="video" file_size=158884 bytes_sent=158884 dur_ms=20 complete=true error=null
time="2025-11-15 16:57:05" method="GET" path="/segments/v1080/gf_v1080_142.m4s" status=200 tag="video" file_size=1751165 bytes_sent=1751165 dur_ms=101 complete=true error=null
time="2025-11-15 16:57:05" method="GET" path="/segments/a_ac3/gf_a_ac3_144.m4s" status=200 tag="video" file_size=161444 bytes_sent=161444 dur_ms=18 complete=true error=null
time="2025-11-15 16:57:05" method="GET" path="/segments/v1080/gf_v1080_143.m4s" status=200 tag="video" file_size=1739976 bytes_sent=1739976 dur_ms=94 complete=true error=null
time="2025-11-15 16:57:05" method="GET" path="/segments/a_ac3/gf_a_ac3_145.m4s" status=200 tag="video" file_size=158884 bytes_sent=158884 dur_ms=17 complete=true error=null
time="2025-11-15 16:57:06" method="GET" path="/segments/v1080/gf_v1080_144.m4s" status=200 tag="video" file_size=1759283 bytes_sent=1759283 dur_ms=91 complete=true error=null
time="2025-11-15 16:57:11" method="GET" path="/segments/a_ac3/gf_a_ac3_146.m4s" status=200 tag="video" file_size=161444 bytes_sent=161444 dur_ms=28 complete=true error=null
time="2025-11-15 16:57:11" method="GET" path="/segments/v1080/gf_v1080_145.m4s" status=200 tag="video" file_size=1303764 bytes_sent=1303764 dur_ms=68 complete=true error=null
time="2025-11-15 16:57:11" method="GET" path="/segments/a_ac3/gf_a_ac3_147.m4s" status=200 tag="video" file_size=158884 bytes_sent=158884 dur_ms=19 complete=true error=null
time="2025-11-15 16:57:11" method="GET" path="/segments/v1080/gf_v1080_146.m4s" status=200 tag="video" file_size=1882094 bytes_sent=1882094 dur_ms=120 complete=true error=null
time="2025-11-15 16:57:11" method="GET" path="/segments/a_ac3/gf_a_ac3_148.m4s" status=200 tag="video" file_size=161444 bytes_sent=161444 dur_ms=15 complete=true error=null
time="2025-11-15 16:57:11" method="GET" path="/segments/v1080/gf_v1080_147.m4s" status=200 tag="video" file_size=1745276 bytes_sent=1745276 dur_ms=88 complete=true error=null
time="2025-11-15 16:57:12" method="GET" path="/segments/a_ac3/gf_a_ac3_149.m4s" status=200 tag="video" file_size=151208 bytes_sent=151208 dur_ms=18 complete=true error=null
time="2025-11-15 16:57:12" method="GET" path="/segments/v1080/gf_v1080_148.m4s" status=200 tag="video" file_size=1789892 bytes_sent=1789892 dur_ms=98 complete=true error=null
time="2025-11-15 16:57:12" method="GET" path="/segments/v1080/gf_v1080_149.m4s" status=200 tag="video" file_size=1416908 bytes_sent=1416908 dur_ms=80 complete=true error=null
time="2025-11-15 16:57:14" method="GET" path="/segments/a_ac3/gf_a_ac3_135.m4s" status=200 tag="video" file_size=158884 bytes_sent=158884 dur_ms=27 complete=true error=null
time="2025-11-15 16:57:14" method="GET" path="/segments/v1080/gf_v1080_135.m4s" status=200 tag="video" file_size=1752861 bytes_sent=1752861 dur_ms=109 complete=true error=null
time="2025-11-15 16:57:14" method="GET" path="/segments/a_ac3/gf_a_ac3_136.m4s" status=200 tag="video" file_size=161444 bytes_sent=161444 dur_ms=56 complete=true error=null
time="2025-11-15 16:57:14" method="GET" path="/segments/a_ac3/gf_a_ac3_137.m4s" status=200 tag="video" file_size=158884 bytes_sent=158884 dur_ms=17 complete=true error=null
time="2025-11-15 16:57:14" method="GET" path="/segments/v1080/gf_v1080_136.m4s" status=200 tag="video" file_size=1684990 bytes_sent=1684990 dur_ms=86 complete=true error=null
time="2025-11-15 16:57:14" method="GET" path="/segments/a_ac3/gf_a_ac3_138.m4s" status=200 tag="video" file_size=161444 bytes_sent=161444 dur_ms=15 complete=true error=null
time="2025-11-15 16:57:15" method="GET" path="/segments/v1080/gf_v1080_137.m4s" status=200 tag="video" file_size=2126866 bytes_sent=2126866 dur_ms=92 complete=true error=null
time="2025-11-15 16:57:15" method="GET" path="/segments/a_ac3/gf_a_ac3_139.m4s" status=200 tag="video" file_size=158884 bytes_sent=158884 dur_ms=16 complete=true error=null
time="2025-11-15 16:57:15" method="GET" path="/segments/v1080/gf_v1080_138.m4s" status=200 tag="video" file_size=1678244 bytes_sent=1678244 dur_ms=98 complete=true error=null
time="2025-11-15 16:57:15" method="GET" path="/segments/a_ac3/gf_a_ac3_140.m4s" status=200 tag="video" file_size=161444 bytes_sent=161444 dur_ms=15 complete=true error=null
time="2025-11-15 16:57:15" method="GET" path="/segments/v1080/gf_v1080_139.m4s" status=200 tag="video" file_size=1185249 bytes_sent=1185249 dur_ms=62 complete=true error=null
time="2025-11-15 16:57:15" method="GET" path="/segments/a_ac3/gf_a_ac3_141.m4s" status=200 tag="video" file_size=158884 bytes_sent=158884 dur_ms=21 complete=true error=null
time="2025-11-15 16:57:15" method="GET" path="/segments/v1080/gf_v1080_140.m4s" status=200 tag="video" file_size=1746985 bytes_sent=1746985 dur_ms=98 complete=true error=null
time="2025-11-15 16:57:15" method="GET" path="/segments/a_ac3/gf_a_ac3_142.m4s" status=200 tag="video" file_size=161444 bytes_sent=161444 dur_ms=18 complete=true error=null
time="2025-11-15 16:57:15" method="GET" path="/segments/v1080/gf_v1080_141.m4s" status=200 tag="video" file_size=2437660 bytes_sent=2437660 dur_ms=108 complete=true error=null
time="2025-11-15 16:57:15" method="GET" path="/segments/a_ac3/gf_a_ac3_143.m4s" status=200 tag="video" file_size=158884 bytes_sent=158884 dur_ms=25 complete=true error=null
time="2025-11-15 16:57:15" method="GET" path="/segments/v1080/gf_v1080_142.m4s" status=200 tag="video" file_size=1751165 bytes_sent=1751165 dur_ms=94 complete=true error=null
time="2025-11-15 16:57:15" method="GET" path="/segments/a_ac3/gf_a_ac3_144.m4s" status=200 tag="video" file_size=161444 bytes_sent=161444 dur_ms=21 complete=true error=null
time="2025-11-15 16:57:15" method="GET" path="/segments/v1080/gf_v1080_143.m4s" status=200 tag="video" file_size=1739976 bytes_sent=1739976 dur_ms=91 complete=true error=null
time="2025-11-15 16:57:15" method="GET" path="/segments/a_ac3/gf_a_ac3_145.m4s" status=200 tag="video" file_size=158884 bytes_sent=158884 dur_ms=19 complete=true error=null
time="2025-11-15 16:57:15" method="GET" path="/segments/v1080/gf_v1080_144.m4s" status=200 tag="video" file_size=1759283 bytes_sent=1759283 dur_ms=75 complete=true error=null
time="2025-11-15 16:57:15" method="GET" path="/segments/a_ac3/gf_a_ac3_146.m4s" status=200 tag="video" file_size=161444 bytes_sent=161444 dur_ms=17 complete=true error=null
time="2025-11-15 16:57:16" method="GET" path="/segments/v1080/gf_v1080_145.m4s" status=200 tag="video" file_size=1303764 bytes_sent=1303764 dur_ms=77 complete=true error=null
time="2025-11-15 16:57:16" method="GET" path="/segments/a_ac3/gf_a_ac3_147.m4s" status=200 tag="video" file_size=158884 bytes_sent=158884 dur_ms=14 complete=true error=null
time="2025-11-15 16:57:16" method="GET" path="/segments/v1080/gf_v1080_146.m4s" status=200 tag="video" file_size=1882094 bytes_sent=1882094 dur_ms=107 complete=true error=null
time="2025-11-15 16:57:16" method="GET" path="/segments/a_ac3/gf_a_ac3_148.m4s" status=200 tag="video" file_size=161444 bytes_sent=161444 dur_ms=22 complete=true error=null
time="2025-11-15 16:57:16" method="GET" path="/segments/v1080/gf_v1080_147.m4s" status=200 tag="video" file_size=1745276 bytes_sent=1745276 dur_ms=98 complete=true error=null
time="2025-11-15 16:57:16" method="GET" path="/segments/a_ac3/gf_a_ac3_149.m4s" status=200 tag="video" file_size=151208 bytes_sent=151208 dur_ms=15 complete=true error=null
time="2025-11-15 16:57:16" method="GET" path="/segments/v1080/gf_v1080_148.m4s" status=200 tag="video" file_size=1789892 bytes_sent=1789892 dur_ms=95 complete=true error=null
time="2025-11-15 16:57:16" method="GET" path="/segments/v1080/gf_v1080_149.m4s" status=200 tag="video" file_size=1416908 bytes_sent=1416908 dur_ms=70 complete=true error=null
time="2025-11-15 17:00:16" method="GET" path="/Godfather.mpd" status=200 file_size=6999 bytes_sent=6999 dur_ms=0 complete=true error=null
time="2025-11-15 17:00:16" method="GET" path="/Godfather.mpd" status=200 file_size=6999 bytes_sent=6999 dur_ms=0 complete=true error=null
time="2025-11-15 17:00:16" method="GET" path="/segments/a_ac3/initgf_a_ac3_.mp4" status=200 file_size=836 bytes_sent=836 dur_ms=0 complete=true error=null
time="2025-11-15 17:00:16" method="GET" path="/segments/v1080/initgf_v1080_.mp4" status=200 file_size=999 bytes_sent=999 dur_ms=0 complete=true error=null
time="2025-11-15 17:00:16" method="GET" path="/segments/a_ac3/gf_a_ac3_1.m4s" status=200 file_size=169124 bytes_sent=169124 dur_ms=32 complete=true error=null
time="2025-11-15 17:00:16" method="GET" path="/segments/v1080/gf_v1080_1.m4s" status=200 file_size=1860167 bytes_sent=1860167 dur_ms=109 complete=true error=null
time="2025-11-15 17:00:16" method="GET" path="/segments/a_ac3/gf_a_ac3_2.m4s" status=200 file_size=161444 bytes_sent=161444 dur_ms=23 complete=true error=null
time="2025-11-15 17:00:16" method="GET" path="/segments/a_ac3/gf_a_ac3_3.m4s" status=200 file_size=158884 bytes_sent=158884 dur_ms=16 complete=true error=null
time="2025-11-15 17:00:16" method="GET" path="/segments/v1080/gf_v1080_2.m4s" status=200 file_size=1853685 bytes_sent=1853685 dur_ms=104 complete=true error=null
time="2025-11-15 17:00:16" method="GET" path="/segments/a_ac3/gf_a_ac3_4.m4s" status=200 file_size=161444 bytes_sent=161444 dur_ms=21 complete=true error=null
time="2025-11-15 17:00:17" method="GET" path="/segments/v1080/gf_v1080_3.m4s" status=200 file_size=1876658 bytes_sent=1876658 dur_ms=96 complete=true error=null
time="2025-11-15 17:00:17" method="GET" path="/segments/a_ac3/gf_a_ac3_5.m4s" status=200 file_size=158884 bytes_sent=158884 dur_ms=19 complete=true error=null
time="2025-11-15 17:00:17" method="GET" path="/segments/v1080/gf_v1080_4.m4s" status=200 file_size=1682894 bytes_sent=1682894 dur_ms=96 complete=true error=null
time="2025-11-15 17:00:17" method="GET" path="/segments/a_ac3/gf_a_ac3_6.m4s" status=200 file_size=161444 bytes_sent=161444 dur_ms=17 complete=true error=null
time="2025-11-15 17:00:17" method="GET" path="/segments/v1080/gf_v1080_5.m4s" status=200 file_size=1833065 bytes_sent=1833065 dur_ms=97 complete=true error=null
time="2025-11-15 17:00:17" method="GET" path="/segments/a_ac3/gf_a_ac3_7.m4s" status=200 file_size=158884 bytes_sent=158884 dur_ms=14 complete=true error=null
time="2025-11-15 17:00:17" method="GET" path="/segments/v1080/gf_v1080_6.m4s" status=200 file_size=1690840 bytes_sent=1690840 dur_ms=83 complete=true error=null
time="2025-11-15 17:00:17" method="GET" path="/segments/a_ac3/gf_a_ac3_8.m4s" status=200 file_size=161444 bytes_sent=161444 dur_ms=17 complete=true error=null
time="2025-11-15 17:00:17" method="GET" path="/segments/v1080/gf_v1080_7.m4s" status=200 file_size=1727513 bytes_sent=1727513 dur_ms=89 complete=true error=null
time="2025-11-15 17:00:17" method="GET" path="/segments/a_ac3/gf_a_ac3_9.m4s" status=200 file_size=158884 bytes_sent=158884 dur_ms=15 complete=true error=null
time="2025-11-15 17:00:17" method="GET" path="/segments/v1080/gf_v1080_8.m4s" status=200 file_size=1723729 bytes_sent=1723729 dur_ms=91 complete=true error=null
time="2025-11-15 17:00:17" method="GET" path="/segments/a_ac3/gf_a_ac3_10.m4s" status=200 file_size=161444 bytes_sent=161444 dur_ms=21 complete=true error=null
time="2025-11-15 17:00:17" method="GET" path="/segments/v1080/gf_v1080_9.m4s" status=200 file_size=2007745 bytes_sent=2007745 dur_ms=109 complete=true error=null
time="2025-11-15 17:00:17" method="GET" path="/segments/a_ac3/gf_a_ac3_11.m4s" status=200 file_size=158884 bytes_sent=158884 dur_ms=14 complete=true error=null
time="2025-11-15 17:00:17" method="GET" path="/segments/v1080/gf_v1080_10.m4s" status=200 file_size=1797897 bytes_sent=1797897 dur_ms=116 complete=true error=null
time="2025-11-15 17:00:17" method="GET" path="/segments/a_ac3/gf_a_ac3_12.m4s" status=200 file_size=161444 bytes_sent=161444 dur_ms=16 complete=true error=null
time="2025-11-15 17:00:18" method="GET" path="/segments/v1080/gf_v1080_11.m4s" status=200 file_size=1823308 bytes_sent=1823308 dur_ms=104 complete=true error=null
time="2025-11-15 17:00:18" method="GET" path="/segments/a_ac3/gf_a_ac3_13.m4s" status=200 file_size=158884 bytes_sent=158884 dur_ms=15 complete=true error=null
time="2025-11-15 17:00:18" method="GET" path="/segments/v1080/gf_v1080_12.m4s" status=200 file_size=1774807 bytes_sent=1774807 dur_ms=100 complete=true error=null
time="2025-11-15 17:00:18" method="GET" path="/segments/a_ac3/gf_a_ac3_14.m4s" status=200 file_size=161444 bytes_sent=161444 dur_ms=15 complete=true error=null
time="2025-11-15 17:00:18" method="GET" path="/segments/v1080/gf_v1080_13.m4s" status=200 file_size=1823028 bytes_sent=1823028 dur_ms=99 complete=true error=null
time="2025-11-15 17:00:18" method="GET" path="/segments/a_ac3/gf_a_ac3_15.m4s" status=200 file_size=158884 bytes_sent=158884 dur_ms=18 complete=true error=null
time="2025-11-15 17:00:18" method="GET" path="/segments/v1080/gf_v1080_14.m4s" status=200 file_size=2095851 bytes_sent=2095851 dur_ms=121 complete=true error=null
time="2025-11-15 17:00:18" method="GET" path="/segments/a_ac3/gf_a_ac3_16.m4s" status=200 file_size=161444 bytes_sent=161444 dur_ms=15 complete=true error=null
time="2025-11-15 17:00:18" method="GET" path="/segments/v1080/gf_v1080_15.m4s" status=200 file_size=1617300 bytes_sent=1617300 dur_ms=84 complete=true error=null
time="2025-11-15 17:00:18" method="GET" path="/segments/a_ac3/gf_a_ac3_17.m4s" status=200 file_size=158884 bytes_sent=158884 dur_ms=14 complete=true error=null
time="2025-11-15 17:00:18" method="GET" path="/segments/v1080/gf_v1080_16.m4s" status=200 file_size=1667338 bytes_sent=1667338 dur_ms=100 complete=true error=null
time="2025-11-15 17:00:18" method="GET" path="/segments/a_ac3/gf_a_ac3_18.m4s" status=200 file_size=161444 bytes_sent=161444 dur_ms=20 complete=true error=null
time="2025-11-15 17:00:18" method="GET" path="/segments/v1080/gf_v1080_17.m4s" status=200 file_size=1847143 bytes_sent=1847143 dur_ms=98 complete=true error=null
time="2025-11-15 17:00:18" method="GET" path="/segments/a_ac3/gf_a_ac3_19.m4s" status=200 file_size=158884 bytes_sent=158884 dur_ms=21 complete=true error=null
time="2025-11-15 17:00:18" method="GET" path="/segments/v1080/gf_v1080_18.m4s" status=200 file_size=1555187 bytes_sent=1555187 dur_ms=91 complete=true error=null
time="2025-11-15 17:00:18" method="GET" path="/segments/a_ac3/gf_a_ac3_20.m4s" status=200 file_size=161444 bytes_sent=161444 dur_ms=14 complete=true error=null
time="2025-11-15 17:00:19" method="GET" path="/segments/v1080/gf_v1080_19.m4s" status=200 file_size=1765295 bytes_sent=1765295 dur_ms=105 complete=true error=null
time="2025-11-15 17:00:19" method="GET" path="/segments/a_ac3/gf_a_ac3_21.m4s" status=200 file_size=158884 bytes_sent=158884 dur_ms=17 complete=true error=null
time="2025-11-15 17:00:19" method="GET" path="/segments/v1080/gf_v1080_20.m4s" status=200 file_size=1707940 bytes_sent=1707940 dur_ms=105 complete=true error=null
time="2025-11-15 17:00:19" method="GET" path="/segments/a_ac3/gf_a_ac3_22.m4s" status=200 file_size=161444 bytes_sent=161444 dur_ms=16 complete=true error=null
time="2025-11-15 17:00:19" method="GET" path="/segments/v1080/gf_v1080_21.m4s" status=200 file_size=1785920 bytes_sent=1785920 dur_ms=97 complete=true error=null
time="2025-11-15 17:00:19" method="GET" path="/segments/a_ac3/gf_a_ac3_23.m4s" status=200 file_size=158884 bytes_sent=158884 dur_ms=23 complete=true error=null
time="2025-11-15 17:00:19" method="GET" path="/segments/v1080/gf_v1080_22.m4s" status=200 file_size=1724124 bytes_sent=1724124 dur_ms=99 complete=true error=null
time="2025-11-15 17:00:19" method="GET" path="/segments/a_ac3/gf_a_ac3_24.m4s" status=200 file_size=161444 bytes_sent=161444 dur_ms=20 complete=true error=null
time="2025-11-15 17:00:19" method="GET" path="/segments/v1080/gf_v1080_23.m4s" status=200 file_size=1903825 bytes_sent=1903825 dur_ms=112 complete=true error=null
time="2025-11-15 17:00:19" method="GET" path="/segments/a_ac3/gf_a_ac3_25.m4s" status=200 file_size=158884 bytes_sent=158884 dur_ms=15 complete=true error=null
time="2025-11-15 17:00:19" method="GET" path="/segments/v1080/gf_v1080_24.m4s" status=200 file_size=1771921 bytes_sent=1771921 dur_ms=89 complete=true error=null
time="2025-11-15 17:00:19" method="GET" path="/segments/a_ac3/gf_a_ac3_26.m4s" status=200 file_size=161444 bytes_sent=161444 dur_ms=15 complete=true error=null
time="2025-11-15 17:00:19" method="GET" path="/segments/v1080/gf_v1080_25.m4s" status=200 file_size=1811409 bytes_sent=1811409 dur_ms=96 complete=true error=null
time="2025-11-15 17:00:19" method="GET" path="/segments/a_ac3/gf_a_ac3_27.m4s" status=200 file_size=158884 bytes_sent=158884 dur_ms=16 complete=true error=null
time="2025-11-15 17:00:19" method="GET" path="/segments/v1080/gf_v1080_26.m4s" status=200 file_size=1637557 bytes_sent=1637557 dur_ms=96 complete=true error=null
time="2025-11-15 17:00:19" method="GET" path="/segments/a_ac3/gf_a_ac3_28.m4s" status=200 file_size=161444 bytes_sent=161444 dur_ms=21 complete=true error=null
time="2025-11-15 17:00:20" method="GET" path="/segments/v1080/gf_v1080_27.m4s" status=200 file_size=1773023 bytes_sent=1773023 dur_ms=111 complete=true error=null
time="2025-11-15 17:00:21" method="GET" path="/segments/a_ac3/gf_a_ac3_107.m4s" status=200 file_size=158884 bytes_sent=158884 dur_ms=24 complete=true error=null
time="2025-11-15 17:00:21" method="GET" path="/segments/a_ac3/gf_a_ac3_108.m4s" status=200 file_size=161444 bytes_sent=161444 dur_ms=40 complete=true error=null
time="2025-11-15 17:00:21" method="GET" path="/segments/v1080/gf_v1080_107.m4s" status=200 file_size=1787458 bytes_sent=1787458 dur_ms=91 complete=true error=null
time="2025-11-15 17:00:21" method="GET" path="/segments/a_ac3/gf_a_ac3_109.m4s" status=200 file_size=158884 bytes_sent=158884 dur_ms=23 complete=true error=null
time="2025-11-15 17:00:22" method="GET" path="/segments/v1080/gf_v1080_108.m4s" status=200 file_size=1245518 bytes_sent=1245518 dur_ms=76 complete=true error=null
time="2025-11-15 17:00:22" method="GET" path="/segments/a_ac3/gf_a_ac3_110.m4s" status=200 file_size=161444 bytes_sent=161444 dur_ms=15 complete=true error=null
time="2025-11-15 17:00:22" method="GET" path="/segments/v1080/gf_v1080_109.m4s" status=200 file_size=1730136 bytes_sent=1730136 dur_ms=82 complete=true error=null
time="2025-11-15 17:00:22" method="GET" path="/segments/a_ac3/gf_a_ac3_111.m4s" status=200 file_size=158884 bytes_sent=158884 dur_ms=16 complete=true error=null
time="2025-11-15 17:00:22" method="GET" path="/segments/v1080/gf_v1080_110.m4s" status=200 file_size=1453558 bytes_sent=1453558 dur_ms=78 complete=true error=null
time="2025-11-15 17:00:22" method="GET" path="/segments/a_ac3/gf_a_ac3_112.m4s" status=200 file_size=161444 bytes_sent=161444 dur_ms=12 complete=true error=null
time="2025-11-15 17:00:22" method="GET" path="/segments/v1080/gf_v1080_111.m4s" status=200 file_size=1840054 bytes_sent=1840054 dur_ms=97 complete=true error=null
time="2025-11-15 17:00:22" method="GET" path="/segments/a_ac3/gf_a_ac3_113.m4s" status=200 file_size=158884 bytes_sent=158884 dur_ms=14 complete=true error=null
time="2025-11-15 17:00:22" method="GET" path="/segments/v1080/gf_v1080_112.m4s" status=200 file_size=1957280 bytes_sent=1957280 dur_ms=96 complete=true error=null
time="2025-11-15 17:00:22" method="GET" path="/segments/a_ac3/gf_a_ac3_114.m4s" status=200 file_size=161444 bytes_sent=161444 dur_ms=17 complete=true error=null
time="2025-11-15 17:00:22" method="GET" path="/segments/v1080/gf_v1080_113.m4s" status=200 file_size=1684509 bytes_sent=1684509 dur_ms=78 complete=true error=null
time="2025-11-15 17:00:22" method="GET" path="/segments/a_ac3/gf_a_ac3_115.m4s" status=200 file_size=158884 bytes_sent=158884 dur_ms=18 complete=true error=null
time="2025-11-15 17:00:22" method="GET" path="/segments/v1080/gf_v1080_114.m4s" status=200 file_size=2140317 bytes_sent=2140317 dur_ms=107 complete=true error=null
time="2025-11-15 17:00:22" method="GET" path="/segments/a_ac3/gf_a_ac3_116.m4s" status=200 file_size=161444 bytes_sent=161444 dur_ms=12 complete=true error=null
time="2025-11-15 17:00:22" method="GET" path="/segments/v1080/gf_v1080_115.m4s" status=200 file_size=1534009 bytes_sent=1534009 dur_ms=90 complete=true error=null
time="2025-11-15 17:00:22" method="GET" path="/segments/a_ac3/gf_a_ac3_117.m4s" status=200 file_size=158884 bytes_sent=158884 dur_ms=17 complete=true error=null
time="2025-11-15 17:00:22" method="GET" path="/segments/v1080/gf_v1080_116.m4s" status=200 file_size=1744507 bytes_sent=1744507 dur_ms=96 complete=true error=null
time="2025-11-15 17:00:23" method="GET" path="/segments/a_ac3/gf_a_ac3_118.m4s" status=200 file_size=161444 bytes_sent=161444 dur_ms=14 complete=true error=null
time="2025-11-15 17:00:23" method="GET" path="/segments/v1080/gf_v1080_117.m4s" status=200 file_size=2119206 bytes_sent=2119206 dur_ms=78 complete=true error=null
time="2025-11-15 17:00:23" method="GET" path="/segments/a_ac3/gf_a_ac3_119.m4s" status=200 file_size=158884 bytes_sent=158884 dur_ms=16 complete=true error=null
time="2025-11-15 17:00:23" method="GET" path="/segments/v1080/gf_v1080_118.m4s" status=200 file_size=1710893 bytes_sent=1710893 dur_ms=96 complete=true error=null
time="2025-11-15 17:00:23" method="GET" path="/segments/a_ac3/gf_a_ac3_120.m4s" status=200 file_size=161444 bytes_sent=161444 dur_ms=16 complete=true error=null
time="2025-11-15 17:00:23" method="GET" path="/segments/v1080/gf_v1080_119.m4s" status=200 file_size=1695552 bytes_sent=1695552 dur_ms=96 complete=true error=null
time="2025-11-15 17:00:23" method="GET" path="/segments/a_ac3/gf_a_ac3_121.m4s" status=200 file_size=158884 bytes_sent=158884 dur_ms=16 complete=true error=null
time="2025-11-15 17:00:23" method="GET" path="/segments/v1080/gf_v1080_120.m4s" status=200 file_size=1740594 bytes_sent=1740594 dur_ms=91 complete=true error=null
time="2025-11-15 17:00:23" method="GET" path="/segments/a_ac3/gf_a_ac3_122.m4s" status=200 file_size=161444 bytes_sent=161444 dur_ms=17 complete=true error=null
time="2025-11-15 17:00:23" method="GET" path="/segments/v1080/gf_v1080_121.m4s" status=200 file_size=1781243 bytes_sent=1781243 dur_ms=91 complete=true error=null
time="2025-11-15 17:00:23" method="GET" path="/segments/a_ac3/gf_a_ac3_123.m4s" status=200 file_size=158884 bytes_sent=158884 dur_ms=23 complete=true error=null
time="2025-11-15 17:00:23" method="GET" path="/segments/v1080/gf_v1080_122.m4s" status=200 file_size=1504901 bytes_sent=1504901 dur_ms=85 complete=true error=null
time="2025-11-15 17:00:23" method="GET" path="/segments/a_ac3/gf_a_ac3_124.m4s" status=200 file_size=161444 bytes_sent=161444 dur_ms=32 complete=true error=null
time="2025-11-15 17:00:23" method="GET" path="/segments/v1080/gf_v1080_123.m4s" status=200 file_size=1829184 bytes_sent=1829184 dur_ms=125 complete=true error=null
time="2025-11-15 17:00:23" method="GET" path="/segments/a_ac3/gf_a_ac3_125.m4s" status=200 file_size=158884 bytes_sent=158884 dur_ms=15 complete=true error=null
time="2025-11-15 17:00:23" method="GET" path="/segments/v1080/gf_v1080_124.m4s" status=200 file_size=1726277 bytes_sent=1726277 dur_ms=87 complete=true error=null
time="2025-11-15 17:00:23" method="GET" path="/segments/a_ac3/gf_a_ac3_126.m4s" status=200 file_size=161444 bytes_sent=161444 dur_ms=15 complete=true error=null
time="2025-11-15 17:00:24" method="GET" path="/segments/v1080/gf_v1080_125.m4s" status=200 file_size=1761074 bytes_sent=1761074 dur_ms=91 complete=true error=null
time="2025-11-15 17:00:24" method="GET" path="/Godfather.mpd" status=200 file_size=6999 bytes_sent=6999 dur_ms=0 complete=true error=null
time="2025-11-15 17:00:24" method="GET" path="/Godfather.mpd" status=200 file_size=6999 bytes_sent=6999 dur_ms=0 complete=true error=null
time="2025-11-15 17:00:24" method="GET" path="/segments/a_ac3/initgf_a_ac3_.mp4" status=200 file_size=836 bytes_sent=836 dur_ms=0 complete=true error=null
time="2025-11-15 17:00:24" method="GET" path="/segments/v1080/initgf_v1080_.mp4" status=200 file_size=999 bytes_sent=999 dur_ms=1 complete=true error=null
time="2025-11-15 17:00:24" method="GET" path="/segments/a_ac3/gf_a_ac3_1.m4s" status=200 file_size=169124 bytes_sent=169124 dur_ms=23 complete=true error=null
time="2025-11-15 17:00:24" method="GET" path="/segments/v1080/gf_v1080_1.m4s" status=200 file_size=1860167 bytes_sent=1860167 dur_ms=85 complete=true error=null
time="2025-11-15 17:00:24" method="GET" path="/segments/a_ac3/gf_a_ac3_2.m4s" status=200 file_size=161444 bytes_sent=161444 dur_ms=28 complete=true error=null
time="2025-11-15 17:00:24" method="GET" path="/segments/a_ac3/gf_a_ac3_3.m4s" status=200 file_size=158884 bytes_sent=158884 dur_ms=36 complete=true error=null
time="2025-11-15 17:00:24" method="GET" path="/segments/v1080/gf_v1080_2.m4s" status=200 file_size=1853685 bytes_sent=1853685 dur_ms=111 complete=true error=null
time="2025-11-15 17:00:24" method="GET" path="/segments/a_ac3/gf_a_ac3_4.m4s" status=200 file_size=161444 bytes_sent=161444 dur_ms=18 complete=true error=null
time="2025-11-15 17:00:24" method="GET" path="/segments/v1080/gf_v1080_3.m4s" status=200 file_size=1876658 bytes_sent=1876658 dur_ms=98 complete=true error=null
time="2025-11-15 17:00:24" method="GET" path="/segments/a_ac3/gf_a_ac3_5.m4s" status=200 file_size=158884 bytes_sent=158884 dur_ms=15 complete=true error=null
time="2025-11-15 17:00:24" method="GET" path="/segments/v1080/gf_v1080_4.m4s" status=200 file_size=1682894 bytes_sent=1682894 dur_ms=81 complete=true error=null
time="2025-11-15 17:00:24" method="GET" path="/segments/a_ac3/gf_a_ac3_6.m4s" status=200 file_size=161444 bytes_sent=161444 dur_ms=18 complete=true error=null
time="2025-11-15 17:00:24" method="GET" path="/segments/v1080/gf_v1080_5.m4s" status=200 file_size=1833065 bytes_sent=1833065 dur_ms=88 complete=true error=null
time="2025-11-15 17:00:25" method="GET" path="/segments/a_ac3/gf_a_ac3_7.m4s" status=200 file_size=158884 bytes_sent=158884 dur_ms=14 complete=true error=null
time="2025-11-15 17:00:25" method="GET" path="/segments/v1080/gf_v1080_6.m4s" status=200 file_size=1690840 bytes_sent=1690840 dur_ms=80 complete=true error=null
time="2025-11-15 17:00:25" method="GET" path="/segments/a_ac3/gf_a_ac3_8.m4s" status=200 file_size=161444 bytes_sent=161444 dur_ms=13 complete=true error=null
time="2025-11-15 17:00:25" method="GET" path="/segments/v1080/gf_v1080_7.m4s" status=200 file_size=1727513 bytes_sent=1727513 dur_ms=89 complete=true error=null
time="2025-11-15 17:00:25" method="GET" path="/segments/a_ac3/gf_a_ac3_9.m4s" status=200 file_size=158884 bytes_sent=158884 dur_ms=20 complete=true error=null
time="2025-11-15 17:00:25" method="GET" path="/segments/v1080/gf_v1080_8.m4s" status=200 file_size=1723729 bytes_sent=1723729 dur_ms=90 complete=true error=null
time="2025-11-15 17:00:25" method="GET" path="/segments/a_ac3/gf_a_ac3_10.m4s" status=200 file_size=161444 bytes_sent=161444 dur_ms=21 complete=true error=null
time="2025-11-15 17:00:25" method="GET" path="/segments/v1080/gf_v1080_9.m4s" status=200 file_size=2007745 bytes_sent=2007745 dur_ms=104 complete=true error=null
time="2025-11-15 17:00:25" method="GET" path="/segments/a_ac3/gf_a_ac3_11.m4s" status=200 file_size=158884 bytes_sent=158884 dur_ms=21 complete=true error=null
time="2025-11-15 17:00:25" method="GET" path="/segments/v1080/gf_v1080_10.m4s" status=200 file_size=1797897 bytes_sent=1797897 dur_ms=86 complete=true error=null
time="2025-11-15 17:00:25" method="GET" path="/segments/a_ac3/gf_a_ac3_12.m4s" status=200 file_size=161444 bytes_sent=161444 dur_ms=16 complete=true error=null
time="2025-11-15 17:00:25" method="GET" path="/segments/v1080/gf_v1080_11.m4s" status=200 file_size=1823308 bytes_sent=1823308 dur_ms=95 complete=true error=null
time="2025-11-15 17:00:25" method="GET" path="/segments/a_ac3/gf_a_ac3_13.m4s" status=200 file_size=158884 bytes_sent=158884 dur_ms=17 complete=true error=null
time="2025-11-15 17:00:25" method="GET" path="/segments/v1080/gf_v1080_12.m4s" status=200 file_size=1774807 bytes_sent=1774807 dur_ms=94 complete=true error=null
time="2025-11-15 17:00:25" method="GET" path="/segments/a_ac3/gf_a_ac3_14.m4s" status=200 file_size=161444 bytes_sent=161444 dur_ms=19 complete=true error=null
time="2025-11-15 17:00:25" method="GET" path="/segments/v1080/gf_v1080_13.m4s" status=200 file_size=1823028 bytes_sent=1823028 dur_ms=105 complete=true error=null
time="2025-11-15 17:00:25" method="GET" path="/segments/a_ac3/gf_a_ac3_15.m4s" status=200 file_size=158884 bytes_sent=158884 dur_ms=17 complete=true error=null
time="2025-11-15 17:00:26" method="GET" path="/segments/v1080/gf_v1080_14.m4s" status=200 file_size=2095851 bytes_sent=2095851 dur_ms=90 complete=true error=null
time="2025-11-15 17:00:26" method="GET" path="/segments/a_ac3/gf_a_ac3_16.m4s" status=200 file_size=161444 bytes_sent=161444 dur_ms=24 complete=true error=null
time="2025-11-15 17:00:26" method="GET" path="/segments/v1080/gf_v1080_15.m4s" status=200 file_size=1617300 bytes_sent=1617300 dur_ms=97 complete=true error=null
time="2025-11-15 17:00:26" method="GET" path="/segments/a_ac3/gf_a_ac3_17.m4s" status=200 file_size=158884 bytes_sent=158884 dur_ms=18 complete=true error=null
time="2025-11-15 17:00:26" method="GET" path="/segments/v1080/gf_v1080_16.m4s" status=200 file_size=1667338 bytes_sent=1667338 dur_ms=109 complete=true error=null
time="2025-11-15 17:00:26" method="GET" path="/segments/a_ac3/gf_a_ac3_18.m4s" status=200 file_size=161444 bytes_sent=161444 dur_ms=15 complete=true error=null
time="2025-11-15 17:00:26" method="GET" path="/segments/v1080/gf_v1080_17.m4s" status=200 file_size=1847143 bytes_sent=1847143 dur_ms=102 complete=true error=null
time="2025-11-15 17:00:26" method="GET" path="/segments/a_ac3/gf_a_ac3_19.m4s" status=200 file_size=158884 bytes_sent=158884 dur_ms=17 complete=true error=null
time="2025-11-15 17:00:26" method="GET" path="/segments/v1080/gf_v1080_18.m4s" status=200 file_size=1555187 bytes_sent=1555187 dur_ms=74 complete=true error=null
time="2025-11-15 17:00:26" method="GET" path="/segments/a_ac3/gf_a_ac3_20.m4s" status=200 file_size=161444 bytes_sent=161444 dur_ms=15 complete=true error=null
time="2025-11-15 17:00:26" method="GET" path="/segments/v1080/gf_v1080_19.m4s" status=200 file_size=1765295 bytes_sent=1765295 dur_ms=92 complete=true error=null
time="2025-11-15 17:00:26" method="GET" path="/segments/a_ac3/gf_a_ac3_21.m4s" status=200 file_size=158884 bytes_sent=158884 dur_ms=24 complete=true error=null
time="2025-11-15 17:00:26" method="GET" path="/segments/v1080/gf_v1080_20.m4s" status=200 file_size=1707940 bytes_sent=1707940 dur_ms=85 complete=true error=null
time="2025-11-15 17:00:26" method="GET" path="/segments/a_ac3/gf_a_ac3_22.m4s" status=200 file_size=161444 bytes_sent=161444 dur_ms=17 complete=true error=null
time="2025-11-15 17:00:26" method="GET" path="/segments/v1080/gf_v1080_21.m4s" status=200 file_size=1785920 bytes_sent=1785920 dur_ms=94 complete=true error=null
time="2025-11-15 17:00:26" method="GET" path="/segments/a_ac3/gf_a_ac3_23.m4s" status=200 file_size=158884 bytes_sent=158884 dur_ms=14 complete=true error=null
time="2025-11-15 17:00:27" method="GET" path="/segments/v1080/gf_v1080_22.m4s" status=200 file_size=1724124 bytes_sent=1724124 dur_ms=100 complete=true error=null
time="2025-11-15 17:00:27" method="GET" path="/segments/a_ac3/gf_a_ac3_24.m4s" status=200 file_size=161444 bytes_sent=161444 dur_ms=14 complete=true error=null
time="2025-11-15 17:00:27" method="GET" path="/segments/v1080/gf_v1080_23.m4s" status=200 file_size=1903825 bytes_sent=1903825 dur_ms=96 complete=true error=null
time="2025-11-15 17:00:27" method="GET" path="/segments/a_ac3/gf_a_ac3_25.m4s" status=200 file_size=158884 bytes_sent=158884 dur_ms=14 complete=true error=null
time="2025-11-15 17:00:27" method="GET" path="/segments/v1080/gf_v1080_24.m4s" status=200 file_size=1771921 bytes_sent=1771921 dur_ms=88 complete=true error=null
time="2025-11-15 17:00:27" method="GET" path="/segments/a_ac3/gf_a_ac3_26.m4s" status=200 file_size=161444 bytes_sent=161444 dur_ms=14 complete=true error=null
time="2025-11-15 17:00:27" method="GET" path="/segments/v1080/gf_v1080_25.m4s" status=200 file_size=1811409 bytes_sent=1811409 dur_ms=115 complete=true error=null
time="2025-11-15 17:00:27" method="GET" path="/segments/v2160orig/initgf_v2160orig_.mp4" status=200 file_size=1061 bytes_sent=1061 dur_ms=0 complete=true error=null
time="2025-11-15 17:00:27" method="GET" path="/segments/v2160orig/gf_v2160orig_2.m4s" status=200 file_size=11580470 bytes_sent=11580470 dur_ms=325 complete=true error=null
time="2025-11-15 17:00:28" method="GET" path="/segments/v2160orig/gf_v2160orig_3.m4s" status=200 file_size=11755857 bytes_sent=11755857 dur_ms=383 complete=true error=null
time="2025-11-15 17:00:28" method="GET" path="/segments/v2160orig/gf_v2160orig_4.m4s" status=200 file_size=11389434 bytes_sent=11389434 dur_ms=374 complete=true error=null
time="2025-11-15 17:00:29" method="GET" path="/segments/v2160orig/gf_v2160orig_5.m4s" status=200 file_size=11808290 bytes_sent=11808290 dur_ms=409 complete=true error=null
time="2025-11-15 17:00:29" method="GET" path="/segments/v2160orig/gf_v2160orig_6.m4s" status=200 file_size=11415111 bytes_sent=11415111 dur_ms=381 complete=true error=null
time="2025-11-15 17:00:30" method="GET" path="/segments/v2160orig/gf_v2160orig_7.m4s" status=200 file_size=11556470 bytes_sent=11556470 dur_ms=408 complete=true error=null
time="2025-11-15 17:00:30" method="GET" path="/segments/v2160orig/gf_v2160orig_8.m4s" status=200 file_size=11312628 bytes_sent=11312628 dur_ms=406 complete=true error=null
time="2025-11-15 17:00:30" method="GET" path="/segments/v2160orig/gf_v2160orig_9.m4s" status=200 file_size=13782727 bytes_sent=13782727 dur_ms=395 complete=true error=null
time="2025-11-15 17:00:31" method="GET" path="/segments/v2160orig/gf_v2160orig_10.m4s" status=200 file_size=10884729 bytes_sent=10884729 dur_ms=375 complete=true error=null
time="2025-11-15 17:00:31" method="GET" path="/segments/v2160orig/gf_v2160orig_11.m4s" status=200 file_size=11729325 bytes_sent=11729325 dur_ms=459 complete=true error=null
time="2025-11-15 17:00:32" method="GET" path="/segments/v2160orig/gf_v2160orig_12.m4s" status=200 file_size=12686316 bytes_sent=12686316 dur_ms=365 complete=true error=null
time="2025-11-15 17:00:33" method="GET" path="/segments/v2160orig/gf_v2160orig_13.m4s" status=200 file_size=13819949 bytes_sent=13819949 dur_ms=560 complete=true error=null
time="2025-11-15 17:00:33" method="GET" path="/segments/v2160orig/gf_v2160orig_14.m4s" status=200 file_size=15650305 bytes_sent=15650305 dur_ms=606 complete=true error=null
time="2025-11-15 17:00:34" method="GET" path="/segments/v2160orig/gf_v2160orig_15.m4s" status=200 file_size=10461010 bytes_sent=10461010 dur_ms=365 complete=true error=null
time="2025-11-15 17:00:34" method="GET" path="/segments/v2160orig/gf_v2160orig_16.m4s" status=200 file_size=10118757 bytes_sent=10118757 dur_ms=335 complete=true error=null
time="2025-11-15 17:00:38" method="GET" path="/segments/a_ac3/gf_a_ac3_105.m4s" status=200 file_size=158884 bytes_sent=158884 dur_ms=23 complete=true error=null
time="2025-11-15 17:00:38" method="GET" path="/segments/a_ac3/gf_a_ac3_106.m4s" status=200 file_size=161444 bytes_sent=161444 dur_ms=62 complete=true error=null
time="2025-11-15 17:00:38" method="GET" path="/segments/v2160orig/gf_v2160orig_105.m4s" status=200 file_size=16395676 bytes_sent=16395676 dur_ms=530 complete=true error=null
time="2025-11-15 17:00:38" method="GET" path="/segments/a_ac3/gf_a_ac3_107.m4s" status=200 file_size=158884 bytes_sent=158884 dur_ms=18 complete=true error=null
time="2025-11-15 17:00:39" method="GET" path="/segments/v2160orig/gf_v2160orig_106.m4s" status=200 file_size=14501333 bytes_sent=14501333 dur_ms=558 complete=true error=null
time="2025-11-15 17:00:39" method="GET" path="/segments/a_ac3/gf_a_ac3_108.m4s" status=200 file_size=161444 bytes_sent=161444 dur_ms=15 complete=true error=null
time="2025-11-15 17:00:39" method="GET" path="/segments/v2160orig/gf_v2160orig_107.m4s" status=200 file_size=13759306 bytes_sent=13759306 dur_ms=395 complete=true error=null
time="2025-11-15 17:00:39" method="GET" path="/segments/a_ac3/gf_a_ac3_109.m4s" status=200 file_size=158884 bytes_sent=158884 dur_ms=29 complete=true error=null
time="2025-11-15 17:00:40" method="GET" path="/segments/v2160orig/gf_v2160orig_108.m4s" status=200 file_size=9325945 bytes_sent=9325945 dur_ms=307 complete=true error=null
time="2025-11-15 17:00:40" method="GET" path="/segments/a_ac3/gf_a_ac3_110.m4s" status=200 file_size=161444 bytes_sent=161444 dur_ms=16 complete=true error=null
time="2025-11-15 17:00:40" method="GET" path="/segments/v2160orig/gf_v2160orig_109.m4s" status=200 file_size=16599818 bytes_sent=16599818 dur_ms=581 complete=true error=null
time="2025-11-15 17:00:41" method="GET" path="/segments/a_ac3/gf_a_ac3_111.m4s" status=200 file_size=158884 bytes_sent=158884 dur_ms=22 complete=true error=null
time="2025-11-15 17:00:41" method="GET" path="/segments/v2160orig/gf_v2160orig_110.m4s" status=200 file_size=13135819 bytes_sent=13135819 dur_ms=522 complete=true error=null
time="2025-11-15 17:00:41" method="GET" path="/segments/a_ac3/gf_a_ac3_112.m4s" status=200 file_size=161444 bytes_sent=161444 dur_ms=15 complete=true error=null
time="2025-11-15 17:00:42" method="GET" path="/segments/v2160orig/gf_v2160orig_111.m4s" status=200 file_size=11305846 bytes_sent=11305846 dur_ms=436 complete=true error=null
time="2025-11-15 17:00:42" method="GET" path="/segments/a_ac3/gf_a_ac3_113.m4s" status=200 file_size=158884 bytes_sent=158884 dur_ms=16 complete=true error=null
time="2025-11-15 17:00:42" method="GET" path="/segments/v2160orig/gf_v2160orig_112.m4s" status=200 file_size=13160231 bytes_sent=13160231 dur_ms=529 complete=true error=null
time="2025-11-15 17:00:42" method="GET" path="/segments/a_ac3/gf_a_ac3_114.m4s" status=200 file_size=161444 bytes_sent=161444 dur_ms=16 complete=true error=null
time="2025-11-15 17:00:43" method="GET" path="/segments/v2160orig/gf_v2160orig_113.m4s" status=200 file_size=11901946 bytes_sent=11901946 dur_ms=424 complete=true error=null
time="2025-11-15 17:00:43" method="GET" path="/segments/a_ac3/gf_a_ac3_134.m4s" status=200 file_size=161444 bytes_sent=161444 dur_ms=52 complete=true error=null
time="2025-11-15 17:00:43" method="GET" path="/segments/a_ac3/gf_a_ac3_135.m4s" status=200 file_size=158884 bytes_sent=158884 dur_ms=32 complete=true error=null
time="2025-11-15 17:00:43" method="GET" path="/segments/v2160orig/gf_v2160orig_134.m4s" status=200 file_size=14857040 bytes_sent=14857040 dur_ms=553 complete=true error=null
time="2025-11-15 17:00:43" method="GET" path="/segments/a_ac3/gf_a_ac3_136.m4s" status=200 file_size=161444 bytes_sent=161444 dur_ms=21 complete=true error=null
time="2025-11-15 17:00:44" method="GET" path="/segments/v2160orig/gf_v2160orig_135.m4s" status=200 file_size=14941697 bytes_sent=14941697 dur_ms=533 complete=true error=null
time="2025-11-15 17:00:44" method="GET" path="/segments/a_ac3/gf_a_ac3_137.m4s" status=200 file_size=158884 bytes_sent=158884 dur_ms=20 complete=true error=null
time="2025-11-15 17:00:44" method="GET" path="/segments/v2160orig/gf_v2160orig_136.m4s" status=200 file_size=14271935 bytes_sent=14271935 dur_ms=578 complete=true error=null
time="2025-11-15 17:00:44" method="GET" path="/segments/a_ac3/gf_a_ac3_138.m4s" status=200 file_size=161444 bytes_sent=161444 dur_ms=17 complete=true error=null
time="2025-11-15 17:00:45" method="GET" path="/segments/v2160orig/gf_v2160orig_137.m4s" status=200 file_size=16907004 bytes_sent=16907004 dur_ms=665 complete=true error=null
time="2025-11-15 17:00:45" method="GET" path="/segments/a_ac3/gf_a_ac3_139.m4s" status=200 file_size=158884 bytes_sent=158884 dur_ms=25 complete=true error=null
time="2025-11-15 17:00:46" method="GET" path="/segments/v2160orig/gf_v2160orig_138.m4s" status=200 file_size=13881885 bytes_sent=13881885 dur_ms=429 complete=true error=null
time="2025-11-15 17:00:57" method="GET" path="/Godfather.mpd" status=200 file_size=6999 bytes_sent=6999 dur_ms=0 complete=true error=null
time="2025-11-15 17:00:57" method="GET" path="/Godfather.mpd" status=200 file_size=6999 bytes_sent=6999 dur_ms=1 complete=true error=null
time="2025-11-15 17:00:57" method="GET" path="/segments/a_ac3/initgf_a_ac3_.mp4" status=200 file_size=836 bytes_sent=836 dur_ms=0 complete=true error=null
time="2025-11-15 17:00:57" method="GET" path="/segments/v1080/initgf_v1080_.mp4" status=200 file_size=999 bytes_sent=999 dur_ms=0 complete=true error=null
time="2025-11-15 17:00:57" method="GET" path="/segments/a_ac3/gf_a_ac3_1.m4s" status=200 file_size=169124 bytes_sent=169124 dur_ms=29 complete=true error=null
time="2025-11-15 17:00:57" method="GET" path="/segments/a_ac3/gf_a_ac3_2.m4s" status=200 file_size=161444 bytes_sent=161444 dur_ms=31 complete=true error=null
time="2025-11-15 17:00:57" method="GET" path="/segments/v1080/gf_v1080_1.m4s" status=200 file_size=1860167 bytes_sent=1860167 dur_ms=137 complete=true error=null
time="2025-11-15 17:00:57" method="GET" path="/segments/a_ac3/gf_a_ac3_3.m4s" status=200 file_size=158884 bytes_sent=158884 dur_ms=19 complete=true error=null
time="2025-11-15 17:00:57" method="GET" path="/segments/v1080/gf_v1080_2.m4s" status=200 file_size=1853685 bytes_sent=1853685 dur_ms=107 complete=true error=null
time="2025-11-15 17:00:57" method="GET" path="/segments/a_ac3/gf_a_ac3_4.m4s" status=200 file_size=161444 bytes_sent=161444 dur_ms=15 complete=true error=null
time="2025-11-15 17:00:57" method="GET" path="/segments/v1080/gf_v1080_3.m4s" status=200 file_size=1876658 bytes_sent=1876658 dur_ms=103 complete=true error=null
time="2025-11-15 17:00:57" method="GET" path="/segments/a_ac3/gf_a_ac3_5.m4s" status=200 file_size=158884 bytes_sent=158884 dur_ms=15 complete=true error=null
time="2025-11-15 17:00:57" method="GET" path="/segments/v1080/gf_v1080_4.m4s" status=200 file_size=1682894 bytes_sent=1682894 dur_ms=94 complete=true error=null
time="2025-11-15 17:00:57" method="GET" path="/segments/a_ac3/gf_a_ac3_6.m4s" status=200 file_size=161444 bytes_sent=161444 dur_ms=16 complete=true error=null
time="2025-11-15 17:00:57" method="GET" path="/segments/v1080/gf_v1080_5.m4s" status=200 file_size=1833065 bytes_sent=1833065 dur_ms=102 complete=true error=null
time="2025-11-15 17:00:57" method="GET" path="/segments/a_ac3/gf_a_ac3_7.m4s" status=200 file_size=158884 bytes_sent=158884 dur_ms=20 complete=true error=null
time="2025-11-15 17:00:57" method="GET" path="/segments/v1080/gf_v1080_6.m4s" status=200 file_size=1690840 bytes_sent=1690840 dur_ms=104 complete=true error=null
time="2025-11-15 17:00:57" method="GET" path="/segments/a_ac3/gf_a_ac3_8.m4s" status=200 file_size=161444 bytes_sent=161444 dur_ms=15 complete=true error=null
time="2025-11-15 17:00:57" method="GET" path="/segments/v1080/gf_v1080_7.m4s" status=200 file_size=1727513 bytes_sent=1727513 dur_ms=97 complete=true error=null
time="2025-11-15 17:00:58" method="GET" path="/segments/a_ac3/gf_a_ac3_9.m4s" status=200 file_size=158884 bytes_sent=158884 dur_ms=14 complete=true error=null
time="2025-11-15 17:00:58" method="GET" path="/segments/v1080/gf_v1080_8.m4s" status=200 file_size=1723729 bytes_sent=1723729 dur_ms=92 complete=true error=null
time="2025-11-15 17:00:58" method="GET" path="/segments/a_ac3/gf_a_ac3_10.m4s" status=200 file_size=161444 bytes_sent=161444 dur_ms=17 complete=true error=null
time="2025-11-15 17:00:58" method="GET" path="/segments/v1080/gf_v1080_9.m4s" status=200 file_size=2007745 bytes_sent=2007745 dur_ms=116 complete=true error=null
time="2025-11-15 17:00:58" method="GET" path="/segments/a_ac3/gf_a_ac3_11.m4s" status=200 file_size=158884 bytes_sent=158884 dur_ms=15 complete=true error=null
time="2025-11-15 17:00:58" method="GET" path="/segments/v1080/gf_v1080_10.m4s" status=200 file_size=1797897 bytes_sent=1797897 dur_ms=109 complete=true error=null
time="2025-11-15 17:00:58" method="GET" path="/segments/a_ac3/gf_a_ac3_12.m4s" status=200 file_size=161444 bytes_sent=161444 dur_ms=20 complete=true error=null
time="2025-11-15 17:00:58" method="GET" path="/segments/v1080/gf_v1080_11.m4s" status=200 file_size=1823308 bytes_sent=1823308 dur_ms=108 complete=true error=null
time="2025-11-15 17:00:58" method="GET" path="/segments/a_ac3/gf_a_ac3_13.m4s" status=200 file_size=158884 bytes_sent=158884 dur_ms=18 complete=true error=null
time="2025-11-15 17:00:58" method="GET" path="/segments/v1080/gf_v1080_12.m4s" status=200 file_size=1774807 bytes_sent=1774807 dur_ms=94 complete=true error=null
time="2025-11-15 17:00:58" method="GET" path="/segments/a_ac3/gf_a_ac3_14.m4s" status=200 file_size=161444 bytes_sent=161444 dur_ms=15 complete=true error=null
time="2025-11-15 17:00:58" method="GET" path="/segments/v1080/gf_v1080_13.m4s" status=200 file_size=1823028 bytes_sent=1823028 dur_ms=87 complete=true error=null
time="2025-11-15 17:00:58" method="GET" path="/segments/a_ac3/gf_a_ac3_15.m4s" status=200 file_size=158884 bytes_sent=158884 dur_ms=16 complete=true error=null
time="2025-11-15 17:00:58" method="GET" path="/segments/v1080/gf_v1080_14.m4s" status=200 file_size=2095851 bytes_sent=2095851 dur_ms=102 complete=true error=null
time="2025-11-15 17:00:58" method="GET" path="/segments/a_ac3/gf_a_ac3_16.m4s" status=200 file_size=161444 bytes_sent=161444 dur_ms=21 complete=true error=null
time="2025-11-15 17:00:59" method="GET" path="/segments/v1080/gf_v1080_15.m4s" status=200 file_size=1617300 bytes_sent=1617300 dur_ms=95 complete=true error=null
time="2025-11-15 17:00:59" method="GET" path="/segments/a_ac3/gf_a_ac3_17.m4s" status=200 file_size=158884 bytes_sent=158884 dur_ms=16 complete=true error=null
time="2025-11-15 17:00:59" method="GET" path="/segments/v1080/gf_v1080_16.m4s" status=200 file_size=1667338 bytes_sent=1667338 dur_ms=97 complete=true error=null
time="2025-11-15 17:00:59" method="GET" path="/segments/a_ac3/gf_a_ac3_18.m4s" status=200 file_size=161444 bytes_sent=161444 dur_ms=15 complete=true error=null
time="2025-11-15 17:00:59" method="GET" path="/segments/v1080/gf_v1080_17.m4s" status=200 file_size=1847143 bytes_sent=1847143 dur_ms=102 complete=true error=null
time="2025-11-15 17:00:59" method="GET" path="/segments/a_ac3/gf_a_ac3_19.m4s" status=200 file_size=158884 bytes_sent=158884 dur_ms=21 complete=true error=null
time="2025-11-15 17:00:59" method="GET" path="/segments/v1080/gf_v1080_18.m4s" status=200 file_size=1555187 bytes_sent=1555187 dur_ms=83 complete=true error=null
time="2025-11-15 17:00:59" method="GET" path="/segments/a_ac3/gf_a_ac3_20.m4s" status=200 file_size=161444 bytes_sent=161444 dur_ms=14 complete=true error=null
time="2025-11-15 17:00:59" method="GET" path="/segments/v1080/gf_v1080_19.m4s" status=200 file_size=1765295 bytes_sent=1765295 dur_ms=95 complete=true error=null
time="2025-11-15 17:00:59" method="GET" path="/segments/a_ac3/gf_a_ac3_21.m4s" status=200 file_size=158884 bytes_sent=158884 dur_ms=24 complete=true error=null
time="2025-11-15 17:00:59" method="GET" path="/segments/v1080/gf_v1080_20.m4s" status=200 file_size=1707940 bytes_sent=1707940 dur_ms=111 complete=true error=null
time="2025-11-15 17:00:59" method="GET" path="/segments/a_ac3/gf_a_ac3_22.m4s" status=200 file_size=161444 bytes_sent=161444 dur_ms=22 complete=true error=null
time="2025-11-15 17:00:59" method="GET" path="/segments/v1080/gf_v1080_21.m4s" status=200 file_size=1785920 bytes_sent=1785920 dur_ms=100 complete=true error=null
time="2025-11-15 17:00:59" method="GET" path="/segments/a_ac3/gf_a_ac3_23.m4s" status=200 file_size=158884 bytes_sent=158884 dur_ms=21 complete=true error=null
time="2025-11-15 17:00:59" method="GET" path="/segments/v1080/gf_v1080_22.m4s" status=200 file_size=1724124 bytes_sent=1724124 dur_ms=125 complete=true error=null
time="2025-11-15 17:00:59" method="GET" path="/segments/a_ac3/gf_a_ac3_24.m4s" status=200 file_size=161444 bytes_sent=161444 dur_ms=17 complete=true error=null
time="2025-11-15 17:01:00" method="GET" path="/segments/v1080/gf_v1080_23.m4s" status=200 file_size=1903825 bytes_sent=1903825 dur_ms=96 complete=true error=null
time="2025-11-15 17:01:00" method="GET" path="/segments/a_ac3/gf_a_ac3_25.m4s" status=200 file_size=158884 bytes_sent=158884 dur_ms=15 complete=true error=null
time="2025-11-15 17:01:00" method="GET" path="/segments/v1080/gf_v1080_24.m4s" status=200 file_size=1771921 bytes_sent=1771921 dur_ms=100 complete=true error=null
time="2025-11-15 17:01:00" method="GET" path="/segments/a_ac3/gf_a_ac3_26.m4s" status=200 file_size=161444 bytes_sent=161444 dur_ms=15 complete=true error=null
time="2025-11-15 17:01:00" method="GET" path="/segments/v1080/gf_v1080_25.m4s" status=200 file_size=1811409 bytes_sent=1811409 dur_ms=98 complete=true error=null
time="2025-11-15 17:01:00" method="GET" path="/segments/v1080/gf_v1080_26.m4s" status=499 file_size=1637557 bytes_sent=65536 dur_ms=9 complete=false error="client_closed"
time="2025-11-15 17:01:00" method="GET" path="/segments/a_ac3/gf_a_ac3_27.m4s" status=200 file_size=158884 bytes_sent=158884 dur_ms=15 complete=true error=null
time="2025-11-15 17:01:00" method="GET" path="/segments/v2160orig/initgf_v2160orig_.mp4" status=200 file_size=1061 bytes_sent=1061 dur_ms=0 complete=true error=null
time="2025-11-15 17:01:00" method="GET" path="/segments/v2160orig/gf_v2160orig_2.m4s" status=200 file_size=11580470 bytes_sent=11580470 dur_ms=409 complete=true error=null
time="2025-11-15 17:01:01" method="GET" path="/segments/v2160orig/gf_v2160orig_3.m4s" status=200 file_size=11755857 bytes_sent=11755857 dur_ms=404 complete=true error=null
time="2025-11-15 17:01:01" method="GET" path="/segments/v2160orig/gf_v2160orig_4.m4s" status=200 file_size=11389434 bytes_sent=11389434 dur_ms=377 complete=true error=null
time="2025-11-15 17:01:02" method="GET" path="/segments/v2160orig/gf_v2160orig_5.m4s" status=200 file_size=11808290 bytes_sent=11808290 dur_ms=385 complete=true error=null
time="2025-11-15 17:01:02" method="GET" path="/segments/v2160orig/gf_v2160orig_6.m4s" status=200 file_size=11415111 bytes_sent=11415111 dur_ms=386 complete=true error=null
time="2025-11-15 17:01:03" method="GET" path="/segments/v2160orig/gf_v2160orig_7.m4s" status=200 file_size=11556470 bytes_sent=11556470 dur_ms=427 complete=true error=null
time="2025-11-15 17:01:03" method="GET" path="/segments/v2160orig/gf_v2160orig_8.m4s" status=200 file_size=11312628 bytes_sent=11312628 dur_ms=373 complete=true error=null
time="2025-11-15 17:01:04" method="GET" path="/segments/v2160orig/gf_v2160orig_9.m4s" status=200 file_size=13782727 bytes_sent=13782727 dur_ms=477 complete=true error=null
time="2025-11-15 17:01:04" method="GET" path="/segments/v2160orig/gf_v2160orig_10.m4s" status=200 file_size=10884729 bytes_sent=10884729 dur_ms=369 complete=true error=null
time="2025-11-15 17:01:04" method="GET" path="/segments/v2160orig/gf_v2160orig_11.m4s" status=200 file_size=11729325 bytes_sent=11729325 dur_ms=390 complete=true error=null
time="2025-11-15 17:01:05" method="GET" path="/segments/v2160orig/gf_v2160orig_12.m4s" status=200 file_size=12686316 bytes_sent=12686316 dur_ms=502 complete=true error=null
time="2025-11-15 17:01:06" method="GET" path="/segments/v2160orig/gf_v2160orig_13.m4s" status=200 file_size=13819949 bytes_sent=13819949 dur_ms=527 complete=true error=null
time="2025-11-15 17:01:06" method="GET" path="/segments/v2160orig/gf_v2160orig_14.m4s" status=200 file_size=15650305 bytes_sent=15650305 dur_ms=536 complete=true error=null
time="2025-11-15 17:01:07" method="GET" path="/segments/v2160orig/gf_v2160orig_15.m4s" status=200 file_size=10461010 bytes_sent=10461010 dur_ms=399 complete=true error=null
time="2025-11-15 17:01:07" method="GET" path="/segments/v2160orig/gf_v2160orig_16.m4s" status=200 file_size=10118757 bytes_sent=10118757 dur_ms=337 complete=true error=null
time="2025-11-15 17:01:10" method="GET" path="/segments/a_ac3/gf_a_ac3_91.m4s" status=200 file_size=158884 bytes_sent=158884 dur_ms=38 complete=true error=null
time="2025-11-15 17:01:10" method="GET" path="/segments/a_ac3/gf_a_ac3_92.m4s" status=200 file_size=161444 bytes_sent=161444 dur_ms=37 complete=true error=null
time="2025-11-15 17:01:11" method="GET" path="/segments/v2160orig/gf_v2160orig_91.m4s" status=200 file_size=16001739 bytes_sent=16001739 dur_ms=652 complete=true error=null
time="2025-11-15 17:01:11" method="GET" path="/segments/a_ac3/gf_a_ac3_93.m4s" status=200 file_size=158884 bytes_sent=158884 dur_ms=15 complete=true error=null
time="2025-11-15 17:01:11" method="GET" path="/segments/v2160orig/gf_v2160orig_92.m4s" status=200 file_size=16338333 bytes_sent=16338333 dur_ms=514 complete=true error=null
time="2025-11-15 17:01:12" method="GET" path="/segments/a_ac3/gf_a_ac3_94.m4s" status=200 file_size=161444 bytes_sent=161444 dur_ms=20 complete=true error=null
time="2025-11-15 17:01:12" method="GET" path="/segments/v2160orig/gf_v2160orig_93.m4s" status=200 file_size=15200276 bytes_sent=15200276 dur_ms=609 complete=true error=null
time="2025-11-15 17:01:12" method="GET" path="/segments/a_ac3/gf_a_ac3_95.m4s" status=200 file_size=158884 bytes_sent=158884 dur_ms=17 complete=true error=null
time="2025-11-15 17:01:13" method="GET" path="/segments/v2160orig/gf_v2160orig_94.m4s" status=200 file_size=15235606 bytes_sent=15235606 dur_ms=576 complete=true error=null
time="2025-11-15 17:01:13" method="GET" path="/segments/a_ac3/gf_a_ac3_96.m4s" status=200 file_size=161444 bytes_sent=161444 dur_ms=16 complete=true error=null
time="2025-11-15 17:01:13" method="GET" path="/segments/v2160orig/gf_v2160orig_95.m4s" status=200 file_size=15861167 bytes_sent=15861167 dur_ms=567 complete=true error=null
time="2025-11-15 17:01:13" method="GET" path="/segments/a_ac3/gf_a_ac3_97.m4s" status=200 file_size=158884 bytes_sent=158884 dur_ms=23 complete=true error=null
time="2025-11-15 17:01:14" method="GET" path="/segments/v2160orig/gf_v2160orig_96.m4s" status=200 file_size=16580549 bytes_sent=16580549 dur_ms=647 complete=true error=null
time="2025-11-15 17:01:14" method="GET" path="/segments/a_ac3/gf_a_ac3_98.m4s" status=200 file_size=161444 bytes_sent=161444 dur_ms=16 complete=true error=null
time="2025-11-15 17:01:15" method="GET" path="/segments/v2160orig/gf_v2160orig_97.m4s" status=200 file_size=15155233 bytes_sent=15155233 dur_ms=581 complete=true error=null
time="2025-11-15 17:01:15" method="GET" path="/segments/a_ac3/gf_a_ac3_99.m4s" status=200 file_size=158884 bytes_sent=158884 dur_ms=15 complete=true error=null
time="2025-11-15 17:01:15" method="GET" path="/segments/v2160orig/gf_v2160orig_98.m4s" status=200 file_size=19563844 bytes_sent=19563844 dur_ms=607 complete=true error=null
time="2025-11-15 17:01:15" method="GET" path="/segments/a_ac3/gf_a_ac3_100.m4s" status=200 file_size=161444 bytes_sent=161444 dur_ms=15 complete=true error=null
time="2025-11-15 17:01:16" method="GET" path="/segments/v2160orig/gf_v2160orig_99.m4s" status=200 file_size=21913618 bytes_sent=21913618 dur_ms=855 complete=true error=null
time="2025-11-15 17:01:16" method="GET" path="/segments/a_ac3/gf_a_ac3_101.m4s" status=200 file_size=158884 bytes_sent=158884 dur_ms=15 complete=true error=null
time="2025-11-15 17:01:17" method="GET" path="/segments/v2160orig/gf_v2160orig_100.m4s" status=200 file_size=19618619 bytes_sent=19618619 dur_ms=762 complete=true error=null
time="2025-11-15 17:01:17" method="GET" path="/segments/a_ac3/gf_a_ac3_102.m4s" status=200 file_size=161444 bytes_sent=161444 dur_ms=20 complete=true error=null
time="2025-11-15 17:01:18" method="GET" path="/segments/v2160orig/gf_v2160orig_101.m4s" status=200 file_size=15879445 bytes_sent=15879445 dur_ms=609 complete=true error=null
time="2025-11-15 17:01:18" method="GET" path="/segments/a_ac3/gf_a_ac3_103.m4s" status=200 file_size=158884 bytes_sent=158884 dur_ms=20 complete=true error=null
time="2025-11-15 17:01:18" method="GET" path="/segments/v2160orig/gf_v2160orig_102.m4s" status=200 file_size=15505291 bytes_sent=15505291 dur_ms=508 complete=true error=null
time="2025-11-15 17:01:30" method="GET" path="/Godfather.mpd" status=200 file_size=6999 bytes_sent=6999 dur_ms=0 complete=true error=null
time="2025-11-15 17:01:30" method="GET" path="/Godfather.mpd" status=200 file_size=6999 bytes_sent=6999 dur_ms=0 complete=true error=null
time="2025-11-15 17:01:30" method="GET" path="/segments/a_ac3/initgf_a_ac3_.mp4" status=200 file_size=836 bytes_sent=836 dur_ms=0 complete=true error=null
time="2025-11-15 17:01:30" method="GET" path="/segments/v1080/initgf_v1080_.mp4" status=200 file_size=999 bytes_sent=999 dur_ms=0 complete=true error=null
time="2025-11-15 17:01:30" method="GET" path="/segments/a_ac3/gf_a_ac3_1.m4s" status=200 file_size=169124 bytes_sent=169124 dur_ms=0 complete=true error=null
time="2025-11-15 17:01:30" method="GET" path="/segments/a_ac3/gf_a_ac3_2.m4s" status=200 file_size=161444 bytes_sent=161444 dur_ms=1 complete=true error=null
time="2025-11-15 17:01:30" method="GET" path="/segments/v1080/gf_v1080_1.m4s" status=200 file_size=1860167 bytes_sent=1860167 dur_ms=109 complete=true error=null
time="2025-11-15 17:01:30" method="GET" path="/segments/a_ac3/gf_a_ac3_3.m4s" status=200 file_size=158884 bytes_sent=158884 dur_ms=1 complete=true error=null
time="2025-11-15 17:01:30" method="GET" path="/segments/v1080/gf_v1080_2.m4s" status=200 file_size=1853685 bytes_sent=1853685 dur_ms=106 complete=true error=null
time="2025-11-15 17:01:30" method="GET" path="/segments/a_ac3/gf_a_ac3_4.m4s" status=200 file_size=161444 bytes_sent=161444 dur_ms=0 complete=true error=null
time="2025-11-15 17:01:30" method="GET" path="/segments/v1080/gf_v1080_3.m4s" status=200 file_size=1876658 bytes_sent=1876658 dur_ms=105 complete=true error=null
time="2025-11-15 17:01:30" method="GET" path="/segments/a_ac3/gf_a_ac3_5.m4s" status=200 file_size=158884 bytes_sent=158884 dur_ms=1 complete=true error=null
time="2025-11-15 17:01:30" method="GET" path="/segments/v1080/gf_v1080_4.m4s" status=200 file_size=1682894 bytes_sent=1682894 dur_ms=96 complete=true error=null
time="2025-11-15 17:01:30" method="GET" path="/segments/a_ac3/gf_a_ac3_6.m4s" status=200 file_size=161444 bytes_sent=161444 dur_ms=0 complete=true error=null
time="2025-11-15 17:01:30" method="GET" path="/segments/v1080/gf_v1080_5.m4s" status=200 file_size=1833065 bytes_sent=1833065 dur_ms=98 complete=true error=null
time="2025-11-15 17:01:30" method="GET" path="/segments/a_ac3/gf_a_ac3_7.m4s" status=200 file_size=158884 bytes_sent=158884 dur_ms=0 complete=true error=null
time="2025-11-15 17:01:31" method="GET" path="/segments/v1080/gf_v1080_6.m4s" status=200 file_size=1690840 bytes_sent=1690840 dur_ms=98 complete=true error=null
time="2025-11-15 17:01:31" method="GET" path="/segments/a_ac3/gf_a_ac3_8.m4s" status=200 file_size=161444 bytes_sent=161444 dur_ms=1 complete=true error=null
time="2025-11-15 17:01:31" method="GET" path="/segments/v1080/gf_v1080_7.m4s" status=200 file_size=1727513 bytes_sent=1727513 dur_ms=95 complete=true error=null
time="2025-11-15 17:01:31" method="GET" path="/segments/a_ac3/gf_a_ac3_9.m4s" status=200 file_size=158884 bytes_sent=158884 dur_ms=0 complete=true error=null
time="2025-11-15 17:01:31" method="GET" path="/segments/v1080/gf_v1080_8.m4s" status=200 file_size=1723729 bytes_sent=1723729 dur_ms=103 complete=true error=null
time="2025-11-15 17:01:31" method="GET" path="/segments/a_ac3/gf_a_ac3_10.m4s" status=200 file_size=161444 bytes_sent=161444 dur_ms=1 complete=true error=null
time="2025-11-15 17:01:31" method="GET" path="/segments/v1080/gf_v1080_9.m4s" status=200 file_size=2007745 bytes_sent=2007745 dur_ms=123 complete=true error=null
time="2025-11-15 17:01:31" method="GET" path="/segments/a_ac3/gf_a_ac3_11.m4s" status=200 file_size=158884 bytes_sent=158884 dur_ms=0 complete=true error=null
time="2025-11-15 17:01:31" method="GET" path="/segments/v1080/gf_v1080_10.m4s" status=200 file_size=1797897 bytes_sent=1797897 dur_ms=96 complete=true error=null
time="2025-11-15 17:01:31" method="GET" path="/segments/a_ac3/gf_a_ac3_12.m4s" status=200 file_size=161444 bytes_sent=161444 dur_ms=0 complete=true error=null
time="2025-11-15 17:01:31" method="GET" path="/segments/v1080/gf_v1080_11.m4s" status=200 file_size=1823308 bytes_sent=1823308 dur_ms=85 complete=true error=null
time="2025-11-15 17:01:31" method="GET" path="/segments/a_ac3/gf_a_ac3_13.m4s" status=200 file_size=158884 bytes_sent=158884 dur_ms=0 complete=true error=null
time="2025-11-15 17:01:31" method="GET" path="/segments/v1080/gf_v1080_12.m4s" status=200 file_size=1774807 bytes_sent=1774807 dur_ms=110 complete=true error=null
time="2025-11-15 17:01:31" method="GET" path="/segments/a_ac3/gf_a_ac3_14.m4s" status=200 file_size=161444 bytes_sent=161444 dur_ms=0 complete=true error=null
time="2025-11-15 17:01:32" method="GET" path="/segments/v1080/gf_v1080_13.m4s" status=200 file_size=1823028 bytes_sent=1823028 dur_ms=96 complete=true error=null
time="2025-11-15 17:01:32" method="GET" path="/segments/a_ac3/gf_a_ac3_15.m4s" status=200 file_size=158884 bytes_sent=158884 dur_ms=0 complete=true error=null
time="2025-11-15 17:01:32" method="GET" path="/segments/v1080/gf_v1080_14.m4s" status=200 file_size=2095851 bytes_sent=2095851 dur_ms=91 complete=true error=null
time="2025-11-15 17:01:32" method="GET" path="/segments/a_ac3/gf_a_ac3_16.m4s" status=200 file_size=161444 bytes_sent=161444 dur_ms=0 complete=true error=null
time="2025-11-15 17:01:32" method="GET" path="/segments/v1080/gf_v1080_15.m4s" status=200 file_size=1617300 bytes_sent=1617300 dur_ms=105 complete=true error=null
time="2025-11-15 17:01:32" method="GET" path="/segments/a_ac3/gf_a_ac3_17.m4s" status=200 file_size=158884 bytes_sent=158884 dur_ms=0 complete=true error=null
time="2025-11-15 17:01:32" method="GET" path="/segments/v1080/gf_v1080_16.m4s" status=200 file_size=1667338 bytes_sent=1667338 dur_ms=100 complete=true error=null
time="2025-11-15 17:01:32" method="GET" path="/segments/a_ac3/gf_a_ac3_18.m4s" status=200 file_size=161444 bytes_sent=161444 dur_ms=0 complete=true error=null
time="2025-11-15 17:01:32" method="GET" path="/segments/v1080/gf_v1080_17.m4s" status=200 file_size=1847143 bytes_sent=1847143 dur_ms=113 complete=true error=null
time="2025-11-15 17:01:32" method="GET" path="/segments/a_ac3/gf_a_ac3_19.m4s" status=200 file_size=158884 bytes_sent=158884 dur_ms=1 complete=true error=null
time="2025-11-15 17:01:32" method="GET" path="/segments/v1080/gf_v1080_18.m4s" status=200 file_size=1555187 bytes_sent=1555187 dur_ms=95 complete=true error=null
time="2025-11-15 17:01:32" method="GET" path="/segments/a_ac3/gf_a_ac3_20.m4s" status=200 file_size=161444 bytes_sent=161444 dur_ms=0 complete=true error=null
time="2025-11-15 17:01:32" method="GET" path="/segments/v1080/gf_v1080_19.m4s" status=200 file_size=1765295 bytes_sent=1765295 dur_ms=89 complete=true error=null
time="2025-11-15 17:01:32" method="GET" path="/segments/a_ac3/gf_a_ac3_21.m4s" status=200 file_size=158884 bytes_sent=158884 dur_ms=0 complete=true error=null
time="2025-11-15 17:01:32" method="GET" path="/segments/v1080/gf_v1080_20.m4s" status=200 file_size=1707940 bytes_sent=1707940 dur_ms=122 complete=true error=null
time="2025-11-15 17:01:32" method="GET" path="/segments/a_ac3/gf_a_ac3_22.m4s" status=200 file_size=161444 bytes_sent=161444 dur_ms=1 complete=true error=null
time="2025-11-15 17:01:33" method="GET" path="/segments/v1080/gf_v1080_21.m4s" status=200 file_size=1785920 bytes_sent=1785920 dur_ms=96 complete=true error=null
time="2025-11-15 17:01:33" method="GET" path="/segments/a_ac3/gf_a_ac3_23.m4s" status=200 file_size=158884 bytes_sent=158884 dur_ms=0 complete=true error=null
time="2025-11-15 17:01:33" method="GET" path="/segments/v1080/gf_v1080_22.m4s" status=200 file_size=1724124 bytes_sent=1724124 dur_ms=114 complete=true error=null
time="2025-11-15 17:01:33" method="GET" path="/segments/a_ac3/gf_a_ac3_24.m4s" status=200 file_size=161444 bytes_sent=161444 dur_ms=0 complete=true error=null
time="2025-11-15 17:01:33" method="GET" path="/segments/v1080/gf_v1080_23.m4s" status=200 file_size=1903825 bytes_sent=1903825 dur_ms=107 complete=true error=null
time="2025-11-15 17:01:33" method="GET" path="/Godfather.mpd" status=200 file_size=6999 bytes_sent=6999 dur_ms=0 complete=true error=null
time="2025-11-15 17:01:33" method="GET" path="/Godfather.mpd" status=200 file_size=6999 bytes_sent=6999 dur_ms=0 complete=true error=null
time="2025-11-15 17:01:33" method="GET" path="/segments/v1080/initgf_v1080_.mp4" status=200 file_size=999 bytes_sent=999 dur_ms=0 complete=true error=null
time="2025-11-15 17:01:33" method="GET" path="/segments/a_ac3/initgf_a_ac3_.mp4" status=200 file_size=836 bytes_sent=836 dur_ms=0 complete=true error=null
time="2025-11-15 17:01:33" method="GET" path="/segments/a_ac3/gf_a_ac3_1.m4s" status=200 file_size=169124 bytes_sent=169124 dur_ms=0 complete=true error=null
time="2025-11-15 17:01:33" method="GET" path="/segments/v1080/gf_v1080_1.m4s" status=200 file_size=1860167 bytes_sent=1860167 dur_ms=89 complete=true error=null
time="2025-11-15 17:01:33" method="GET" path="/segments/a_ac3/gf_a_ac3_2.m4s" status=200 file_size=161444 bytes_sent=161444 dur_ms=0 complete=true error=null
time="2025-11-15 17:01:33" method="GET" path="/segments/a_ac3/gf_a_ac3_3.m4s" status=200 file_size=158884 bytes_sent=158884 dur_ms=0 complete=true error=null
time="2025-11-15 17:01:33" method="GET" path="/segments/v1080/gf_v1080_2.m4s" status=200 file_size=1853685 bytes_sent=1853685 dur_ms=105 complete=true error=null
time="2025-11-15 17:01:33" method="GET" path="/segments/a_ac3/gf_a_ac3_4.m4s" status=200 file_size=161444 bytes_sent=161444 dur_ms=0 complete=true error=null
time="2025-11-15 17:01:33" method="GET" path="/segments/v1080/gf_v1080_3.m4s" status=200 file_size=1876658 bytes_sent=1876658 dur_ms=95 complete=true error=null
time="2025-11-15 17:01:33" method="GET" path="/segments/a_ac3/gf_a_ac3_5.m4s" status=200 file_size=158884 bytes_sent=158884 dur_ms=0 complete=true error=null
time="2025-11-15 17:01:34" method="GET" path="/segments/v1080/gf_v1080_4.m4s" status=200 file_size=1682894 bytes_sent=1682894 dur_ms=93 complete=true error=null
time="2025-11-15 17:01:34" method="GET" path="/segments/a_ac3/gf_a_ac3_6.m4s" status=200 file_size=161444 bytes_sent=161444 dur_ms=0 complete=true error=null
time="2025-11-15 17:01:34" method="GET" path="/segments/v1080/gf_v1080_5.m4s" status=200 file_size=1833065 bytes_sent=1833065 dur_ms=98 complete=true error=null
time="2025-11-15 17:01:34" method="GET" path="/segments/a_ac3/gf_a_ac3_7.m4s" status=200 file_size=158884 bytes_sent=158884 dur_ms=0 complete=true error=null
time="2025-11-15 17:01:34" method="GET" path="/segments/v1080/gf_v1080_6.m4s" status=200 file_size=1690840 bytes_sent=1690840 dur_ms=85 complete=true error=null
time="2025-11-15 17:01:34" method="GET" path="/segments/a_ac3/gf_a_ac3_8.m4s" status=200 file_size=161444 bytes_sent=161444 dur_ms=0 complete=true error=null
time="2025-11-15 17:01:34" method="GET" path="/segments/v1080/gf_v1080_7.m4s" status=200 file_size=1727513 bytes_sent=1727513 dur_ms=91 complete=true error=null
time="2025-11-15 17:01:34" method="GET" path="/segments/a_ac3/gf_a_ac3_9.m4s" status=200 file_size=158884 bytes_sent=158884 dur_ms=0 complete=true error=null
time="2025-11-15 17:01:34" method="GET" path="/segments/v1080/gf_v1080_8.m4s" status=200 file_size=1723729 bytes_sent=1723729 dur_ms=97 complete=true error=null
time="2025-11-15 17:01:34" method="GET" path="/segments/a_ac3/gf_a_ac3_10.m4s" status=200 file_size=161444 bytes_sent=161444 dur_ms=0 complete=true error=null
time="2025-11-15 17:01:34" method="GET" path="/segments/v1080/gf_v1080_9.m4s" status=200 file_size=2007745 bytes_sent=2007745 dur_ms=99 complete=true error=null
time="2025-11-15 17:01:34" method="GET" path="/segments/a_ac3/gf_a_ac3_11.m4s" status=200 file_size=158884 bytes_sent=158884 dur_ms=0 complete=true error=null
time="2025-11-15 17:01:34" method="GET" path="/segments/v1080/gf_v1080_10.m4s" status=200 file_size=1797897 bytes_sent=1797897 dur_ms=94 complete=true error=null
time="2025-11-15 17:01:34" method="GET" path="/segments/a_ac3/gf_a_ac3_12.m4s" status=200 file_size=161444 bytes_sent=161444 dur_ms=1 complete=true error=null
time="2025-11-15 17:01:34" method="GET" path="/segments/v1080/gf_v1080_11.m4s" status=200 file_size=1823308 bytes_sent=1823308 dur_ms=95 complete=true error=null
time="2025-11-15 17:01:34" method="GET" path="/segments/a_ac3/gf_a_ac3_13.m4s" status=200 file_size=158884 bytes_sent=158884 dur_ms=0 complete=true error=null
time="2025-11-15 17:01:34" method="GET" path="/segments/v1080/gf_v1080_12.m4s" status=499 file_size=1774807 bytes_sent=1048576 dur_ms=61 complete=false error="client_closed"
time="2025-11-15 17:01:34" method="GET" path="/segments/v2160orig/initgf_v2160orig_.mp4" status=200 file_size=1061 bytes_sent=1061 dur_ms=2 complete=true error=null
time="2025-11-15 17:01:35" method="GET" path="/segments/v2160orig/gf_v2160orig_1.m4s" status=200 file_size=11527988 bytes_sent=11527988 dur_ms=434 complete=true error=null
time="2025-11-15 17:01:35" method="GET" path="/segments/v2160orig/gf_v2160orig_2.m4s" status=200 file_size=11580470 bytes_sent=11580470 dur_ms=461 complete=true error=null
time="2025-11-15 17:01:36" method="GET" path="/segments/v2160orig/gf_v2160orig_3.m4s" status=200 file_size=11755857 bytes_sent=11755857 dur_ms=442 complete=true error=null
time="2025-11-15 17:01:36" method="GET" path="/segments/v2160orig/gf_v2160orig_4.m4s" status=200 file_size=11389434 bytes_sent=11389434 dur_ms=428 complete=true error=null
time="2025-11-15 17:01:37" method="GET" path="/segments/v2160orig/gf_v2160orig_5.m4s" status=200 file_size=11808290 bytes_sent=11808290 dur_ms=392 complete=true error=null
time="2025-11-15 17:01:37" method="GET" path="/segments/v2160orig/gf_v2160orig_6.m4s" status=200 file_size=11415111 bytes_sent=11415111 dur_ms=396 complete=true error=null
time="2025-11-15 17:01:38" method="GET" path="/segments/v2160orig/gf_v2160orig_7.m4s" status=200 file_size=11556470 bytes_sent=11556470 dur_ms=411 complete=true error=null
time="2025-11-15 17:01:38" method="GET" path="/segments/v2160orig/gf_v2160orig_8.m4s" status=200 file_size=11312628 bytes_sent=11312628 dur_ms=418 complete=true error=null
time="2025-11-15 17:01:39" method="GET" path="/segments/v2160orig/gf_v2160orig_9.m4s" status=200 file_size=13782727 bytes_sent=13782727 dur_ms=466 complete=true error=null
time="2025-11-15 17:01:39" method="GET" path="/segments/v2160orig/gf_v2160orig_10.m4s" status=200 file_size=10884729 bytes_sent=10884729 dur_ms=351 complete=true error=null
time="2025-11-15 17:01:40" method="GET" path="/segments/v2160orig/gf_v2160orig_11.m4s" status=200 file_size=11729325 bytes_sent=11729325 dur_ms=423 complete=true error=null
time="2025-11-15 17:01:40" method="GET" path="/segments/a_ac3/gf_a_ac3_107.m4s" status=200 file_size=158884 bytes_sent=158884 dur_ms=1 complete=true error=null
time="2025-11-15 17:01:40" method="GET" path="/segments/a_ac3/gf_a_ac3_108.m4s" status=200 file_size=161444 bytes_sent=161444 dur_ms=0 complete=true error=null
time="2025-11-15 17:01:40" method="GET" path="/segments/v2160orig/gf_v2160orig_107.m4s" status=200 file_size=13759306 bytes_sent=13759306 dur_ms=383 complete=true error=null
time="2025-11-15 17:01:40" method="GET" path="/segments/a_ac3/gf_a_ac3_109.m4s" status=200 file_size=158884 bytes_sent=158884 dur_ms=0 complete=true error=null
time="2025-11-15 17:01:40" method="GET" path="/segments/v2160orig/gf_v2160orig_108.m4s" status=200 file_size=9325945 bytes_sent=9325945 dur_ms=329 complete=true error=null
time="2025-11-15 17:01:41" method="GET" path="/segments/a_ac3/gf_a_ac3_110.m4s" status=200 file_size=161444 bytes_sent=161444 dur_ms=0 complete=true error=null
time="2025-11-15 17:01:41" method="GET" path="/segments/v2160orig/gf_v2160orig_109.m4s" status=200 file_size=16599818 bytes_sent=16599818 dur_ms=500 complete=true error=null
time="2025-11-15 17:01:41" method="GET" path="/segments/a_ac3/gf_a_ac3_111.m4s" status=200 file_size=158884 bytes_sent=158884 dur_ms=0 complete=true error=null
time="2025-11-15 17:01:42" method="GET" path="/segments/v2160orig/gf_v2160orig_110.m4s" status=200 file_size=13135819 bytes_sent=13135819 dur_ms=473 complete=true error=null
time="2025-11-15 17:01:42" method="GET" path="/segments/a_ac3/gf_a_ac3_112.m4s" status=200 file_size=161444 bytes_sent=161444 dur_ms=0 complete=true error=null
time="2025-11-15 17:01:42" method="GET" path="/segments/v2160orig/gf_v2160orig_111.m4s" status=200 file_size=11305846 bytes_sent=11305846 dur_ms=399 complete=true error=null
time="2025-11-15 17:01:42" method="GET" path="/segments/a_ac3/gf_a_ac3_113.m4s" status=200 file_size=158884 bytes_sent=158884 dur_ms=0 complete=true error=null
time="2025-11-15 17:01:42" method="GET" path="/segments/v2160orig/gf_v2160orig_112.m4s" status=200 file_size=13160231 bytes_sent=13160231 dur_ms=374 complete=true error=null
time="2025-11-15 17:01:43" method="GET" path="/segments/a_ac3/gf_a_ac3_114.m4s" status=200 file_size=161444 bytes_sent=161444 dur_ms=1 complete=true error=null
time="2025-11-15 17:01:43" method="GET" path="/segments/v2160orig/gf_v2160orig_113.m4s" status=200 file_size=11901946 bytes_sent=11901946 dur_ms=463 complete=true error=null
time="2025-11-15 17:01:43" method="GET" path="/segments/a_ac3/gf_a_ac3_115.m4s" status=200 file_size=158884 bytes_sent=158884 dur_ms=0 complete=true error=null
time="2025-11-15 17:01:44" method="GET" path="/segments/v2160orig/gf_v2160orig_114.m4s" status=200 file_size=16501046 bytes_sent=16501046 dur_ms=551 complete=true error=null
time="2025-11-15 17:01:44" method="GET" path="/segments/a_ac3/gf_a_ac3_116.m4s" status=200 file_size=161444 bytes_sent=161444 dur_ms=1 complete=true error=null
time="2025-11-15 17:01:44" method="GET" path="/segments/v2160orig/gf_v2160orig_115.m4s" status=200 file_size=18832448 bytes_sent=18832448 dur_ms=504 complete=true error=null
time="2025-11-15 17:01:44" method="GET" path="/segments/a_ac3/gf_a_ac3_117.m4s" status=200 file_size=158884 bytes_sent=158884 dur_ms=1 complete=true error=null
time="2025-11-15 17:01:45" method="GET" path="/segments/v2160orig/gf_v2160orig_116.m4s" status=200 file_size=18810749 bytes_sent=18810749 dur_ms=566 complete=true error=null
time="2025-11-15 17:01:45" method="GET" path="/segments/a_ac3/gf_a_ac3_118.m4s" status=200 file_size=161444 bytes_sent=161444 dur_ms=0 complete=true error=null
time="2025-11-15 17:01:46" method="GET" path="/segments/v2160orig/gf_v2160orig_117.m4s" status=200 file_size=21784536 bytes_sent=21784536 dur_ms=751 complete=true error=null
time="2025-11-15 17:01:46" method="GET" path="/segments/a_ac3/gf_a_ac3_119.m4s" status=200 file_size=158884 bytes_sent=158884 dur_ms=0 complete=true error=null
time="2025-11-15 17:01:46" method="GET" path="/segments/v2160orig/gf_v2160orig_118.m4s" status=200 file_size=22543805 bytes_sent=22543805 dur_ms=737 complete=true error=null
time="2025-11-15 17:01:46" method="GET" path="/segments/a_ac3/gf_a_ac3_120.m4s" status=200 file_size=161444 bytes_sent=161444 dur_ms=0 complete=true error=null
time="2025-11-15 17:01:47" method="GET" path="/segments/v2160orig/gf_v2160orig_119.m4s" status=200 file_size=22199728 bytes_sent=22199728 dur_ms=772 complete=true error=null
time="2025-11-15 17:01:50" method="GET" path="/segments/a_ac3/gf_a_ac3_121.m4s" status=200 file_size=158884 bytes_sent=158884 dur_ms=0 complete=true error=null
time="2025-11-15 17:01:51" method="GET" path="/segments/v2160orig/gf_v2160orig_120.m4s" status=200 file_size=20260411 bytes_sent=20260411 dur_ms=707 complete=true error=null
time="2025-11-15 17:01:51" method="GET" path="/segments/a_ac3/gf_a_ac3_83.m4s" status=200 file_size=158884 bytes_sent=158884 dur_ms=0 complete=true error=null
time="2025-11-15 17:01:51" method="GET" path="/segments/a_ac3/gf_a_ac3_84.m4s" status=200 file_size=161444 bytes_sent=161444 dur_ms=1 complete=true error=null
time="2025-11-15 17:01:51" method="GET" path="/segments/v2160orig/gf_v2160orig_83.m4s" status=200 file_size=14935851 bytes_sent=14935851 dur_ms=559 complete=true error=null
time="2025-11-15 17:01:51" method="GET" path="/segments/a_ac3/gf_a_ac3_85.m4s" status=200 file_size=158884 bytes_sent=158884 dur_ms=0 complete=true error=null
time="2025-11-15 17:01:52" method="GET" path="/segments/v2160orig/gf_v2160orig_84.m4s" status=200 file_size=14507888 bytes_sent=14507888 dur_ms=580 complete=true error=null
time="2025-11-15 17:01:52" method="GET" path="/segments/a_ac3/gf_a_ac3_86.m4s" status=200 file_size=161444 bytes_sent=161444 dur_ms=1 complete=true error=null
time="2025-11-15 17:01:52" method="GET" path="/segments/v2160orig/gf_v2160orig_85.m4s" status=200 file_size=11855733 bytes_sent=11855733 dur_ms=466 complete=true error=null
time="2025-11-15 17:01:52" method="GET" path="/segments/a_ac3/gf_a_ac3_87.m4s" status=200 file_size=158884 bytes_sent=158884 dur_ms=0 complete=true error=null
time="2025-11-15 17:01:53" method="GET" path="/segments/v2160orig/gf_v2160orig_86.m4s" status=200 file_size=16501840 bytes_sent=16501840 dur_ms=605 complete=true error=null
time="2025-11-15 17:01:53" method="GET" path="/segments/a_ac3/gf_a_ac3_88.m4s" status=200 file_size=161444 bytes_sent=161444 dur_ms=0 complete=true error=null
time="2025-11-15 17:01:53" method="GET" path="/segments/v2160orig/gf_v2160orig_87.m4s" status=200 file_size=7538461 bytes_sent=7538461 dur_ms=273 complete=true error=null
time="2025-11-15 17:01:53" method="GET" path="/segments/a_ac3/gf_a_ac3_89.m4s" status=200 file_size=158884 bytes_sent=158884 dur_ms=1 complete=true error=null
time="2025-11-15 17:01:54" method="GET" path="/segments/v2160orig/gf_v2160orig_88.m4s" status=200 file_size=13655252 bytes_sent=13655252 dur_ms=549 complete=true error=null
time="2025-11-15 17:01:54" method="GET" path="/segments/a_ac3/gf_a_ac3_90.m4s" status=200 file_size=161444 bytes_sent=161444 dur_ms=1 complete=true error=null
time="2025-11-15 17:01:55" method="GET" path="/segments/v2160orig/gf_v2160orig_89.m4s" status=200 file_size=13602544 bytes_sent=13602544 dur_ms=533 complete=true error=null
time="2025-11-15 17:01:55" method="GET" path="/segments/a_ac3/gf_a_ac3_91.m4s" status=200 file_size=158884 bytes_sent=158884 dur_ms=1 complete=true error=null
time="2025-11-15 17:01:55" method="GET" path="/segments/v2160orig/gf_v2160orig_90.m4s" status=200 file_size=16699228 bytes_sent=16699228 dur_ms=548 complete=true error=null
time="2025-11-15 17:01:55" method="GET" path="/segments/a_ac3/gf_a_ac3_92.m4s" status=200 file_size=161444 bytes_sent=161444 dur_ms=0 complete=true error=null
time="2025-11-15 17:01:56" method="GET" path="/segments/v2160orig/gf_v2160orig_91.m4s" status=200 file_size=16001739 bytes_sent=16001739 dur_ms=489 complete=true error=null
time="2025-11-15 17:01:56" method="GET" path="/segments/a_ac3/gf_a_ac3_93.m4s" status=200 file_size=158884 bytes_sent=158884 dur_ms=0 complete=true error=null
time="2025-11-15 17:01:57" method="GET" path="/segments/v2160orig/gf_v2160orig_92.m4s" status=200 file_size=16338333 bytes_sent=16338333 dur_ms=600 complete=true error=null
time="2025-11-15 17:01:57" method="GET" path="/segments/a_ac3/gf_a_ac3_94.m4s" status=200 file_size=161444 bytes_sent=161444 dur_ms=0 complete=true error=null
time="2025-11-15 17:01:57" method="GET" path="/segments/v2160orig/gf_v2160orig_93.m4s" status=200 file_size=15200276 bytes_sent=15200276 dur_ms=599 complete=true error=null
time="2025-11-15 17:01:57" method="GET" path="/segments/a_ac3/gf_a_ac3_95.m4s" status=200 file_size=158884 bytes_sent=158884 dur_ms=1 complete=true error=null
time="2025-11-15 17:01:58" method="GET" path="/segments/v2160orig/gf_v2160orig_94.m4s" status=200 file_size=15235606 bytes_sent=15235606 dur_ms=680 complete=true error=null
time="2025-11-15 17:01:58" method="GET" path="/segments/a_ac3/gf_a_ac3_96.m4s" status=200 file_size=161444 bytes_sent=161444 dur_ms=1 complete=true error=null
time="2025-11-15 17:01:59" method="GET" path="/segments/v2160orig/gf_v2160orig_95.m4s" status=200 file_size=15861167 bytes_sent=15861167 dur_ms=562 complete=true error=null
time="2025-11-15 17:01:59" method="GET" path="/segments/a_ac3/gf_a_ac3_97.m4s" status=200 file_size=158884 bytes_sent=158884 dur_ms=0 complete=true error=null
time="2025-11-15 17:01:59" method="GET" path="/segments/v2160orig/gf_v2160orig_96.m4s" status=200 file_size=16580549 bytes_sent=16580549 dur_ms=670 complete=true error=null
time="2025-11-15 17:02:04" method="GET" path="/segments/a_ac3/gf_a_ac3_98.m4s" status=200 file_size=161444 bytes_sent=161444 dur_ms=0 complete=true error=null
time="2025-11-15 17:02:05" method="GET" path="/segments/v2160orig/gf_v2160orig_97.m4s" status=200 file_size=15155233 bytes_sent=15155233 dur_ms=666 complete=true error=null
time="2025-11-15 17:02:05" method="GET" path="/segments/a_ac3/gf_a_ac3_99.m4s" status=200 file_size=158884 bytes_sent=158884 dur_ms=0 complete=true error=null
time="2025-11-15 17:02:05" method="GET" path="/segments/v2160orig/gf_v2160orig_98.m4s" status=200 file_size=19563844 bytes_sent=19563844 dur_ms=634 complete=true error=null
time="2025-11-15 17:02:11" method="GET" path="/segments/a_ac3/gf_a_ac3_100.m4s" status=200 file_size=161444 bytes_sent=161444 dur_ms=1 complete=true error=null
time="2025-11-15 17:02:12" method="GET" path="/segments/v2160orig/gf_v2160orig_99.m4s" status=499 file_size=21913618 bytes_sent=9437184 dur_ms=422 complete=false error="client_closed"
time="2025-11-15 17:02:12" method="GET" path="/Godfather.mpd" status=200 file_size=6999 bytes_sent=6999 dur_ms=1 complete=true error=null
time="2025-11-15 17:02:12" method="GET" path="/Godfather.mpd" status=200 file_size=6999 bytes_sent=6999 dur_ms=1 complete=true error=null
time="2025-11-15 17:02:12" method="GET" path="/segments/v1080/initgf_v1080_.mp4" status=200 file_size=999 bytes_sent=999 dur_ms=0 complete=true error=null
time="2025-11-15 17:02:12" method="GET" path="/segments/a_ac3/initgf_a_ac3_.mp4" status=200 file_size=836 bytes_sent=836 dur_ms=0 complete=true error=null
time="2025-11-15 17:02:12" method="GET" path="/segments/a_ac3/gf_a_ac3_1.m4s" status=200 file_size=169124 bytes_sent=169124 dur_ms=0 complete=true error=null
time="2025-11-15 17:02:12" method="GET" path="/segments/v1080/gf_v1080_1.m4s" status=200 file_size=1860167 bytes_sent=1860167 dur_ms=6 complete=true error=null
time="2025-11-15 17:02:12" method="GET" path="/segments/a_ac3/gf_a_ac3_2.m4s" status=200 file_size=161444 bytes_sent=161444 dur_ms=0 complete=true error=null
time="2025-11-15 17:02:12" method="GET" path="/segments/v1080/gf_v1080_2.m4s" status=200 file_size=1853685 bytes_sent=1853685 dur_ms=8 complete=true error=null
time="2025-11-15 17:02:12" method="GET" path="/segments/a_ac3/gf_a_ac3_3.m4s" status=200 file_size=158884 bytes_sent=158884 dur_ms=1 complete=true error=null
time="2025-11-15 17:02:12" method="GET" path="/segments/a_ac3/gf_a_ac3_4.m4s" status=200 file_size=161444 bytes_sent=161444 dur_ms=0 complete=true error=null
time="2025-11-15 17:02:12" method="GET" path="/segments/v1080/gf_v1080_3.m4s" status=200 file_size=1876658 bytes_sent=1876658 dur_ms=11 complete=true error=null
time="2025-11-15 17:02:12" method="GET" path="/segments/a_ac3/gf_a_ac3_5.m4s" status=200 file_size=158884 bytes_sent=158884 dur_ms=0 complete=true error=null
time="2025-11-15 17:02:12" method="GET" path="/segments/v1080/gf_v1080_4.m4s" status=200 file_size=1682894 bytes_sent=1682894 dur_ms=5 complete=true error=null
time="2025-11-15 17:02:12" method="GET" path="/segments/a_ac3/gf_a_ac3_6.m4s" status=200 file_size=161444 bytes_sent=161444 dur_ms=2 complete=true error=null
time="2025-11-15 17:02:12" method="GET" path="/segments/v1080/gf_v1080_5.m4s" status=200 file_size=1833065 bytes_sent=1833065 dur_ms=5 complete=true error=null
time="2025-11-15 17:02:12" method="GET" path="/segments/a_ac3/gf_a_ac3_7.m4s" status=200 file_size=158884 bytes_sent=158884 dur_ms=1 complete=true error=null
time="2025-11-15 17:02:13" method="GET" path="/segments/v1080/gf_v1080_6.m4s" status=200 file_size=1690840 bytes_sent=1690840 dur_ms=8 complete=true error=null
time="2025-11-15 17:02:13" method="GET" path="/segments/a_ac3/gf_a_ac3_8.m4s" status=200 file_size=161444 bytes_sent=161444 dur_ms=2 complete=true error=null
time="2025-11-15 17:02:13" method="GET" path="/segments/v1080/gf_v1080_7.m4s" status=200 file_size=1727513 bytes_sent=1727513 dur_ms=7 complete=true error=null
time="2025-11-15 17:02:13" method="GET" path="/segments/a_ac3/gf_a_ac3_9.m4s" status=200 file_size=158884 bytes_sent=158884 dur_ms=2 complete=true error=null
time="2025-11-15 17:02:13" method="GET" path="/segments/v1080/gf_v1080_8.m4s" status=200 file_size=1723729 bytes_sent=1723729 dur_ms=8 complete=true error=null
time="2025-11-15 17:02:13" method="GET" path="/segments/a_ac3/gf_a_ac3_10.m4s" status=200 file_size=161444 bytes_sent=161444 dur_ms=0 complete=true error=null
time="2025-11-15 17:02:13" method="GET" path="/segments/v1080/gf_v1080_9.m4s" status=200 file_size=2007745 bytes_sent=2007745 dur_ms=4 complete=true error=null
time="2025-11-15 17:02:13" method="GET" path="/segments/a_ac3/gf_a_ac3_11.m4s" status=200 file_size=158884 bytes_sent=158884 dur_ms=1 complete=true error=null
time="2025-11-15 17:02:13" method="GET" path="/segments/v1080/gf_v1080_10.m4s" status=200 file_size=1797897 bytes_sent=1797897 dur_ms=5 complete=true error=null
time="2025-11-15 17:02:13" method="GET" path="/segments/a_ac3/gf_a_ac3_12.m4s" status=200 file_size=161444 bytes_sent=161444 dur_ms=0 complete=true error=null
time="2025-11-15 17:02:13" method="GET" path="/segments/v1080/gf_v1080_11.m4s" status=200 file_size=1823308 bytes_sent=1823308 dur_ms=8 complete=true error=null
time="2025-11-15 17:02:13" method="GET" path="/segments/a_ac3/gf_a_ac3_13.m4s" status=200 file_size=158884 bytes_sent=158884 dur_ms=0 complete=true error=null
time="2025-11-15 17:02:13" method="GET" path="/segments/v1080/gf_v1080_12.m4s" status=200 file_size=1774807 bytes_sent=1774807 dur_ms=6 complete=true error=null
time="2025-11-15 17:02:13" method="GET" path="/segments/a_ac3/gf_a_ac3_14.m4s" status=200 file_size=161444 bytes_sent=161444 dur_ms=0 complete=true error=null
time="2025-11-15 17:02:13" method="GET" path="/segments/v1080/gf_v1080_13.m4s" status=200 file_size=1823028 bytes_sent=1823028 dur_ms=7 complete=true error=null
time="2025-11-15 17:02:14" method="GET" path="/segments/a_ac3/gf_a_ac3_15.m4s" status=200 file_size=158884 bytes_sent=158884 dur_ms=0 complete=true error=null
time="2025-11-15 17:02:14" method="GET" path="/segments/v1080/gf_v1080_14.m4s" status=200 file_size=2095851 bytes_sent=2095851 dur_ms=4 complete=true error=null
time="2025-11-15 17:02:14" method="GET" path="/segments/a_ac3/gf_a_ac3_16.m4s" status=200 file_size=161444 bytes_sent=161444 dur_ms=0 complete=true error=null
time="2025-11-15 17:02:14" method="GET" path="/segments/v1080/gf_v1080_15.m4s" status=200 file_size=1617300 bytes_sent=1617300 dur_ms=9 complete=true error=null
time="2025-11-15 17:02:14" method="GET" path="/segments/a_ac3/gf_a_ac3_17.m4s" status=200 file_size=158884 bytes_sent=158884 dur_ms=1 complete=true error=null
time="2025-11-15 17:02:14" method="GET" path="/segments/v1080/gf_v1080_16.m4s" status=200 file_size=1667338 bytes_sent=1667338 dur_ms=7 complete=true error=null
time="2025-11-15 17:02:14" method="GET" path="/segments/a_ac3/gf_a_ac3_18.m4s" status=200 file_size=161444 bytes_sent=161444 dur_ms=1 complete=true error=null
time="2025-11-15 17:02:14" method="GET" path="/segments/v1080/gf_v1080_17.m4s" status=200 file_size=1847143 bytes_sent=1847143 dur_ms=6 complete=true error=null
time="2025-11-15 17:02:14" method="GET" path="/segments/v2160orig/initgf_v2160orig_.mp4" status=200 file_size=1061 bytes_sent=1061 dur_ms=0 complete=true error=null
time="2025-11-15 17:02:14" method="GET" path="/segments/v2160orig/gf_v2160orig_1.m4s" status=200 file_size=11527988 bytes_sent=11527988 dur_ms=396 complete=true error=null
time="2025-11-15 17:02:15" method="GET" path="/segments/v2160orig/gf_v2160orig_2.m4s" status=200 file_size=11580470 bytes_sent=11580470 dur_ms=425 complete=true error=null
time="2025-11-15 17:02:15" method="GET" path="/segments/v2160orig/gf_v2160orig_3.m4s" status=200 file_size=11755857 bytes_sent=11755857 dur_ms=381 complete=true error=null
time="2025-11-15 17:02:16" method="GET" path="/segments/v2160orig/gf_v2160orig_4.m4s" status=200 file_size=11389434 bytes_sent=11389434 dur_ms=385 complete=true error=null
time="2025-11-15 17:02:16" method="GET" path="/segments/v2160orig/gf_v2160orig_5.m4s" status=200 file_size=11808290 bytes_sent=11808290 dur_ms=416 complete=true error=null
time="2025-11-15 17:02:17" method="GET" path="/segments/v2160orig/gf_v2160orig_6.m4s" status=200 file_size=11415111 bytes_sent=11415111 dur_ms=385 complete=true error=null
time="2025-11-15 17:02:17" method="GET" path="/segments/a_ac3/gf_a_ac3_100.m4s" status=200 file_size=161444 bytes_sent=161444 dur_ms=0 complete=true error=null
time="2025-11-15 17:02:19" method="GET" path="/segments/a_ac3/gf_a_ac3_101.m4s" status=200 file_size=158884 bytes_sent=158884 dur_ms=1 complete=true error=null
time="2025-11-15 17:02:19" method="GET" path="/segments/v2160orig/gf_v2160orig_100.m4s" status=200 file_size=19618619 bytes_sent=19618619 dur_ms=731 complete=true error=null
time="2025-11-15 17:02:20" method="GET" path="/segments/a_ac3/gf_a_ac3_102.m4s" status=200 file_size=161444 bytes_sent=161444 dur_ms=1 complete=true error=null
time="2025-11-15 17:02:20" method="GET" path="/segments/v2160orig/gf_v2160orig_101.m4s" status=200 file_size=15879445 bytes_sent=15879445 dur_ms=521 complete=true error=null
time="2025-11-15 17:02:20" method="GET" path="/segments/a_ac3/gf_a_ac3_103.m4s" status=200 file_size=158884 bytes_sent=158884 dur_ms=1 complete=true error=null
time="2025-11-15 17:02:21" method="GET" path="/segments/v2160orig/gf_v2160orig_102.m4s" status=200 file_size=15505291 bytes_sent=15505291 dur_ms=542 complete=true error=null
time="2025-11-15 17:02:21" method="GET" path="/segments/a_ac3/gf_a_ac3_104.m4s" status=200 file_size=161444 bytes_sent=161444 dur_ms=1 complete=true error=null
time="2025-11-15 17:02:21" method="GET" path="/segments/v2160orig/gf_v2160orig_103.m4s" status=200 file_size=14347548 bytes_sent=14347548 dur_ms=450 complete=true error=null
time="2025-11-15 17:02:21" method="GET" path="/segments/a_ac3/gf_a_ac3_105.m4s" status=200 file_size=158884 bytes_sent=158884 dur_ms=0 complete=true error=null
time="2025-11-15 17:02:22" method="GET" path="/segments/v2160orig/gf_v2160orig_104.m4s" status=200 file_size=14354116 bytes_sent=14354116 dur_ms=455 complete=true error=null
time="2025-11-15 17:02:22" method="GET" path="/segments/a_ac3/gf_a_ac3_106.m4s" status=200 file_size=161444 bytes_sent=161444 dur_ms=1 complete=true error=null
time="2025-11-15 17:02:22" method="GET" path="/segments/v2160orig/gf_v2160orig_105.m4s" status=200 file_size=16395676 bytes_sent=16395676 dur_ms=484 complete=true error=null
time="2025-11-15 17:02:22" method="GET" path="/segments/a_ac3/gf_a_ac3_107.m4s" status=200 file_size=158884 bytes_sent=158884 dur_ms=0 complete=true error=null
time="2025-11-15 17:02:23" method="GET" path="/segments/v2160orig/gf_v2160orig_106.m4s" status=200 file_size=14501333 bytes_sent=14501333 dur_ms=469 complete=true error=null
time="2025-11-15 17:02:23" method="GET" path="/segments/a_ac3/gf_a_ac3_108.m4s" status=200 file_size=161444 bytes_sent=161444 dur_ms=2 complete=true error=null
time="2025-11-15 17:02:23" method="GET" path="/segments/v2160orig/gf_v2160orig_107.m4s" status=200 file_size=13759306 bytes_sent=13759306 dur_ms=439 complete=true error=null
time="2025-11-15 17:02:23" method="GET" path="/segments/a_ac3/gf_a_ac3_109.m4s" status=200 file_size=158884 bytes_sent=158884 dur_ms=0 complete=true error=null
time="2025-11-15 17:02:24" method="GET" path="/segments/v2160orig/gf_v2160orig_108.m4s" status=200 file_size=9325945 bytes_sent=9325945 dur_ms=332 complete=true error=null
time="2025-11-15 17:02:24" method="GET" path="/segments/a_ac3/gf_a_ac3_110.m4s" status=200 file_size=161444 bytes_sent=161444 dur_ms=1 complete=true error=null
time="2025-11-15 17:02:24" method="GET" path="/segments/v2160orig/gf_v2160orig_109.m4s" status=200 file_size=16599818 bytes_sent=16599818 dur_ms=476 complete=true error=null
time="2025-11-15 17:02:24" method="GET" path="/segments/a_ac3/gf_a_ac3_111.m4s" status=200 file_size=158884 bytes_sent=158884 dur_ms=0 complete=true error=null
time="2025-11-15 17:02:25" method="GET" path="/segments/v2160orig/gf_v2160orig_110.m4s" status=200 file_size=13135819 bytes_sent=13135819 dur_ms=385 complete=true error=null
time="2025-11-15 17:02:25" method="GET" path="/segments/a_ac3/gf_a_ac3_112.m4s" status=200 file_size=161444 bytes_sent=161444 dur_ms=0 complete=true error=null
time="2025-11-15 17:02:25" method="GET" path="/segments/a_ac3/gf_a_ac3_73.m4s" status=200 file_size=158884 bytes_sent=158884 dur_ms=1 complete=true error=null
time="2025-11-15 17:02:25" method="GET" path="/segments/v2160orig/gf_v2160orig_111.m4s" status=499 file_size=11305846 bytes_sent=8388608 dur_ms=289 complete=false error="client_closed"
time="2025-11-15 17:02:25" method="GET" path="/segments/a_ac3/gf_a_ac3_74.m4s" status=200 file_size=161444 bytes_sent=161444 dur_ms=0 complete=true error=null
time="2025-11-15 17:02:25" method="GET" path="/segments/v2160orig/gf_v2160orig_73.m4s" status=200 file_size=7106118 bytes_sent=7106118 dur_ms=255 complete=true error=null
time="2025-11-15 17:02:26" method="GET" path="/segments/a_ac3/gf_a_ac3_75.m4s" status=200 file_size=158884 bytes_sent=158884 dur_ms=1 complete=true error=null
time="2025-11-15 17:02:26" method="GET" path="/segments/v2160orig/gf_v2160orig_74.m4s" status=200 file_size=6718546 bytes_sent=6718546 dur_ms=243 complete=true error=null
time="2025-11-15 17:02:26" method="GET" path="/segments/a_ac3/gf_a_ac3_76.m4s" status=200 file_size=161444 bytes_sent=161444 dur_ms=0 complete=true error=null
time="2025-11-15 17:02:26" method="GET" path="/segments/v2160orig/gf_v2160orig_75.m4s" status=200 file_size=6322799 bytes_sent=6322799 dur_ms=259 complete=true error=null
time="2025-11-15 17:02:26" method="GET" path="/segments/a_ac3/gf_a_ac3_77.m4s" status=200 file_size=158884 bytes_sent=158884 dur_ms=0 complete=true error=null
time="2025-11-15 17:02:27" method="GET" path="/segments/v2160orig/gf_v2160orig_76.m4s" status=200 file_size=16437087 bytes_sent=16437087 dur_ms=556 complete=true error=null
time="2025-11-15 17:02:27" method="GET" path="/segments/a_ac3/gf_a_ac3_78.m4s" status=200 file_size=161444 bytes_sent=161444 dur_ms=1 complete=true error=null
time="2025-11-15 17:02:27" method="GET" path="/segments/v2160orig/gf_v2160orig_77.m4s" status=200 file_size=13913066 bytes_sent=13913066 dur_ms=497 complete=true error=null
time="2025-11-15 17:02:27" method="GET" path="/segments/a_ac3/gf_a_ac3_79.m4s" status=200 file_size=158884 bytes_sent=158884 dur_ms=0 complete=true error=null
time="2025-11-15 17:02:28" method="GET" path="/segments/v2160orig/gf_v2160orig_78.m4s" status=200 file_size=11815673 bytes_sent=11815673 dur_ms=382 complete=true error=null
time="2025-11-15 17:02:28" method="GET" path="/segments/a_ac3/gf_a_ac3_80.m4s" status=200 file_size=161444 bytes_sent=161444 dur_ms=1 complete=true error=null
time="2025-11-15 17:02:28" method="GET" path="/segments/v2160orig/gf_v2160orig_79.m4s" status=200 file_size=14557587 bytes_sent=14557587 dur_ms=498 complete=true error=null
time="2025-11-15 17:02:28" method="GET" path="/segments/a_ac3/gf_a_ac3_81.m4s" status=200 file_size=158884 bytes_sent=158884 dur_ms=0 complete=true error=null
time="2025-11-15 17:02:29" method="GET" path="/segments/v2160orig/gf_v2160orig_80.m4s" status=200 file_size=13038695 bytes_sent=13038695 dur_ms=451 complete=true error=null
time="2025-11-15 17:02:29" method="GET" path="/segments/a_ac3/gf_a_ac3_82.m4s" status=200 file_size=161444 bytes_sent=161444 dur_ms=0 complete=true error=null
time="2025-11-15 17:02:29" method="GET" path="/segments/v2160orig/gf_v2160orig_81.m4s" status=499 file_size=12680681 bytes_sent=12582912 dur_ms=373 complete=false error="client_closed"
time="2025-11-15 17:02:29" method="GET" path="/segments/a_ac3/gf_a_ac3_118.m4s" status=200 file_size=161444 bytes_sent=161444 dur_ms=1 complete=true error=null
time="2025-11-15 17:02:29" method="GET" path="/segments/a_ac3/gf_a_ac3_119.m4s" status=200 file_size=158884 bytes_sent=158884 dur_ms=0 complete=true error=null
time="2025-11-15 17:02:30" method="GET" path="/segments/v2160orig/gf_v2160orig_118.m4s" status=200 file_size=22543805 bytes_sent=22543805 dur_ms=776 complete=true error=null
time="2025-11-15 17:02:30" method="GET" path="/segments/a_ac3/gf_a_ac3_120.m4s" status=200 file_size=161444 bytes_sent=161444 dur_ms=0 complete=true error=null
time="2025-11-15 17:02:31" method="GET" path="/segments/v2160orig/gf_v2160orig_119.m4s" status=200 file_size=22199728 bytes_sent=22199728 dur_ms=796 complete=true error=null
time="2025-11-15 17:02:31" method="GET" path="/segments/a_ac3/gf_a_ac3_121.m4s" status=200 file_size=158884 bytes_sent=158884 dur_ms=0 complete=true error=null
time="2025-11-15 17:02:32" method="GET" path="/segments/v2160orig/gf_v2160orig_120.m4s" status=200 file_size=20260411 bytes_sent=20260411 dur_ms=736 complete=true error=null
time="2025-11-15 17:02:32" method="GET" path="/segments/a_ac3/gf_a_ac3_122.m4s" status=200 file_size=161444 bytes_sent=161444 dur_ms=1 complete=true error=null
time="2025-11-15 17:02:32" method="GET" path="/segments/v2160orig/gf_v2160orig_121.m4s" status=200 file_size=21112598 bytes_sent=21112598 dur_ms=786 complete=true error=null
time="2025-11-15 17:02:32" method="GET" path="/segments/a_ac3/gf_a_ac3_123.m4s" status=200 file_size=158884 bytes_sent=158884 dur_ms=0 complete=true error=null
time="2025-11-15 17:02:33" method="GET" path="/segments/v2160orig/gf_v2160orig_122.m4s" status=200 file_size=10888527 bytes_sent=10888527 dur_ms=413 complete=true error=null
time="2025-11-15 17:02:33" method="GET" path="/segments/a_ac3/gf_a_ac3_124.m4s" status=200 file_size=161444 bytes_sent=161444 dur_ms=0 complete=true error=null
time="2025-11-15 17:02:33" method="GET" path="/segments/v2160orig/gf_v2160orig_123.m4s" status=200 file_size=8699382 bytes_sent=8699382 dur_ms=339 complete=true error=null
time="2025-11-15 17:02:33" method="GET" path="/segments/a_ac3/gf_a_ac3_125.m4s" status=200 file_size=158884 bytes_sent=158884 dur_ms=0 complete=true error=null
time="2025-11-15 17:02:34" method="GET" path="/segments/v2160orig/gf_v2160orig_124.m4s" status=200 file_size=8628620 bytes_sent=8628620 dur_ms=393 complete=true error=null
time="2025-11-15 17:02:34" method="GET" path="/segments/a_ac3/gf_a_ac3_126.m4s" status=200 file_size=161444 bytes_sent=161444 dur_ms=1 complete=true error=null
time="2025-11-15 17:02:34" method="GET" path="/segments/v2160orig/gf_v2160orig_125.m4s" status=200 file_size=8553767 bytes_sent=8553767 dur_ms=451 complete=true error=null
time="2025-11-15 17:02:34" method="GET" path="/segments/a_ac3/gf_a_ac3_127.m4s" status=200 file_size=158884 bytes_sent=158884 dur_ms=1 complete=true error=null
time="2025-11-15 17:02:34" method="GET" path="/segments/v2160orig/gf_v2160orig_126.m4s" status=200 file_size=9603720 bytes_sent=9603720 dur_ms=345 complete=true error=null
time="2025-11-15 17:02:34" method="GET" path="/segments/a_ac3/gf_a_ac3_128.m4s" status=200 file_size=161444 bytes_sent=161444 dur_ms=0 complete=true error=null
time="2025-11-15 17:02:35" method="GET" path="/segments/v2160orig/gf_v2160orig_127.m4s" status=200 file_size=14760249 bytes_sent=14760249 dur_ms=443 complete=true error=null
time="2025-11-15 17:02:35" method="GET" path="/segments/a_ac3/gf_a_ac3_129.m4s" status=200 file_size=158884 bytes_sent=158884 dur_ms=0 complete=true error=null
time="2025-11-15 17:02:36" method="GET" path="/segments/v2160orig/gf_v2160orig_128.m4s" status=200 file_size=15458576 bytes_sent=15458576 dur_ms=496 complete=true error=null
time="2025-11-15 17:02:36" method="GET" path="/segments/a_ac3/gf_a_ac3_130.m4s" status=200 file_size=161444 bytes_sent=161444 dur_ms=0 complete=true error=null
time="2025-11-15 17:02:36" method="GET" path="/segments/v2160orig/gf_v2160orig_129.m4s" status=200 file_size=12718128 bytes_sent=12718128 dur_ms=433 complete=true error=null
time="2025-11-15 17:02:36" method="GET" path="/segments/a_ac3/gf_a_ac3_131.m4s" status=200 file_size=158884 bytes_sent=158884 dur_ms=0 complete=true error=null
time="2025-11-15 17:02:36" method="GET" path="/segments/v2160orig/gf_v2160orig_130.m4s" status=200 file_size=12376689 bytes_sent=12376689 dur_ms=397 complete=true error=null
time="2025-11-15 17:02:37" method="GET" path="/segments/a_ac3/gf_a_ac3_132.m4s" status=200 file_size=161444 bytes_sent=161444 dur_ms=0 complete=true error=null
time="2025-11-15 17:02:37" method="GET" path="/segments/v2160orig/gf_v2160orig_131.m4s" status=200 file_size=11037355 bytes_sent=11037355 dur_ms=370 complete=true error=null
time="2025-11-15 17:02:37" method="GET" path="/segments/a_ac3/gf_a_ac3_133.m4s" status=200 file_size=158884 bytes_sent=158884 dur_ms=0 complete=true error=null
time="2025-11-15 17:02:37" method="GET" path="/segments/v2160orig/gf_v2160orig_132.m4s" status=200 file_size=12993517 bytes_sent=12993517 dur_ms=448 complete=true error=null
time="2025-11-15 17:20:00" method="GET" path="/Godfather.mpd" status=200 file_size=6999 bytes_sent=6999 dur_ms=1 complete=true error=null
time="2025-11-15 17:20:00" method="GET" path="/Godfather.mpd" status=200 file_size=6999 bytes_sent=6999 dur_ms=0 complete=true error=null
time="2025-11-15 17:20:00" method="GET" path="/segments/v1080/initgf_v1080_.mp4" status=200 file_size=999 bytes_sent=999 dur_ms=1 complete=true error=null
time="2025-11-15 17:20:00" method="GET" path="/segments/a_ac3/initgf_a_ac3_.mp4" status=200 file_size=836 bytes_sent=836 dur_ms=0 complete=true error=null
time="2025-11-15 17:20:00" method="GET" path="/segments/a_ac3/gf_a_ac3_1.m4s" status=200 file_size=169124 bytes_sent=169124 dur_ms=41 complete=true error=null
time="2025-11-15 17:20:00" method="GET" path="/segments/v1080/gf_v1080_1.m4s" status=200 file_size=1860167 bytes_sent=1860167 dur_ms=118 complete=true error=null
time="2025-11-15 17:20:00" method="GET" path="/segments/a_ac3/gf_a_ac3_2.m4s" status=200 file_size=161444 bytes_sent=161444 dur_ms=16 complete=true error=null
time="2025-11-15 17:20:00" method="GET" path="/segments/a_ac3/gf_a_ac3_3.m4s" status=200 file_size=158884 bytes_sent=158884 dur_ms=52 complete=true error=null
time="2025-11-15 17:20:00" method="GET" path="/segments/v1080/gf_v1080_2.m4s" status=200 file_size=1853685 bytes_sent=1853685 dur_ms=131 complete=true error=null
time="2025-11-15 17:20:00" method="GET" path="/segments/a_ac3/gf_a_ac3_4.m4s" status=200 file_size=161444 bytes_sent=161444 dur_ms=16 complete=true error=null
time="2025-11-15 17:20:00" method="GET" path="/segments/v1080/gf_v1080_3.m4s" status=200 file_size=1876658 bytes_sent=1876658 dur_ms=99 complete=true error=null
time="2025-11-15 17:20:00" method="GET" path="/segments/a_ac3/gf_a_ac3_5.m4s" status=200 file_size=158884 bytes_sent=158884 dur_ms=15 complete=true error=null
time="2025-11-15 17:20:00" method="GET" path="/segments/v1080/gf_v1080_4.m4s" status=200 file_size=1682894 bytes_sent=1682894 dur_ms=91 complete=true error=null
time="2025-11-15 17:20:00" method="GET" path="/segments/a_ac3/gf_a_ac3_6.m4s" status=200 file_size=161444 bytes_sent=161444 dur_ms=18 complete=true error=null
time="2025-11-15 17:20:00" method="GET" path="/segments/v1080/gf_v1080_5.m4s" status=200 file_size=1833065 bytes_sent=1833065 dur_ms=108 complete=true error=null
time="2025-11-15 17:20:00" method="GET" path="/segments/a_ac3/gf_a_ac3_7.m4s" status=200 file_size=158884 bytes_sent=158884 dur_ms=16 complete=true error=null
time="2025-11-15 17:20:01" method="GET" path="/segments/v1080/gf_v1080_6.m4s" status=200 file_size=1690840 bytes_sent=1690840 dur_ms=90 complete=true error=null
time="2025-11-15 17:20:01" method="GET" path="/segments/a_ac3/gf_a_ac3_8.m4s" status=200 file_size=161444 bytes_sent=161444 dur_ms=16 complete=true error=null
time="2025-11-15 17:20:01" method="GET" path="/segments/v1080/gf_v1080_7.m4s" status=200 file_size=1727513 bytes_sent=1727513 dur_ms=100 complete=true error=null
time="2025-11-15 17:20:01" method="GET" path="/segments/a_ac3/gf_a_ac3_9.m4s" status=200 file_size=158884 bytes_sent=158884 dur_ms=17 complete=true error=null
time="2025-11-15 17:20:01" method="GET" path="/segments/v1080/gf_v1080_8.m4s" status=200 file_size=1723729 bytes_sent=1723729 dur_ms=89 complete=true error=null
time="2025-11-15 17:20:01" method="GET" path="/segments/a_ac3/gf_a_ac3_10.m4s" status=200 file_size=161444 bytes_sent=161444 dur_ms=21 complete=true error=null
time="2025-11-15 17:20:01" method="GET" path="/segments/v1080/gf_v1080_9.m4s" status=200 file_size=2007745 bytes_sent=2007745 dur_ms=94 complete=true error=null
time="2025-11-15 17:20:01" method="GET" path="/segments/a_ac3/gf_a_ac3_11.m4s" status=200 file_size=158884 bytes_sent=158884 dur_ms=15 complete=true error=null
time="2025-11-15 17:20:01" method="GET" path="/segments/v1080/gf_v1080_10.m4s" status=200 file_size=1797897 bytes_sent=1797897 dur_ms=95 complete=true error=null
time="2025-11-15 17:20:01" method="GET" path="/segments/a_ac3/gf_a_ac3_12.m4s" status=200 file_size=161444 bytes_sent=161444 dur_ms=35 complete=true error=null
time="2025-11-15 17:20:01" method="GET" path="/segments/v1080/gf_v1080_11.m4s" status=200 file_size=1823308 bytes_sent=1823308 dur_ms=129 complete=true error=null
time="2025-11-15 17:20:01" method="GET" path="/segments/a_ac3/gf_a_ac3_13.m4s" status=200 file_size=158884 bytes_sent=158884 dur_ms=32 complete=true error=null
time="2025-11-15 17:20:01" method="GET" path="/segments/v1080/gf_v1080_12.m4s" status=200 file_size=1774807 bytes_sent=1774807 dur_ms=123 complete=true error=null
time="2025-11-15 17:20:01" method="GET" path="/segments/a_ac3/gf_a_ac3_14.m4s" status=200 file_size=161444 bytes_sent=161444 dur_ms=17 complete=true error=null
time="2025-11-15 17:20:01" method="GET" path="/segments/v1080/gf_v1080_13.m4s" status=200 file_size=1823028 bytes_sent=1823028 dur_ms=94 complete=true error=null
time="2025-11-15 17:20:01" method="GET" path="/segments/a_ac3/gf_a_ac3_15.m4s" status=200 file_size=158884 bytes_sent=158884 dur_ms=16 complete=true error=null
time="2025-11-15 17:20:02" method="GET" path="/segments/v1080/gf_v1080_14.m4s" status=200 file_size=2095851 bytes_sent=2095851 dur_ms=89 complete=true error=null
time="2025-11-15 17:20:02" method="GET" path="/segments/a_ac3/gf_a_ac3_16.m4s" status=200 file_size=161444 bytes_sent=161444 dur_ms=17 complete=true error=null
time="2025-11-15 17:20:02" method="GET" path="/segments/v1080/gf_v1080_15.m4s" status=200 file_size=1617300 bytes_sent=1617300 dur_ms=86 complete=true error=null
time="2025-11-15 17:20:02" method="GET" path="/segments/a_ac3/gf_a_ac3_17.m4s" status=200 file_size=158884 bytes_sent=158884 dur_ms=18 complete=true error=null
time="2025-11-15 17:20:02" method="GET" path="/segments/v1080/gf_v1080_16.m4s" status=200 file_size=1667338 bytes_sent=1667338 dur_ms=103 complete=true error=null
time="2025-11-15 17:20:02" method="GET" path="/segments/a_ac3/gf_a_ac3_18.m4s" status=200 file_size=161444 bytes_sent=161444 dur_ms=27 complete=true error=null
time="2025-11-15 17:20:02" method="GET" path="/segments/v1080/gf_v1080_17.m4s" status=200 file_size=1847143 bytes_sent=1847143 dur_ms=108 complete=true error=null
time="2025-11-15 17:20:02" method="GET" path="/segments/a_ac3/gf_a_ac3_19.m4s" status=200 file_size=158884 bytes_sent=158884 dur_ms=16 complete=true error=null
time="2025-11-15 17:20:02" method="GET" path="/segments/v1080/gf_v1080_18.m4s" status=200 file_size=1555187 bytes_sent=1555187 dur_ms=88 complete=true error=null
time="2025-11-15 17:20:02" method="GET" path="/segments/a_ac3/gf_a_ac3_20.m4s" status=200 file_size=161444 bytes_sent=161444 dur_ms=20 complete=true error=null
time="2025-11-15 17:20:02" method="GET" path="/segments/v1080/gf_v1080_19.m4s" status=200 file_size=1765295 bytes_sent=1765295 dur_ms=120 complete=true error=null
time="2025-11-15 17:20:02" method="GET" path="/segments/a_ac3/gf_a_ac3_21.m4s" status=200 file_size=158884 bytes_sent=158884 dur_ms=19 complete=true error=null
time="2025-11-15 17:20:02" method="GET" path="/segments/v1080/gf_v1080_20.m4s" status=200 file_size=1707940 bytes_sent=1707940 dur_ms=94 complete=true error=null
time="2025-11-15 17:20:02" method="GET" path="/segments/a_ac3/gf_a_ac3_22.m4s" status=200 file_size=161444 bytes_sent=161444 dur_ms=19 complete=true error=null
time="2025-11-15 17:20:02" method="GET" path="/segments/v1080/gf_v1080_21.m4s" status=200 file_size=1785920 bytes_sent=1785920 dur_ms=88 complete=true error=null
time="2025-11-15 17:20:03" method="GET" path="/segments/a_ac3/gf_a_ac3_23.m4s" status=200 file_size=158884 bytes_sent=158884 dur_ms=21 complete=true error=null
time="2025-11-15 17:20:03" method="GET" path="/segments/v1080/gf_v1080_22.m4s" status=200 file_size=1724124 bytes_sent=1724124 dur_ms=96 complete=true error=null
time="2025-11-15 17:20:03" method="GET" path="/segments/a_ac3/gf_a_ac3_24.m4s" status=200 file_size=161444 bytes_sent=161444 dur_ms=21 complete=true error=null
time="2025-11-15 17:20:03" method="GET" path="/segments/v1080/gf_v1080_23.m4s" status=200 file_size=1903825 bytes_sent=1903825 dur_ms=99 complete=true error=null
time="2025-11-15 17:20:03" method="GET" path="/segments/a_ac3/gf_a_ac3_25.m4s" status=200 file_size=158884 bytes_sent=158884 dur_ms=16 complete=true error=null
time="2025-11-15 17:20:03" method="GET" path="/segments/v1080/gf_v1080_24.m4s" status=200 file_size=1771921 bytes_sent=1771921 dur_ms=105 complete=true error=null
time="2025-11-15 17:20:03" method="GET" path="/segments/a_ac3/gf_a_ac3_26.m4s" status=200 file_size=161444 bytes_sent=161444 dur_ms=20 complete=true error=null
time="2025-11-15 17:20:03" method="GET" path="/segments/v1080/gf_v1080_25.m4s" status=200 file_size=1811409 bytes_sent=1811409 dur_ms=95 complete=true error=null
time="2025-11-15 17:20:03" method="GET" path="/segments/a_ac3/gf_a_ac3_27.m4s" status=200 file_size=158884 bytes_sent=158884 dur_ms=18 complete=true error=null
time="2025-11-15 17:20:03" method="GET" path="/segments/v1080/gf_v1080_26.m4s" status=200 file_size=1637557 bytes_sent=1637557 dur_ms=80 complete=true error=null
time="2025-11-15 17:20:03" method="GET" path="/segments/a_ac3/gf_a_ac3_28.m4s" status=200 file_size=161444 bytes_sent=161444 dur_ms=21 complete=true error=null
time="2025-11-15 17:20:03" method="GET" path="/segments/v1080/gf_v1080_27.m4s" status=200 file_size=1773023 bytes_sent=1773023 dur_ms=115 complete=true error=null
time="2025-11-15 17:20:07" method="GET" path="/segments/a_ac3/gf_a_ac3_1.m4s" status=200 file_size=169124 bytes_sent=169124 dur_ms=51 complete=true error=null
time="2025-11-15 17:20:07" method="GET" path="/segments/a_ac3/gf_a_ac3_2.m4s" status=200 file_size=161444 bytes_sent=161444 dur_ms=26 complete=true error=null
time="2025-11-15 17:20:08" method="GET" path="/segments/v1080/gf_v1080_1.m4s" status=200 file_size=1860167 bytes_sent=1860167 dur_ms=292 complete=true error=null
time="2025-11-15 17:20:08" method="GET" path="/segments/a_ac3/gf_a_ac3_3.m4s" status=200 file_size=158884 bytes_sent=158884 dur_ms=23 complete=true error=null
time="2025-11-15 17:20:08" method="GET" path="/segments/v1080/gf_v1080_2.m4s" status=200 file_size=1853685 bytes_sent=1853685 dur_ms=200 complete=true error=null
time="2025-11-15 17:20:08" method="GET" path="/segments/a_ac3/gf_a_ac3_4.m4s" status=200 file_size=161444 bytes_sent=161444 dur_ms=17 complete=true error=null
time="2025-11-15 17:20:08" method="GET" path="/segments/v1080/gf_v1080_3.m4s" status=200 file_size=1876658 bytes_sent=1876658 dur_ms=224 complete=true error=null
time="2025-11-15 17:20:08" method="GET" path="/segments/a_ac3/gf_a_ac3_5.m4s" status=200 file_size=158884 bytes_sent=158884 dur_ms=22 complete=true error=null
time="2025-11-15 17:20:09" method="GET" path="/segments/v1080/gf_v1080_4.m4s" status=200 file_size=1682894 bytes_sent=1682894 dur_ms=218 complete=true error=null
time="2025-11-15 17:20:09" method="GET" path="/segments/a_ac3/gf_a_ac3_6.m4s" status=200 file_size=161444 bytes_sent=161444 dur_ms=20 complete=true error=null
time="2025-11-15 17:20:09" method="GET" path="/segments/v1080/gf_v1080_5.m4s" status=200 file_size=1833065 bytes_sent=1833065 dur_ms=286 complete=true error=null
time="2025-11-15 17:20:09" method="GET" path="/segments/a_ac3/gf_a_ac3_7.m4s" status=200 file_size=158884 bytes_sent=158884 dur_ms=88 complete=true error=null
time="2025-11-15 17:20:09" method="GET" path="/segments/v1080/gf_v1080_6.m4s" status=200 file_size=1690840 bytes_sent=1690840 dur_ms=251 complete=true error=null
time="2025-11-15 17:20:09" method="GET" path="/segments/a_ac3/gf_a_ac3_8.m4s" status=200 file_size=161444 bytes_sent=161444 dur_ms=45 complete=true error=null
time="2025-11-15 17:20:10" method="GET" path="/segments/v1080/gf_v1080_7.m4s" status=200 file_size=1727513 bytes_sent=1727513 dur_ms=172 complete=true error=null
time="2025-11-15 17:20:10" method="GET" path="/segments/a_ac3/gf_a_ac3_9.m4s" status=200 file_size=158884 bytes_sent=158884 dur_ms=47 complete=true error=null
time="2025-11-15 17:20:10" method="GET" path="/segments/v1080/gf_v1080_8.m4s" status=200 file_size=1723729 bytes_sent=1723729 dur_ms=157 complete=true error=null
time="2025-11-15 17:20:10" method="GET" path="/segments/a_ac3/gf_a_ac3_10.m4s" status=200 file_size=161444 bytes_sent=161444 dur_ms=14 complete=true error=null
time="2025-11-15 17:20:10" method="GET" path="/segments/v1080/gf_v1080_9.m4s" status=200 file_size=2007745 bytes_sent=2007745 dur_ms=175 complete=true error=null
time="2025-11-15 17:20:10" method="GET" path="/segments/a_ac3/gf_a_ac3_11.m4s" status=200 file_size=158884 bytes_sent=158884 dur_ms=15 complete=true error=null
time="2025-11-15 17:20:10" method="GET" path="/segments/v1080/gf_v1080_10.m4s" status=200 file_size=1797897 bytes_sent=1797897 dur_ms=230 complete=true error=null
time="2025-11-15 17:20:10" method="GET" path="/segments/a_ac3/gf_a_ac3_12.m4s" status=200 file_size=161444 bytes_sent=161444 dur_ms=116 complete=true error=null
time="2025-11-15 17:20:11" method="GET" path="/segments/v1080/gf_v1080_11.m4s" status=200 file_size=1823308 bytes_sent=1823308 dur_ms=496 complete=true error=null
time="2025-11-15 17:20:11" method="GET" path="/segments/a_ac3/gf_a_ac3_13.m4s" status=200 file_size=158884 bytes_sent=158884 dur_ms=25 complete=true error=null
time="2025-11-15 17:20:11" method="GET" path="/segments/v1080/gf_v1080_12.m4s" status=200 file_size=1774807 bytes_sent=1774807 dur_ms=244 complete=true error=null
time="2025-11-15 17:20:11" method="GET" path="/segments/a_ac3/gf_a_ac3_14.m4s" status=200 file_size=161444 bytes_sent=161444 dur_ms=23 complete=true error=null
time="2025-11-15 17:20:12" method="GET" path="/segments/v1080/gf_v1080_13.m4s" status=200 file_size=1823028 bytes_sent=1823028 dur_ms=401 complete=true error=null
time="2025-11-15 17:20:12" method="GET" path="/segments/a_ac3/gf_a_ac3_15.m4s" status=200 file_size=158884 bytes_sent=158884 dur_ms=23 complete=true error=null
time="2025-11-15 17:20:12" method="GET" path="/segments/v1080/gf_v1080_14.m4s" status=200 file_size=2095851 bytes_sent=2095851 dur_ms=219 complete=true error=null
time="2025-11-15 17:20:12" method="GET" path="/segments/a_ac3/gf_a_ac3_16.m4s" status=200 file_size=161444 bytes_sent=161444 dur_ms=20 complete=true error=null
time="2025-11-15 17:20:12" method="GET" path="/segments/v1080/gf_v1080_15.m4s" status=200 file_size=1617300 bytes_sent=1617300 dur_ms=119 complete=true error=null
time="2025-11-15 17:20:12" method="GET" path="/segments/a_ac3/gf_a_ac3_17.m4s" status=200 file_size=158884 bytes_sent=158884 dur_ms=26 complete=true error=null
time="2025-11-15 17:20:12" method="GET" path="/segments/v1080/gf_v1080_16.m4s" status=200 file_size=1667338 bytes_sent=1667338 dur_ms=93 complete=true error=null
time="2025-11-15 17:20:12" method="GET" path="/segments/a_ac3/gf_a_ac3_18.m4s" status=200 file_size=161444 bytes_sent=161444 dur_ms=15 complete=true error=null
time="2025-11-15 17:20:12" method="GET" path="/segments/v1080/gf_v1080_17.m4s" status=200 file_size=1847143 bytes_sent=1847143 dur_ms=244 complete=true error=null
time="2025-11-15 17:20:13" method="GET" path="/segments/a_ac3/gf_a_ac3_19.m4s" status=200 file_size=158884 bytes_sent=158884 dur_ms=67 complete=true error=null
time="2025-11-15 17:20:13" method="GET" path="/segments/v1080/gf_v1080_18.m4s" status=200 file_size=1555187 bytes_sent=1555187 dur_ms=264 complete=true error=null
time="2025-11-15 17:20:13" method="GET" path="/segments/a_ac3/gf_a_ac3_20.m4s" status=200 file_size=161444 bytes_sent=161444 dur_ms=18 complete=true error=null
time="2025-11-15 17:20:13" method="GET" path="/segments/v1080/gf_v1080_19.m4s" status=200 file_size=1765295 bytes_sent=1765295 dur_ms=218 complete=true error=null
time="2025-11-15 17:20:13" method="GET" path="/segments/a_ac3/gf_a_ac3_21.m4s" status=200 file_size=158884 bytes_sent=158884 dur_ms=16 complete=true error=null
time="2025-11-15 17:20:14" method="GET" path="/segments/v1080/gf_v1080_20.m4s" status=200 file_size=1707940 bytes_sent=1707940 dur_ms=243 complete=true error=null
time="2025-11-15 17:20:14" method="GET" path="/segments/a_ac3/gf_a_ac3_22.m4s" status=200 file_size=161444 bytes_sent=161444 dur_ms=26 complete=true error=null
time="2025-11-15 17:20:14" method="GET" path="/segments/v1080/gf_v1080_21.m4s" status=200 file_size=1785920 bytes_sent=1785920 dur_ms=355 complete=true error=null
time="2025-11-15 17:32:14" method="GET" path="/Godfather.mpd" status=200 file_size=6999 bytes_sent=6999 dur_ms=0 complete=true error=null
time="2025-11-15 17:32:14" method="GET" path="/Godfather.mpd" status=200 file_size=6999 bytes_sent=6999 dur_ms=1 complete=true error=null
time="2025-11-15 17:32:15" method="GET" path="/segments/a_ac3/initgf_a_ac3_.mp4" status=200 file_size=836 bytes_sent=836 dur_ms=0 complete=true error=null
time="2025-11-15 17:32:15" method="GET" path="/segments/v480/initgf_v480_.mp4" status=200 file_size=999 bytes_sent=999 dur_ms=0 complete=true error=null
time="2025-11-15 17:32:15" method="GET" path="/segments/a_ac3/gf_a_ac3_1.m4s" status=200 file_size=169124 bytes_sent=169124 dur_ms=124 complete=true error=null
time="2025-11-15 17:32:15" method="GET" path="/segments/v480/gf_v480_1.m4s" status=200 file_size=389602 bytes_sent=389602 dur_ms=165 complete=true error=null
time="2025-11-15 17:32:15" method="GET" path="/segments/a_ac3/gf_a_ac3_2.m4s" status=200 file_size=161444 bytes_sent=161444 dur_ms=19 complete=true error=null
time="2025-11-15 17:32:15" method="GET" path="/segments/v480/gf_v480_2.m4s" status=200 file_size=389630 bytes_sent=389630 dur_ms=43 complete=true error=null
time="2025-11-15 17:32:15" method="GET" path="/segments/a_ac3/gf_a_ac3_3.m4s" status=200 file_size=158884 bytes_sent=158884 dur_ms=22 complete=true error=null
time="2025-11-15 17:32:15" method="GET" path="/segments/v480/gf_v480_3.m4s" status=200 file_size=393238 bytes_sent=393238 dur_ms=45 complete=true error=null
time="2025-11-15 17:32:15" method="GET" path="/segments/a_ac3/gf_a_ac3_4.m4s" status=200 file_size=161444 bytes_sent=161444 dur_ms=16 complete=true error=null
time="2025-11-15 17:32:15" method="GET" path="/segments/v480/gf_v480_4.m4s" status=200 file_size=373380 bytes_sent=373380 dur_ms=42 complete=true error=null
time="2025-11-15 17:32:15" method="GET" path="/segments/a_ac3/gf_a_ac3_5.m4s" status=200 file_size=158884 bytes_sent=158884 dur_ms=26 complete=true error=null
time="2025-11-15 17:32:15" method="GET" path="/segments/a_ac3/gf_a_ac3_6.m4s" status=200 file_size=161444 bytes_sent=161444 dur_ms=21 complete=true error=null
time="2025-11-15 17:32:15" method="GET" path="/segments/v480/gf_v480_5.m4s" status=200 file_size=383285 bytes_sent=383285 dur_ms=42 complete=true error=null
time="2025-11-15 17:32:15" method="GET" path="/segments/a_ac3/gf_a_ac3_7.m4s" status=200 file_size=158884 bytes_sent=158884 dur_ms=13 complete=true error=null
time="2025-11-15 17:32:15" method="GET" path="/segments/v480/gf_v480_6.m4s" status=200 file_size=375159 bytes_sent=375159 dur_ms=31 complete=true error=null
time="2025-11-15 17:32:15" method="GET" path="/segments/v1080/initgf_v1080_.mp4" status=200 file_size=999 bytes_sent=999 dur_ms=1 complete=true error=null
time="2025-11-15 17:32:15" method="GET" path="/segments/a_ac3/gf_a_ac3_8.m4s" status=200 file_size=161444 bytes_sent=161444 dur_ms=15 complete=true error=null
time="2025-11-15 17:32:15" method="GET" path="/segments/v1080/gf_v1080_7.m4s" status=200 file_size=1727513 bytes_sent=1727513 dur_ms=90 complete=true error=null
time="2025-11-15 17:32:15" method="GET" path="/segments/a_ac3/gf_a_ac3_9.m4s" status=200 file_size=158884 bytes_sent=158884 dur_ms=16 complete=true error=null
time="2025-11-15 17:32:15" method="GET" path="/segments/v1080/gf_v1080_8.m4s" status=200 file_size=1723729 bytes_sent=1723729 dur_ms=99 complete=true error=null
time="2025-11-15 17:32:16" method="GET" path="/segments/a_ac3/gf_a_ac3_10.m4s" status=200 file_size=161444 bytes_sent=161444 dur_ms=18 complete=true error=null
time="2025-11-15 17:32:16" method="GET" path="/segments/v1080/gf_v1080_9.m4s" status=200 file_size=2007745 bytes_sent=2007745 dur_ms=111 complete=true error=null
time="2025-11-15 17:32:16" method="GET" path="/segments/a_ac3/gf_a_ac3_11.m4s" status=200 file_size=158884 bytes_sent=158884 dur_ms=17 complete=true error=null
time="2025-11-15 17:32:16" method="GET" path="/segments/v1080/gf_v1080_10.m4s" status=200 file_size=1797897 bytes_sent=1797897 dur_ms=70 complete=true error=null
time="2025-11-15 17:32:16" method="GET" path="/segments/a_ac3/gf_a_ac3_12.m4s" status=200 file_size=161444 bytes_sent=161444 dur_ms=17 complete=true error=null
time="2025-11-15 17:32:16" method="GET" path="/segments/v1080/gf_v1080_11.m4s" status=200 file_size=1823308 bytes_sent=1823308 dur_ms=90 complete=true error=null
time="2025-11-15 17:32:16" method="GET" path="/segments/a_ac3/gf_a_ac3_13.m4s" status=200 file_size=158884 bytes_sent=158884 dur_ms=18 complete=true error=null
time="2025-11-15 17:32:16" method="GET" path="/segments/v1080/gf_v1080_12.m4s" status=200 file_size=1774807 bytes_sent=1774807 dur_ms=87 complete=true error=null
time="2025-11-15 17:32:16" method="GET" path="/segments/a_ac3/gf_a_ac3_14.m4s" status=200 file_size=161444 bytes_sent=161444 dur_ms=15 complete=true error=null
time="2025-11-15 17:32:16" method="GET" path="/segments/v1080/gf_v1080_13.m4s" status=200 file_size=1823028 bytes_sent=1823028 dur_ms=113 complete=true error=null
time="2025-11-15 17:32:16" method="GET" path="/segments/a_ac3/gf_a_ac3_15.m4s" status=200 file_size=158884 bytes_sent=158884 dur_ms=19 complete=true error=null
time="2025-11-15 17:32:16" method="GET" path="/segments/v1080/gf_v1080_14.m4s" status=200 file_size=2095851 bytes_sent=2095851 dur_ms=120 complete=true error=null
time="2025-11-15 17:32:16" method="GET" path="/segments/a_ac3/gf_a_ac3_16.m4s" status=200 file_size=161444 bytes_sent=161444 dur_ms=21 complete=true error=null
time="2025-11-15 17:32:16" method="GET" path="/segments/v1080/gf_v1080_15.m4s" status=200 file_size=1617300 bytes_sent=1617300 dur_ms=105 complete=true error=null
time="2025-11-15 17:32:16" method="GET" path="/segments/a_ac3/gf_a_ac3_17.m4s" status=200 file_size=158884 bytes_sent=158884 dur_ms=17 complete=true error=null
time="2025-11-15 17:32:17" method="GET" path="/segments/v1080/gf_v1080_16.m4s" status=200 file_size=1667338 bytes_sent=1667338 dur_ms=93 complete=true error=null
time="2025-11-15 17:32:17" method="GET" path="/segments/a_ac3/gf_a_ac3_18.m4s" status=200 file_size=161444 bytes_sent=161444 dur_ms=15 complete=true error=null
time="2025-11-15 17:32:17" method="GET" path="/segments/v1080/gf_v1080_17.m4s" status=200 file_size=1847143 bytes_sent=1847143 dur_ms=106 complete=true error=null
time="2025-11-15 17:32:17" method="GET" path="/segments/a_ac3/gf_a_ac3_19.m4s" status=200 file_size=158884 bytes_sent=158884 dur_ms=24 complete=true error=null
time="2025-11-15 17:32:17" method="GET" path="/segments/v1080/gf_v1080_18.m4s" status=200 file_size=1555187 bytes_sent=1555187 dur_ms=103 complete=true error=null
time="2025-11-15 17:32:17" method="GET" path="/segments/a_ac3/gf_a_ac3_20.m4s" status=200 file_size=161444 bytes_sent=161444 dur_ms=14 complete=true error=null
time="2025-11-15 17:32:17" method="GET" path="/segments/v1080/gf_v1080_19.m4s" status=200 file_size=1765295 bytes_sent=1765295 dur_ms=115 complete=true error=null
time="2025-11-15 17:32:17" method="GET" path="/segments/a_ac3/gf_a_ac3_21.m4s" status=200 file_size=158884 bytes_sent=158884 dur_ms=30 complete=true error=null
time="2025-11-15 17:32:17" method="GET" path="/segments/v1080/gf_v1080_20.m4s" status=200 file_size=1707940 bytes_sent=1707940 dur_ms=127 complete=true error=null
time="2025-11-15 17:32:17" method="GET" path="/segments/a_ac3/gf_a_ac3_22.m4s" status=200 file_size=161444 bytes_sent=161444 dur_ms=16 complete=true error=null
time="2025-11-15 17:32:17" method="GET" path="/segments/v1080/gf_v1080_21.m4s" status=200 file_size=1785920 bytes_sent=1785920 dur_ms=119 complete=true error=null
time="2025-11-15 17:32:17" method="GET" path="/segments/a_ac3/gf_a_ac3_23.m4s" status=200 file_size=158884 bytes_sent=158884 dur_ms=19 complete=true error=null
time="2025-11-15 17:32:17" method="GET" path="/segments/v1080/gf_v1080_22.m4s" status=200 file_size=1724124 bytes_sent=1724124 dur_ms=129 complete=true error=null
time="2025-11-15 17:32:17" method="GET" path="/segments/a_ac3/gf_a_ac3_24.m4s" status=200 file_size=161444 bytes_sent=161444 dur_ms=17 complete=true error=null
time="2025-11-15 17:32:17" method="GET" path="/segments/v1080/gf_v1080_23.m4s" status=200 file_size=1903825 bytes_sent=1903825 dur_ms=95 complete=true error=null
time="2025-11-15 17:32:18" method="GET" path="/segments/a_ac3/gf_a_ac3_25.m4s" status=200 file_size=158884 bytes_sent=158884 dur_ms=14 complete=true error=null
time="2025-11-15 17:32:18" method="GET" path="/segments/v1080/gf_v1080_24.m4s" status=200 file_size=1771921 bytes_sent=1771921 dur_ms=97 complete=true error=null
time="2025-11-15 17:32:18" method="GET" path="/segments/a_ac3/gf_a_ac3_26.m4s" status=200 file_size=161444 bytes_sent=161444 dur_ms=15 complete=true error=null
time="2025-11-15 17:32:18" method="GET" path="/segments/v1080/gf_v1080_25.m4s" status=200 file_size=1811409 bytes_sent=1811409 dur_ms=91 complete=true error=null
time="2025-11-15 17:32:18" method="GET" path="/segments/a_ac3/gf_a_ac3_27.m4s" status=200 file_size=158884 bytes_sent=158884 dur_ms=15 complete=true error=null
time="2025-11-15 17:32:18" method="GET" path="/segments/v1080/gf_v1080_26.m4s" status=200 file_size=1637557 bytes_sent=1637557 dur_ms=89 complete=true error=null
time="2025-11-15 17:32:18" method="GET" path="/segments/a_ac3/gf_a_ac3_28.m4s" status=200 file_size=161444 bytes_sent=161444 dur_ms=20 complete=true error=null
time="2025-11-15 17:32:18" method="GET" path="/segments/v1080/gf_v1080_27.m4s" status=200 file_size=1773023 bytes_sent=1773023 dur_ms=103 complete=true error=null
time="2025-11-15 17:32:22" method="GET" path="/segments/v1080/gf_v1080_1.m4s" status=200 file_size=1860167 bytes_sent=1860167 dur_ms=148 complete=true error=null
time="2025-11-15 17:32:22" method="GET" path="/segments/v1080/gf_v1080_2.m4s" status=200 file_size=1853685 bytes_sent=1853685 dur_ms=101 complete=true error=null
time="2025-11-15 17:32:22" method="GET" path="/segments/v1080/gf_v1080_3.m4s" status=200 file_size=1876658 bytes_sent=1876658 dur_ms=102 complete=true error=null
time="2025-11-15 17:32:22" method="GET" path="/segments/v1080/gf_v1080_4.m4s" status=200 file_size=1682894 bytes_sent=1682894 dur_ms=80 complete=true error=null
time="2025-11-15 17:32:22" method="GET" path="/segments/v1080/gf_v1080_5.m4s" status=200 file_size=1833065 bytes_sent=1833065 dur_ms=91 complete=true error=null
time="2025-11-15 17:32:23" method="GET" path="/segments/v1080/gf_v1080_6.m4s" status=200 file_size=1690840 bytes_sent=1690840 dur_ms=96 complete=true error=null
time="2025-11-15 17:32:31" method="GET" path="/segments/a_ac3/gf_a_ac3_35.m4s" status=200 file_size=158884 bytes_sent=158884 dur_ms=30 complete=true error=null
time="2025-11-15 17:32:31" method="GET" path="/segments/a_ac3/gf_a_ac3_36.m4s" status=200 file_size=161444 bytes_sent=161444 dur_ms=36 complete=true error=null
time="2025-11-15 17:32:31" method="GET" path="/segments/v1080/gf_v1080_35.m4s" status=200 file_size=1837918 bytes_sent=1837918 dur_ms=148 complete=true error=null
time="2025-11-15 17:32:31" method="GET" path="/segments/a_ac3/gf_a_ac3_37.m4s" status=200 file_size=158884 bytes_sent=158884 dur_ms=21 complete=true error=null
time="2025-11-15 17:32:31" method="GET" path="/segments/v1080/gf_v1080_36.m4s" status=200 file_size=1755207 bytes_sent=1755207 dur_ms=103 complete=true error=null
time="2025-11-15 17:32:31" method="GET" path="/segments/a_ac3/gf_a_ac3_38.m4s" status=200 file_size=161444 bytes_sent=161444 dur_ms=35 complete=true error=null
time="2025-11-15 17:32:31" method="GET" path="/segments/v1080/gf_v1080_37.m4s" status=200 file_size=1646140 bytes_sent=1646140 dur_ms=121 complete=true error=null
time="2025-11-15 17:32:31" method="GET" path="/segments/a_ac3/gf_a_ac3_39.m4s" status=200 file_size=158884 bytes_sent=158884 dur_ms=16 complete=true error=null
time="2025-11-15 17:32:31" method="GET" path="/segments/v1080/gf_v1080_38.m4s" status=200 file_size=1734095 bytes_sent=1734095 dur_ms=100 complete=true error=null
time="2025-11-15 17:32:31" method="GET" path="/segments/a_ac3/gf_a_ac3_40.m4s" status=200 file_size=161444 bytes_sent=161444 dur_ms=23 complete=true error=null
time="2025-11-15 17:32:31" method="GET" path="/segments/v1080/gf_v1080_39.m4s" status=200 file_size=2232647 bytes_sent=2232647 dur_ms=103 complete=true error=null
time="2025-11-15 17:32:32" method="GET" path="/segments/a_ac3/gf_a_ac3_41.m4s" status=200 file_size=158884 bytes_sent=158884 dur_ms=31 complete=true error=null
time="2025-11-15 17:32:32" method="GET" path="/segments/v1080/gf_v1080_40.m4s" status=200 file_size=1803647 bytes_sent=1803647 dur_ms=101 complete=true error=null
time="2025-11-15 17:32:32" method="GET" path="/segments/a_ac3/gf_a_ac3_42.m4s" status=200 file_size=161444 bytes_sent=161444 dur_ms=17 complete=true error=null
time="2025-11-15 17:32:32" method="GET" path="/segments/v1080/gf_v1080_41.m4s" status=200 file_size=1731390 bytes_sent=1731390 dur_ms=102 complete=true error=null
time="2025-11-15 17:32:32" method="GET" path="/segments/a_ac3/gf_a_ac3_43.m4s" status=200 file_size=158884 bytes_sent=158884 dur_ms=15 complete=true error=null
time="2025-11-15 17:32:32" method="GET" path="/segments/v1080/gf_v1080_42.m4s" status=200 file_size=1744046 bytes_sent=1744046 dur_ms=95 complete=true error=null
time="2025-11-15 17:32:32" method="GET" path="/segments/a_ac3/gf_a_ac3_44.m4s" status=200 file_size=161444 bytes_sent=161444 dur_ms=19 complete=true error=null
time="2025-11-15 17:32:32" method="GET" path="/segments/v1080/gf_v1080_43.m4s" status=200 file_size=1176025 bytes_sent=1176025 dur_ms=62 complete=true error=null
time="2025-11-15 17:32:32" method="GET" path="/segments/a_ac3/gf_a_ac3_45.m4s" status=200 file_size=158884 bytes_sent=158884 dur_ms=20 complete=true error=null
time="2025-11-15 17:32:32" method="GET" path="/segments/v1080/gf_v1080_44.m4s" status=200 file_size=1259085 bytes_sent=1259085 dur_ms=79 complete=true error=null
time="2025-11-15 17:32:32" method="GET" path="/segments/a_ac3/gf_a_ac3_29.m4s" status=200 file_size=158884 bytes_sent=158884 dur_ms=23 complete=true error=null
time="2025-11-15 17:32:32" method="GET" path="/segments/v1080/gf_v1080_28.m4s" status=200 file_size=1400574 bytes_sent=1400574 dur_ms=73 complete=true error=null
time="2025-11-15 17:32:32" method="GET" path="/segments/a_ac3/gf_a_ac3_30.m4s" status=200 file_size=161444 bytes_sent=161444 dur_ms=15 complete=true error=null
time="2025-11-15 17:32:32" method="GET" path="/segments/v1080/gf_v1080_29.m4s" status=200 file_size=1530277 bytes_sent=1530277 dur_ms=93 complete=true error=null
time="2025-11-15 17:32:32" method="GET" path="/segments/a_ac3/gf_a_ac3_31.m4s" status=200 file_size=158884 bytes_sent=158884 dur_ms=15 complete=true error=null
time="2025-11-15 17:32:32" method="GET" path="/segments/v1080/gf_v1080_30.m4s" status=200 file_size=1779673 bytes_sent=1779673 dur_ms=97 complete=true error=null
time="2025-11-15 17:32:33" method="GET" path="/segments/a_ac3/gf_a_ac3_32.m4s" status=200 file_size=161444 bytes_sent=161444 dur_ms=15 complete=true error=null
time="2025-11-15 17:32:33" method="GET" path="/segments/v1080/gf_v1080_31.m4s" status=200 file_size=1693389 bytes_sent=1693389 dur_ms=87 complete=true error=null
time="2025-11-15 17:32:33" method="GET" path="/segments/a_ac3/gf_a_ac3_33.m4s" status=200 file_size=158884 bytes_sent=158884 dur_ms=34 complete=true error=null
time="2025-11-15 17:32:33" method="GET" path="/segments/v1080/gf_v1080_32.m4s" status=200 file_size=1717882 bytes_sent=1717882 dur_ms=85 complete=true error=null
time="2025-11-15 17:32:33" method="GET" path="/segments/a_ac3/gf_a_ac3_34.m4s" status=200 file_size=161444 bytes_sent=161444 dur_ms=14 complete=true error=null
time="2025-11-15 17:32:33" method="GET" path="/segments/v1080/gf_v1080_33.m4s" status=200 file_size=1733053 bytes_sent=1733053 dur_ms=86 complete=true error=null
time="2025-11-15 17:32:33" method="GET" path="/segments/v1080/gf_v1080_34.m4s" status=200 file_size=2337345 bytes_sent=2337345 dur_ms=96 complete=true error=null
time="2025-11-15 17:32:40" method="GET" path="/segments/v1080/gf_v1080_44.m4s" status=206 file_size=1259085 bytes_sent=1035141 dur_ms=57 complete=true error=null
time="2025-11-15 17:32:47" method="GET" path="/segments/v2160orig/initgf_v2160orig_.mp4" status=200 file_size=1061 bytes_sent=1061 dur_ms=0 complete=true error=null
time="2025-11-15 17:32:47" method="GET" path="/segments/v2160orig/gf_v2160orig_9.m4s" status=200 file_size=13782727 bytes_sent=13782727 dur_ms=508 complete=true error=null
time="2025-11-15 17:32:48" method="GET" path="/segments/v2160orig/gf_v2160orig_10.m4s" status=200 file_size=10884729 bytes_sent=10884729 dur_ms=429 complete=true error=null
time="2025-11-15 17:32:48" method="GET" path="/segments/v2160orig/gf_v2160orig_11.m4s" status=200 file_size=11729325 bytes_sent=11729325 dur_ms=417 complete=true error=null
time="2025-11-15 17:32:49" method="GET" path="/segments/v2160orig/gf_v2160orig_12.m4s" status=200 file_size=12686316 bytes_sent=12686316 dur_ms=444 complete=true error=null
time="2025-11-15 17:32:49" method="GET" path="/segments/v2160orig/gf_v2160orig_13.m4s" status=200 file_size=13819949 bytes_sent=13819949 dur_ms=411 complete=true error=null
time="2025-11-15 17:32:50" method="GET" path="/segments/v2160orig/gf_v2160orig_14.m4s" status=200 file_size=15650305 bytes_sent=15650305 dur_ms=504 complete=true error=null
time="2025-11-15 17:32:50" method="GET" path="/segments/v2160orig/gf_v2160orig_15.m4s" status=200 file_size=10461010 bytes_sent=10461010 dur_ms=358 complete=true error=null
time="2025-11-15 17:32:50" method="GET" path="/segments/v2160orig/gf_v2160orig_16.m4s" status=200 file_size=10118757 bytes_sent=10118757 dur_ms=325 complete=true error=null
time="2025-11-15 17:32:51" method="GET" path="/segments/v2160orig/gf_v2160orig_17.m4s" status=200 file_size=11419631 bytes_sent=11419631 dur_ms=349 complete=true error=null
time="2025-11-15 17:32:51" method="GET" path="/segments/v2160orig/gf_v2160orig_1.m4s" status=200 file_size=11527988 bytes_sent=11527988 dur_ms=402 complete=true error=null
time="2025-11-15 17:32:52" method="GET" path="/segments/v2160orig/gf_v2160orig_2.m4s" status=200 file_size=11580470 bytes_sent=11580470 dur_ms=378 complete=true error=null
time="2025-11-15 17:32:52" method="GET" path="/segments/a_ac3/gf_a_ac3_4.m4s" status=200 file_size=161444 bytes_sent=161444 dur_ms=20 complete=true error=null
time="2025-11-15 17:32:52" method="GET" path="/segments/v2160orig/gf_v2160orig_3.m4s" status=200 file_size=11755857 bytes_sent=11755857 dur_ms=435 complete=true error=null
time="2025-11-15 17:32:52" method="GET" path="/segments/a_ac3/gf_a_ac3_5.m4s" status=200 file_size=158884 bytes_sent=158884 dur_ms=23 complete=true error=null
time="2025-11-15 17:32:53" method="GET" path="/segments/v2160orig/gf_v2160orig_4.m4s" status=200 file_size=11389434 bytes_sent=11389434 dur_ms=377 complete=true error=null
time="2025-11-15 17:32:53" method="GET" path="/segments/a_ac3/gf_a_ac3_6.m4s" status=200 file_size=161444 bytes_sent=161444 dur_ms=17 complete=true error=null
time="2025-11-15 17:32:53" method="GET" path="/segments/v2160orig/gf_v2160orig_5.m4s" status=200 file_size=11808290 bytes_sent=11808290 dur_ms=349 complete=true error=null
time="2025-11-15 17:32:53" method="GET" path="/segments/a_ac3/gf_a_ac3_7.m4s" status=200 file_size=158884 bytes_sent=158884 dur_ms=18 complete=true error=null
time="2025-11-15 17:32:54" method="GET" path="/segments/v2160orig/gf_v2160orig_6.m4s" status=200 file_size=11415111 bytes_sent=11415111 dur_ms=449 complete=true error=null
time="2025-11-15 17:32:54" method="GET" path="/segments/a_ac3/gf_a_ac3_8.m4s" status=200 file_size=161444 bytes_sent=161444 dur_ms=17 complete=true error=null
time="2025-11-15 17:32:54" method="GET" path="/segments/v2160orig/gf_v2160orig_7.m4s" status=200 file_size=11556470 bytes_sent=11556470 dur_ms=397 complete=true error=null
time="2025-11-15 17:32:54" method="GET" path="/segments/a_ac3/gf_a_ac3_9.m4s" status=200 file_size=158884 bytes_sent=158884 dur_ms=17 complete=true error=null
time="2025-11-15 17:32:54" method="GET" path="/segments/v2160orig/gf_v2160orig_8.m4s" status=200 file_size=11312628 bytes_sent=11312628 dur_ms=379 complete=true error=null
time="2025-11-15 17:32:55" method="GET" path="/segments/a_ac3/gf_a_ac3_10.m4s" status=200 file_size=161444 bytes_sent=161444 dur_ms=19 complete=true error=null
time="2025-11-15 17:32:55" method="GET" path="/segments/a_ac3/gf_a_ac3_11.m4s" status=200 file_size=158884 bytes_sent=158884 dur_ms=16 complete=true error=null
time="2025-11-15 17:32:55" method="GET" path="/segments/a_ac3/gf_a_ac3_12.m4s" status=200 file_size=161444 bytes_sent=161444 dur_ms=15 complete=true error=null
time="2025-11-15 17:32:55" method="GET" path="/segments/a_ac3/gf_a_ac3_13.m4s" status=200 file_size=158884 bytes_sent=158884 dur_ms=14 complete=true error=null
time="2025-11-15 17:33:02" method="GET" path="/segments/a_ac3/gf_a_ac3_14.m4s" status=200 file_size=161444 bytes_sent=161444 dur_ms=20 complete=true error=null
time="2025-11-15 22:42:49" method="GET" path="/avatar.mpd" status=200 file_size=6965 bytes_sent=6965 dur_ms=0 complete=true error=null
time="2025-11-15 22:42:49" method="GET" path="/avatar.mpd" status=200 file_size=6965 bytes_sent=6965 dur_ms=0 complete=true error=null
time="2025-11-15 22:42:49" method="GET" path="/segments/v1080/initgf_v1080_.mp4" status=200 file_size=999 bytes_sent=999 dur_ms=0 complete=true error=null
time="2025-11-15 22:42:49" method="GET" path="/segments/a_ac3/initgf_a_ac3_.mp4" status=200 file_size=848 bytes_sent=848 dur_ms=0 complete=true error=null
time="2025-11-15 22:42:49" method="GET" path="/segments/v1080/gf_v1080_1.m4s" status=200 file_size=2546470 bytes_sent=2546470 dur_ms=144 complete=true error=null
time="2025-11-15 22:42:49" method="GET" path="/segments/v1080/gf_v1080_2.m4s" status=200 file_size=1825297 bytes_sent=1825297 dur_ms=145 complete=true error=null
time="2025-11-15 22:42:49" method="GET" path="/segments/v1080/gf_v1080_3.m4s" status=200 file_size=1880922 bytes_sent=1880922 dur_ms=127 complete=true error=null
time="2025-11-15 22:42:49" method="GET" path="/segments/v1080/gf_v1080_4.m4s" status=200 file_size=1401064 bytes_sent=1401064 dur_ms=87 complete=true error=null
time="2025-11-15 22:42:49" method="GET" path="/segments/v1080/gf_v1080_5.m4s" status=200 file_size=1977766 bytes_sent=1977766 dur_ms=118 complete=true error=null
time="2025-11-15 22:42:50" method="GET" path="/segments/v1080/gf_v1080_6.m4s" status=200 file_size=1783504 bytes_sent=1783504 dur_ms=116 complete=true error=null
time="2025-11-15 22:42:50" method="GET" path="/segments/v1080/gf_v1080_7.m4s" status=200 file_size=1881347 bytes_sent=1881347 dur_ms=111 complete=true error=null
time="2025-11-15 22:42:50" method="GET" path="/segments/v1080/gf_v1080_8.m4s" status=200 file_size=1517557 bytes_sent=1517557 dur_ms=96 complete=true error=null
time="2025-11-15 22:42:50" method="GET" path="/segments/v1080/gf_v1080_9.m4s" status=200 file_size=1685226 bytes_sent=1685226 dur_ms=93 complete=true error=null
time="2025-11-15 22:42:50" method="GET" path="/segments/v1080/gf_v1080_10.m4s" status=200 file_size=1522705 bytes_sent=1522705 dur_ms=93 complete=true error=null
time="2025-11-15 22:42:50" method="GET" path="/segments/v1080/gf_v1080_11.m4s" status=200 file_size=1543993 bytes_sent=1543993 dur_ms=104 complete=true error=null
time="2025-11-15 22:42:50" method="GET" path="/segments/v1080/gf_v1080_12.m4s" status=200 file_size=2025258 bytes_sent=2025258 dur_ms=124 complete=true error=null
time="2025-11-15 22:42:51" method="GET" path="/segments/v1080/gf_v1080_13.m4s" status=200 file_size=2425889 bytes_sent=2425889 dur_ms=116 complete=true error=null
time="2025-11-15 22:42:51" method="GET" path="/segments/a_ac3/gf_a_ac3_15.m4s" status=200 file_size=158884 bytes_sent=158884 dur_ms=20 complete=true error=null
time="2025-11-15 22:42:51" method="GET" path="/segments/v1080/gf_v1080_14.m4s" status=200 file_size=1754484 bytes_sent=1754484 dur_ms=114 complete=true error=null
time="2025-11-15 22:42:51" method="GET" path="/segments/a_ac3/gf_a_ac3_16.m4s" status=200 file_size=161444 bytes_sent=161444 dur_ms=20 complete=true error=null
time="2025-11-15 22:42:51" method="GET" path="/segments/v1080/gf_v1080_15.m4s" status=200 file_size=1231157 bytes_sent=1231157 dur_ms=85 complete=true error=null
time="2025-11-15 22:42:51" method="GET" path="/segments/a_ac3/gf_a_ac3_17.m4s" status=200 file_size=158884 bytes_sent=158884 dur_ms=21 complete=true error=null
time="2025-11-15 22:42:51" method="GET" path="/segments/v1080/gf_v1080_16.m4s" status=200 file_size=1791322 bytes_sent=1791322 dur_ms=104 complete=true error=null
time="2025-11-15 22:42:51" method="GET" path="/segments/a_ac3/gf_a_ac3_18.m4s" status=200 file_size=161444 bytes_sent=161444 dur_ms=17 complete=true error=null
time="2025-11-15 22:42:51" method="GET" path="/segments/v1080/gf_v1080_17.m4s" status=200 file_size=1663241 bytes_sent=1663241 dur_ms=107 complete=true error=null
time="2025-11-15 22:42:51" method="GET" path="/segments/a_ac3/gf_a_ac3_19.m4s" status=200 file_size=158884 bytes_sent=158884 dur_ms=22 complete=true error=null
time="2025-11-15 22:42:51" method="GET" path="/segments/v1080/gf_v1080_18.m4s" status=200 file_size=2153712 bytes_sent=2153712 dur_ms=119 complete=true error=null
time="2025-11-15 22:42:51" method="GET" path="/segments/a_ac3/gf_a_ac3_20.m4s" status=200 file_size=161444 bytes_sent=161444 dur_ms=16 complete=true error=null
time="2025-11-15 22:42:52" method="GET" path="/segments/v1080/gf_v1080_19.m4s" status=200 file_size=1926998 bytes_sent=1926998 dur_ms=134 complete=true error=null
time="2025-11-15 22:42:52" method="GET" path="/segments/a_ac3/gf_a_ac3_21.m4s" status=200 file_size=158884 bytes_sent=158884 dur_ms=25 complete=true error=null
time="2025-11-15 22:42:52" method="GET" path="/segments/v1080/gf_v1080_20.m4s" status=200 file_size=1752711 bytes_sent=1752711 dur_ms=125 complete=true error=null
time="2025-11-15 22:42:52" method="GET" path="/segments/a_ac3/gf_a_ac3_22.m4s" status=200 file_size=161444 bytes_sent=161444 dur_ms=18 complete=true error=null
time="2025-11-15 22:42:52" method="GET" path="/segments/v1080/gf_v1080_21.m4s" status=200 file_size=1098360 bytes_sent=1098360 dur_ms=106 complete=true error=null
time="2025-11-15 22:42:52" method="GET" path="/segments/a_ac3/gf_a_ac3_23.m4s" status=200 file_size=158884 bytes_sent=158884 dur_ms=21 complete=true error=null
time="2025-11-15 22:42:52" method="GET" path="/segments/v1080/gf_v1080_22.m4s" status=200 file_size=1667702 bytes_sent=1667702 dur_ms=119 complete=true error=null
time="2025-11-15 22:42:52" method="GET" path="/segments/a_ac3/gf_a_ac3_24.m4s" status=200 file_size=161444 bytes_sent=161444 dur_ms=21 complete=true error=null
time="2025-11-15 22:42:52" method="GET" path="/segments/v1080/gf_v1080_23.m4s" status=200 file_size=1599020 bytes_sent=1599020 dur_ms=131 complete=true error=null
time="2025-11-15 22:42:52" method="GET" path="/segments/a_ac3/gf_a_ac3_25.m4s" status=200 file_size=158884 bytes_sent=158884 dur_ms=22 complete=true error=null
time="2025-11-15 22:42:52" method="GET" path="/segments/v1080/gf_v1080_24.m4s" status=200 file_size=2293582 bytes_sent=2293582 dur_ms=133 complete=true error=null
time="2025-11-15 22:42:52" method="GET" path="/segments/a_ac3/gf_a_ac3_26.m4s" status=200 file_size=161444 bytes_sent=161444 dur_ms=22 complete=true error=null
time="2025-11-15 22:42:52" method="GET" path="/segments/v1080/gf_v1080_25.m4s" status=200 file_size=1676796 bytes_sent=1676796 dur_ms=119 complete=true error=null
time="2025-11-15 22:42:53" method="GET" path="/segments/a_ac3/gf_a_ac3_27.m4s" status=200 file_size=158884 bytes_sent=158884 dur_ms=20 complete=true error=null
time="2025-11-15 22:42:53" method="GET" path="/segments/v1080/gf_v1080_26.m4s" status=200 file_size=1558390 bytes_sent=1558390 dur_ms=100 complete=true error=null
time="2025-11-15 22:42:53" method="GET" path="/segments/a_ac3/gf_a_ac3_28.m4s" status=200 file_size=161444 bytes_sent=161444 dur_ms=18 complete=true error=null
time="2025-11-15 22:42:53" method="GET" path="/segments/v1080/gf_v1080_27.m4s" status=200 file_size=2196420 bytes_sent=2196420 dur_ms=136 complete=true error=null
time="2025-11-15 22:42:57" method="GET" path="/avatar.mpd" status=200 file_size=6965 bytes_sent=6965 dur_ms=0 complete=true error=null
time="2025-11-15 22:43:00" method="GET" path="/segments/a_ac3/gf_a_ac3_97.m4s" status=200 file_size=158884 bytes_sent=158884 dur_ms=35 complete=true error=null
time="2025-11-15 22:43:00" method="GET" path="/segments/v1080/gf_v1080_97.m4s" status=200 file_size=1626662 bytes_sent=1626662 dur_ms=135 complete=true error=null
time="2025-11-15 22:43:00" method="GET" path="/segments/a_ac3/gf_a_ac3_98.m4s" status=200 file_size=161444 bytes_sent=161444 dur_ms=61 complete=true error=null
time="2025-11-15 22:43:00" method="GET" path="/segments/a_ac3/gf_a_ac3_99.m4s" status=200 file_size=158884 bytes_sent=158884 dur_ms=32 complete=true error=null
time="2025-11-15 22:43:00" method="GET" path="/segments/v1080/gf_v1080_98.m4s" status=200 file_size=2057169 bytes_sent=2057169 dur_ms=126 complete=true error=null
time="2025-11-15 22:43:00" method="GET" path="/segments/a_ac3/gf_a_ac3_100.m4s" status=200 file_size=161444 bytes_sent=161444 dur_ms=17 complete=true error=null
time="2025-11-15 22:43:00" method="GET" path="/segments/v1080/gf_v1080_99.m4s" status=200 file_size=1912457 bytes_sent=1912457 dur_ms=118 complete=true error=null
time="2025-11-15 22:43:00" method="GET" path="/segments/a_ac3/gf_a_ac3_101.m4s" status=200 file_size=158884 bytes_sent=158884 dur_ms=15 complete=true error=null
time="2025-11-15 22:43:00" method="GET" path="/segments/v1080/gf_v1080_100.m4s" status=200 file_size=1656927 bytes_sent=1656927 dur_ms=129 complete=true error=null
time="2025-11-15 22:43:00" method="GET" path="/segments/a_ac3/gf_a_ac3_102.m4s" status=200 file_size=161444 bytes_sent=161444 dur_ms=30 complete=true error=null
time="2025-11-15 22:43:00" method="GET" path="/segments/v1080/gf_v1080_101.m4s" status=200 file_size=2200435 bytes_sent=2200435 dur_ms=155 complete=true error=null
time="2025-11-15 22:43:00" method="GET" path="/segments/a_ac3/gf_a_ac3_103.m4s" status=200 file_size=158884 bytes_sent=158884 dur_ms=32 complete=true error=null
time="2025-11-15 22:43:01" method="GET" path="/segments/v1080/gf_v1080_102.m4s" status=200 file_size=1238994 bytes_sent=1238994 dur_ms=86 complete=true error=null
time="2025-11-15 22:43:01" method="GET" path="/segments/a_ac3/gf_a_ac3_104.m4s" status=200 file_size=161444 bytes_sent=161444 dur_ms=34 complete=true error=null
time="2025-11-15 22:43:01" method="GET" path="/segments/v1080/gf_v1080_103.m4s" status=200 file_size=1847725 bytes_sent=1847725 dur_ms=118 complete=true error=null
time="2025-11-15 22:43:01" method="GET" path="/segments/a_ac3/gf_a_ac3_105.m4s" status=200 file_size=158884 bytes_sent=158884 dur_ms=22 complete=true error=null
time="2025-11-15 22:43:01" method="GET" path="/segments/v1080/gf_v1080_104.m4s" status=200 file_size=1506873 bytes_sent=1506873 dur_ms=121 complete=true error=null
time="2025-11-15 22:43:01" method="GET" path="/segments/a_ac3/gf_a_ac3_106.m4s" status=200 file_size=161444 bytes_sent=161444 dur_ms=23 complete=true error=null
time="2025-11-15 22:43:01" method="GET" path="/segments/v1080/gf_v1080_105.m4s" status=200 file_size=2029563 bytes_sent=2029563 dur_ms=140 complete=true error=null
time="2025-11-15 22:43:01" method="GET" path="/segments/a_ac3/gf_a_ac3_107.m4s" status=200 file_size=158884 bytes_sent=158884 dur_ms=19 complete=true error=null
time="2025-11-15 22:43:01" method="GET" path="/segments/v1080/gf_v1080_106.m4s" status=200 file_size=1636738 bytes_sent=1636738 dur_ms=167 complete=true error=null
time="2025-11-15 22:43:01" method="GET" path="/segments/a_ac3/gf_a_ac3_108.m4s" status=200 file_size=161444 bytes_sent=161444 dur_ms=33 complete=true error=null
time="2025-11-15 22:43:02" method="GET" path="/segments/v1080/gf_v1080_107.m4s" status=200 file_size=1758846 bytes_sent=1758846 dur_ms=250 complete=true error=null
time="2025-11-15 22:43:46" method="GET" path="/avatar.mpd" status=200 file_size=6965 bytes_sent=6965 dur_ms=1 complete=true error=null
time="2025-11-15 22:43:46" method="GET" path="/avatar.mpd" status=200 file_size=6965 bytes_sent=6965 dur_ms=0 complete=true error=null
time="2025-11-15 22:43:47" method="GET" path="/segments/a_ac3/initgf_a_ac3_.mp4" status=200 file_size=848 bytes_sent=848 dur_ms=1 complete=true error=null
time="2025-11-15 22:43:47" method="GET" path="/segments/v480/initgf_v480_.mp4" status=200 file_size=999 bytes_sent=999 dur_ms=1 complete=true error=null
time="2025-11-15 22:43:47" method="GET" path="/segments/a_ac3/gf_a_ac3_1.m4s" status=200 file_size=158884 bytes_sent=158884 dur_ms=35 complete=true error=null
time="2025-11-15 22:43:47" method="GET" path="/segments/v480/gf_v480_1.m4s" status=200 file_size=538095 bytes_sent=538095 dur_ms=55 complete=true error=null
time="2025-11-15 22:43:47" method="GET" path="/segments/a_ac3/gf_a_ac3_2.m4s" status=200 file_size=161444 bytes_sent=161444 dur_ms=23 complete=true error=null
time="2025-11-15 22:43:47" method="GET" path="/segments/v480/gf_v480_2.m4s" status=200 file_size=398540 bytes_sent=398540 dur_ms=44 complete=true error=null
time="2025-11-15 22:43:47" method="GET" path="/segments/a_ac3/gf_a_ac3_3.m4s" status=200 file_size=158884 bytes_sent=158884 dur_ms=19 complete=true error=null
time="2025-11-15 22:43:47" method="GET" path="/segments/v480/gf_v480_3.m4s" status=200 file_size=387454 bytes_sent=387454 dur_ms=36 complete=true error=null
time="2025-11-15 22:43:47" method="GET" path="/segments/a_ac3/gf_a_ac3_4.m4s" status=200 file_size=161444 bytes_sent=161444 dur_ms=24 complete=true error=null
time="2025-11-15 22:43:47" method="GET" path="/segments/v480/gf_v480_4.m4s" status=200 file_size=306302 bytes_sent=306302 dur_ms=38 complete=true error=null
time="2025-11-15 22:43:47" method="GET" path="/segments/a_ac3/gf_a_ac3_5.m4s" status=200 file_size=158884 bytes_sent=158884 dur_ms=28 complete=true error=null
time="2025-11-15 22:43:47" method="GET" path="/segments/v480/gf_v480_5.m4s" status=200 file_size=445809 bytes_sent=445809 dur_ms=55 complete=true error=null
time="2025-11-15 22:43:47" method="GET" path="/segments/a_ac3/gf_a_ac3_6.m4s" status=200 file_size=161444 bytes_sent=161444 dur_ms=50 complete=true error=null
time="2025-11-15 22:43:47" method="GET" path="/segments/a_ac3/gf_a_ac3_7.m4s" status=200 file_size=158884 bytes_sent=158884 dur_ms=20 complete=true error=null
time="2025-11-15 22:43:47" method="GET" path="/segments/v480/gf_v480_6.m4s" status=200 file_size=378543 bytes_sent=378543 dur_ms=49 complete=true error=null
time="2025-11-15 22:43:47" method="GET" path="/segments/v1080/initgf_v1080_.mp4" status=200 file_size=999 bytes_sent=999 dur_ms=0 complete=true error=null
time="2025-11-15 22:43:47" method="GET" path="/segments/a_ac3/gf_a_ac3_8.m4s" status=200 file_size=161444 bytes_sent=161444 dur_ms=16 complete=true error=null
time="2025-11-15 22:43:47" method="GET" path="/segments/v1080/gf_v1080_7.m4s" status=200 file_size=1881347 bytes_sent=1881347 dur_ms=119 complete=true error=null
time="2025-11-15 22:43:47" method="GET" path="/segments/a_ac3/gf_a_ac3_9.m4s" status=200 file_size=158884 bytes_sent=158884 dur_ms=25 complete=true error=null
time="2025-11-15 22:43:48" method="GET" path="/segments/v1080/gf_v1080_8.m4s" status=200 file_size=1517557 bytes_sent=1517557 dur_ms=89 complete=true error=null
time="2025-11-15 22:43:48" method="GET" path="/segments/a_ac3/gf_a_ac3_10.m4s" status=200 file_size=161444 bytes_sent=161444 dur_ms=23 complete=true error=null
time="2025-11-15 22:43:48" method="GET" path="/segments/v1080/gf_v1080_9.m4s" status=200 file_size=1685226 bytes_sent=1685226 dur_ms=121 complete=true error=null
time="2025-11-15 22:43:48" method="GET" path="/segments/a_ac3/gf_a_ac3_11.m4s" status=200 file_size=158884 bytes_sent=158884 dur_ms=18 complete=true error=null
time="2025-11-15 22:43:48" method="GET" path="/segments/v1080/gf_v1080_10.m4s" status=200 file_size=1522705 bytes_sent=1522705 dur_ms=105 complete=true error=null
time="2025-11-15 22:43:48" method="GET" path="/segments/a_ac3/gf_a_ac3_12.m4s" status=200 file_size=161444 bytes_sent=161444 dur_ms=16 complete=true error=null
time="2025-11-15 22:43:48" method="GET" path="/segments/v1080/gf_v1080_11.m4s" status=200 file_size=1543993 bytes_sent=1543993 dur_ms=102 complete=true error=null
time="2025-11-15 22:43:48" method="GET" path="/segments/a_ac3/gf_a_ac3_13.m4s" status=200 file_size=158884 bytes_sent=158884 dur_ms=16 complete=true error=null
time="2025-11-15 22:43:48" method="GET" path="/segments/v1080/gf_v1080_12.m4s" status=200 file_size=2025258 bytes_sent=2025258 dur_ms=88 complete=true error=null
time="2025-11-15 22:43:48" method="GET" path="/segments/a_ac3/gf_a_ac3_14.m4s" status=200 file_size=161444 bytes_sent=161444 dur_ms=19 complete=true error=null
time="2025-11-15 22:43:48" method="GET" path="/segments/v1080/gf_v1080_13.m4s" status=200 file_size=2425889 bytes_sent=2425889 dur_ms=118 complete=true error=null
time="2025-11-15 22:43:48" method="GET" path="/segments/a_ac3/gf_a_ac3_15.m4s" status=200 file_size=158884 bytes_sent=158884 dur_ms=20 complete=true error=null
time="2025-11-15 22:43:48" method="GET" path="/segments/v1080/gf_v1080_14.m4s" status=200 file_size=1754484 bytes_sent=1754484 dur_ms=101 complete=true error=null
time="2025-11-15 22:43:49" method="GET" path="/segments/a_ac3/gf_a_ac3_16.m4s" status=200 file_size=161444 bytes_sent=161444 dur_ms=24 complete=true error=null
time="2025-11-15 22:43:49" method="GET" path="/segments/v1080/gf_v1080_15.m4s" status=200 file_size=1231157 bytes_sent=1231157 dur_ms=90 complete=true error=null
time="2025-11-15 22:43:49" method="GET" path="/segments/a_ac3/gf_a_ac3_17.m4s" status=200 file_size=158884 bytes_sent=158884 dur_ms=17 complete=true error=null
time="2025-11-15 22:43:49" method="GET" path="/segments/v1080/gf_v1080_16.m4s" status=200 file_size=1791322 bytes_sent=1791322 dur_ms=122 complete=true error=null
time="2025-11-15 22:43:49" method="GET" path="/segments/a_ac3/gf_a_ac3_18.m4s" status=200 file_size=161444 bytes_sent=161444 dur_ms=19 complete=true error=null
time="2025-11-15 22:43:49" method="GET" path="/segments/v1080/gf_v1080_17.m4s" status=200 file_size=1663241 bytes_sent=1663241 dur_ms=113 complete=true error=null
time="2025-11-15 22:43:49" method="GET" path="/segments/a_ac3/gf_a_ac3_19.m4s" status=200 file_size=158884 bytes_sent=158884 dur_ms=20 complete=true error=null
time="2025-11-15 22:43:49" method="GET" path="/segments/v1080/gf_v1080_18.m4s" status=200 file_size=2153712 bytes_sent=2153712 dur_ms=104 complete=true error=null
time="2025-11-15 22:43:49" method="GET" path="/segments/a_ac3/gf_a_ac3_20.m4s" status=200 file_size=161444 bytes_sent=161444 dur_ms=20 complete=true error=null
time="2025-11-15 22:43:49" method="GET" path="/segments/v1080/gf_v1080_19.m4s" status=200 file_size=1926998 bytes_sent=1926998 dur_ms=136 complete=true error=null
time="2025-11-15 22:43:49" method="GET" path="/segments/a_ac3/gf_a_ac3_21.m4s" status=200 file_size=158884 bytes_sent=158884 dur_ms=21 complete=true error=null
time="2025-11-15 22:43:49" method="GET" path="/segments/v1080/gf_v1080_20.m4s" status=200 file_size=1752711 bytes_sent=1752711 dur_ms=122 complete=true error=null
time="2025-11-15 22:43:49" method="GET" path="/segments/a_ac3/gf_a_ac3_22.m4s" status=200 file_size=161444 bytes_sent=161444 dur_ms=28 complete=true error=null
time="2025-11-15 22:43:50" method="GET" path="/segments/v1080/gf_v1080_21.m4s" status=200 file_size=1098360 bytes_sent=1098360 dur_ms=91 complete=true error=null
time="2025-11-15 22:43:50" method="GET" path="/segments/a_ac3/gf_a_ac3_23.m4s" status=200 file_size=158884 bytes_sent=158884 dur_ms=23 complete=true error=null
time="2025-11-15 22:43:50" method="GET" path="/segments/v1080/gf_v1080_22.m4s" status=200 file_size=1667702 bytes_sent=1667702 dur_ms=113 complete=true error=null
time="2025-11-15 22:43:50" method="GET" path="/segments/a_ac3/gf_a_ac3_24.m4s" status=200 file_size=161444 bytes_sent=161444 dur_ms=19 complete=true error=null
time="2025-11-15 22:43:50" method="GET" path="/segments/v1080/gf_v1080_23.m4s" status=200 file_size=1599020 bytes_sent=1599020 dur_ms=124 complete=true error=null
time="2025-11-15 22:43:50" method="GET" path="/segments/a_ac3/gf_a_ac3_25.m4s" status=200 file_size=158884 bytes_sent=158884 dur_ms=32 complete=true error=null
time="2025-11-15 22:43:50" method="GET" path="/segments/v1080/gf_v1080_24.m4s" status=200 file_size=2293582 bytes_sent=2293582 dur_ms=129 complete=true error=null
time="2025-11-15 22:43:50" method="GET" path="/segments/a_ac3/gf_a_ac3_26.m4s" status=200 file_size=161444 bytes_sent=161444 dur_ms=15 complete=true error=null
time="2025-11-15 22:43:50" method="GET" path="/segments/v1080/gf_v1080_25.m4s" status=200 file_size=1676796 bytes_sent=1676796 dur_ms=102 complete=true error=null
time="2025-11-15 22:43:50" method="GET" path="/segments/a_ac3/gf_a_ac3_82.m4s" status=200 file_size=161444 bytes_sent=161444 dur_ms=21 complete=true error=null
time="2025-11-15 22:43:50" method="GET" path="/segments/a_ac3/gf_a_ac3_83.m4s" status=200 file_size=158884 bytes_sent=158884 dur_ms=60 complete=true error=null
time="2025-11-15 22:43:50" method="GET" path="/segments/v1080/gf_v1080_82.m4s" status=200 file_size=1321558 bytes_sent=1321558 dur_ms=113 complete=true error=null
time="2025-11-15 22:43:50" method="GET" path="/segments/a_ac3/gf_a_ac3_84.m4s" status=200 file_size=161444 bytes_sent=161444 dur_ms=18 complete=true error=null
time="2025-11-15 22:43:51" method="GET" path="/segments/v1080/gf_v1080_83.m4s" status=200 file_size=1751391 bytes_sent=1751391 dur_ms=132 complete=true error=null
time="2025-11-15 22:43:51" method="GET" path="/segments/a_ac3/gf_a_ac3_85.m4s" status=200 file_size=158884 bytes_sent=158884 dur_ms=20 complete=true error=null
time="2025-11-15 22:43:51" method="GET" path="/segments/v1080/gf_v1080_84.m4s" status=200 file_size=2248769 bytes_sent=2248769 dur_ms=130 complete=true error=null
time="2025-11-15 22:43:51" method="GET" path="/segments/a_ac3/gf_a_ac3_86.m4s" status=200 file_size=161444 bytes_sent=161444 dur_ms=23 complete=true error=null
time="2025-11-15 22:43:51" method="GET" path="/segments/v1080/gf_v1080_85.m4s" status=200 file_size=1745011 bytes_sent=1745011 dur_ms=120 complete=true error=null
time="2025-11-15 22:43:51" method="GET" path="/segments/a_ac3/gf_a_ac3_87.m4s" status=200 file_size=158884 bytes_sent=158884 dur_ms=22 complete=true error=null
time="2025-11-15 22:43:51" method="GET" path="/segments/v1080/gf_v1080_86.m4s" status=200 file_size=1467627 bytes_sent=1467627 dur_ms=94 complete=true error=null
time="2025-11-15 22:43:51" method="GET" path="/segments/a_ac3/gf_a_ac3_88.m4s" status=200 file_size=161444 bytes_sent=161444 dur_ms=18 complete=true error=null
time="2025-11-15 22:43:51" method="GET" path="/segments/v1080/gf_v1080_87.m4s" status=200 file_size=1735173 bytes_sent=1735173 dur_ms=118 complete=true error=null
time="2025-11-15 22:43:51" method="GET" path="/segments/a_ac3/gf_a_ac3_89.m4s" status=200 file_size=158884 bytes_sent=158884 dur_ms=25 complete=true error=null
time="2025-11-15 22:43:51" method="GET" path="/segments/v1080/gf_v1080_88.m4s" status=200 file_size=1963899 bytes_sent=1963899 dur_ms=118 complete=true error=null
time="2025-11-15 22:43:51" method="GET" path="/segments/a_ac3/gf_a_ac3_90.m4s" status=200 file_size=161444 bytes_sent=161444 dur_ms=27 complete=true error=null
time="2025-11-15 22:43:52" method="GET" path="/segments/v1080/gf_v1080_89.m4s" status=200 file_size=1912642 bytes_sent=1912642 dur_ms=148 complete=true error=null
time="2025-11-15 22:43:52" method="GET" path="/segments/a_ac3/gf_a_ac3_91.m4s" status=200 file_size=158884 bytes_sent=158884 dur_ms=17 complete=true error=null
time="2025-11-15 22:43:52" method="GET" path="/segments/v1080/gf_v1080_90.m4s" status=200 file_size=1033518 bytes_sent=1033518 dur_ms=98 complete=true error=null
time="2025-11-15 22:43:52" method="GET" path="/segments/v1080/gf_v1080_91.m4s" status=499 file_size=1519176 bytes_sent=65536 dur_ms=8 complete=false error="client_closed"
time="2025-11-15 22:43:52" method="GET" path="/segments/a_ac3/gf_a_ac3_92.m4s" status=499 file_size=161444 bytes_sent=65536 dur_ms=19 complete=false error="client_closed"
time="2025-11-15 22:43:52" method="GET" path="/segments/a_ac3/gf_a_ac3_130.m4s" status=200 file_size=161444 bytes_sent=161444 dur_ms=31 complete=true error=null
time="2025-11-15 22:43:52" method="GET" path="/segments/a_ac3/gf_a_ac3_131.m4s" status=200 file_size=158884 bytes_sent=158884 dur_ms=43 complete=true error=null
time="2025-11-15 22:43:52" method="GET" path="/segments/v1080/gf_v1080_130.m4s" status=200 file_size=1724214 bytes_sent=1724214 dur_ms=126 complete=true error=null
time="2025-11-15 22:43:52" method="GET" path="/segments/a_ac3/gf_a_ac3_132.m4s" status=200 file_size=161444 bytes_sent=161444 dur_ms=35 complete=true error=null
time="2025-11-15 22:43:52" method="GET" path="/segments/v1080/gf_v1080_131.m4s" status=200 file_size=1602999 bytes_sent=1602999 dur_ms=120 complete=true error=null
time="2025-11-15 22:43:52" method="GET" path="/segments/a_ac3/gf_a_ac3_133.m4s" status=200 file_size=158884 bytes_sent=158884 dur_ms=24 complete=true error=null
time="2025-11-15 22:43:52" method="GET" path="/segments/v1080/gf_v1080_132.m4s" status=200 file_size=1851432 bytes_sent=1851432 dur_ms=129 complete=true error=null
time="2025-11-15 22:43:52" method="GET" path="/segments/a_ac3/gf_a_ac3_134.m4s" status=200 file_size=161444 bytes_sent=161444 dur_ms=23 complete=true error=null
time="2025-11-15 22:43:52" method="GET" path="/segments/v1080/gf_v1080_133.m4s" status=200 file_size=1842495 bytes_sent=1842495 dur_ms=142 complete=true error=null
time="2025-11-15 22:43:52" method="GET" path="/segments/a_ac3/gf_a_ac3_135.m4s" status=200 file_size=158884 bytes_sent=158884 dur_ms=26 complete=true error=null
time="2025-11-15 22:43:53" method="GET" path="/segments/v1080/gf_v1080_134.m4s" status=200 file_size=1672373 bytes_sent=1672373 dur_ms=123 complete=true error=null
time="2025-11-15 22:43:53" method="GET" path="/segments/a_ac3/gf_a_ac3_136.m4s" status=200 file_size=161444 bytes_sent=161444 dur_ms=17 complete=true error=null
time="2025-11-15 22:43:53" method="GET" path="/segments/v1080/gf_v1080_135.m4s" status=200 file_size=1731059 bytes_sent=1731059 dur_ms=123 complete=true error=null
time="2025-11-15 22:43:53" method="GET" path="/segments/a_ac3/gf_a_ac3_137.m4s" status=200 file_size=158884 bytes_sent=158884 dur_ms=22 complete=true error=null
time="2025-11-15 22:43:53" method="GET" path="/segments/v1080/gf_v1080_136.m4s" status=200 file_size=1642713 bytes_sent=1642713 dur_ms=119 complete=true error=null
time="2025-11-15 22:43:53" method="GET" path="/segments/a_ac3/gf_a_ac3_138.m4s" status=200 file_size=161444 bytes_sent=161444 dur_ms=18 complete=true error=null
time="2025-11-15 22:43:53" method="GET" path="/segments/v1080/gf_v1080_137.m4s" status=200 file_size=1514207 bytes_sent=1514207 dur_ms=102 complete=true error=null
time="2025-11-15 22:43:53" method="GET" path="/segments/a_ac3/gf_a_ac3_139.m4s" status=200 file_size=158884 bytes_sent=158884 dur_ms=19 complete=true error=null
time="2025-11-15 22:43:53" method="GET" path="/segments/v1080/gf_v1080_138.m4s" status=200 file_size=1893130 bytes_sent=1893130 dur_ms=99 complete=true error=null
time="2025-11-15 22:43:53" method="GET" path="/segments/a_ac3/gf_a_ac3_140.m4s" status=200 file_size=161444 bytes_sent=161444 dur_ms=19 complete=true error=null
time="2025-11-15 22:43:53" method="GET" path="/segments/v1080/gf_v1080_139.m4s" status=200 file_size=2333136 bytes_sent=2333136 dur_ms=125 complete=true error=null
time="2025-11-15 22:43:53" method="GET" path="/segments/a_ac3/gf_a_ac3_141.m4s" status=200 file_size=158884 bytes_sent=158884 dur_ms=18 complete=true error=null
time="2025-11-15 22:43:54" method="GET" path="/segments/v1080/gf_v1080_140.m4s" status=200 file_size=1690257 bytes_sent=1690257 dur_ms=108 complete=true error=null
time="2025-11-15 22:43:54" method="GET" path="/segments/a_ac3/gf_a_ac3_142.m4s" status=200 file_size=161444 bytes_sent=161444 dur_ms=33 complete=true error=null
time="2025-11-15 22:43:54" method="GET" path="/segments/v1080/gf_v1080_141.m4s" status=200 file_size=1225572 bytes_sent=1225572 dur_ms=108 complete=true error=null
time="2025-11-15 22:43:54" method="GET" path="/segments/a_ac3/gf_a_ac3_143.m4s" status=200 file_size=158884 bytes_sent=158884 dur_ms=18 complete=true error=null
time="2025-11-15 22:43:54" method="GET" path="/segments/v1080/gf_v1080_142.m4s" status=200 file_size=1220650 bytes_sent=1220650 dur_ms=87 complete=true error=null
time="2025-11-15 22:43:54" method="GET" path="/segments/a_ac3/gf_a_ac3_144.m4s" status=200 file_size=161444 bytes_sent=161444 dur_ms=27 complete=true error=null
time="2025-11-15 22:43:54" method="GET" path="/segments/v1080/gf_v1080_143.m4s" status=200 file_size=2858816 bytes_sent=2858816 dur_ms=132 complete=true error=null
time="2025-11-15 22:43:54" method="GET" path="/segments/a_ac3/gf_a_ac3_145.m4s" status=200 file_size=158884 bytes_sent=158884 dur_ms=24 complete=true error=null
time="2025-11-15 22:43:54" method="GET" path="/segments/v1080/gf_v1080_144.m4s" status=200 file_size=1645520 bytes_sent=1645520 dur_ms=112 complete=true error=null
time="2025-11-15 22:43:54" method="GET" path="/segments/a_ac3/gf_a_ac3_146.m4s" status=200 file_size=161444 bytes_sent=161444 dur_ms=18 complete=true error=null
time="2025-11-15 22:43:54" method="GET" path="/segments/v1080/gf_v1080_145.m4s" status=200 file_size=1725625 bytes_sent=1725625 dur_ms=104 complete=true error=null
time="2025-11-15 22:43:54" method="GET" path="/segments/v1080/gf_v1080_146.m4s" status=200 file_size=1770853 bytes_sent=1770853 dur_ms=93 complete=true error=null
time="2025-11-15 22:43:55" method="GET" path="/segments/v1080/gf_v1080_147.m4s" status=200 file_size=1259144 bytes_sent=1259144 dur_ms=75 complete=true error=null
time="2025-11-15 22:43:55" method="GET" path="/segments/v1080/gf_v1080_148.m4s" status=200 file_size=1824349 bytes_sent=1824349 dur_ms=100 complete=true error=null
time="2025-11-15 22:43:55" method="GET" path="/segments/a_ac3/gf_a_ac3_147.m4s" status=200 file_size=158884 bytes_sent=158884 dur_ms=28 complete=true error=null
time="2025-11-15 22:43:55" method="GET" path="/segments/a_ac3/gf_a_ac3_148.m4s" status=200 file_size=161444 bytes_sent=161444 dur_ms=36 complete=true error=null
time="2025-11-15 22:43:55" method="GET" path="/segments/v1080/gf_v1080_149.m4s" status=200 file_size=1471130 bytes_sent=1471130 dur_ms=98 complete=true error=null
time="2025-11-15 22:43:56" method="GET" path="/segments/a_ac3/gf_a_ac3_149.m4s" status=200 file_size=151208 bytes_sent=151208 dur_ms=38 complete=true error=null
time="2025-11-15 22:44:01" method="GET" path="/avatar.mpd" status=200 file_size=6965 bytes_sent=6965 dur_ms=0 complete=true error=null
time="2025-11-15 22:44:01" method="GET" path="/segments/v1080/gf_v1080_1.m4s" status=200 file_size=2546470 bytes_sent=2546470 dur_ms=125 complete=true error=null
time="2025-11-15 22:44:01" method="GET" path="/segments/v1080/gf_v1080_2.m4s" status=200 file_size=1825297 bytes_sent=1825297 dur_ms=114 complete=true error=null
time="2025-11-15 22:44:01" method="GET" path="/segments/v1080/gf_v1080_3.m4s" status=200 file_size=1880922 bytes_sent=1880922 dur_ms=115 complete=true error=null
time="2025-11-15 22:44:01" method="GET" path="/segments/v1080/gf_v1080_4.m4s" status=200 file_size=1401064 bytes_sent=1401064 dur_ms=81 complete=true error=null
time="2025-11-15 22:44:02" method="GET" path="/segments/v1080/gf_v1080_5.m4s" status=200 file_size=1977766 bytes_sent=1977766 dur_ms=120 complete=true error=null
time="2025-11-15 22:44:02" method="GET" path="/segments/v1080/gf_v1080_6.m4s" status=200 file_size=1783504 bytes_sent=1783504 dur_ms=124 complete=true error=null
time="2025-11-15 22:44:02" method="GET" path="/segments/v1080/gf_v1080_25.m4s" status=206 file_size=1676796 bytes_sent=73028 dur_ms=7 complete=true error=null
time="2025-11-15 22:44:02" method="GET" path="/segments/a_ac3/gf_a_ac3_27.m4s" status=200 file_size=158884 bytes_sent=158884 dur_ms=42 complete=true error=null
time="2025-11-15 22:44:02" method="GET" path="/segments/v1080/gf_v1080_26.m4s" status=200 file_size=1558390 bytes_sent=1558390 dur_ms=97 complete=true error=null
time="2025-11-15 22:44:03" method="GET" path="/segments/v144/initgf_v144_.mp4" status=200 file_size=999 bytes_sent=999 dur_ms=1 complete=true error=null
time="2025-11-15 22:44:04" method="GET" path="/segments/v144/gf_v144_2.m4s" status=200 file_size=41043 bytes_sent=41043 dur_ms=1 complete=true error=null
time="2025-11-15 22:44:04" method="GET" path="/segments/v144/gf_v144_3.m4s" status=200 file_size=48611 bytes_sent=48611 dur_ms=0 complete=true error=null
time="2025-11-15 22:44:04" method="GET" path="/segments/v144/gf_v144_4.m4s" status=200 file_size=35055 bytes_sent=35055 dur_ms=0 complete=true error=null
time="2025-11-15 22:44:04" method="GET" path="/segments/v144/gf_v144_5.m4s" status=200 file_size=48175 bytes_sent=48175 dur_ms=1 complete=true error=null
time="2025-11-15 22:44:04" method="GET" path="/segments/v144/gf_v144_6.m4s" status=200 file_size=44698 bytes_sent=44698 dur_ms=0 complete=true error=null
time="2025-11-15 22:44:04" method="GET" path="/segments/v144/gf_v144_7.m4s" status=200 file_size=43454 bytes_sent=43454 dur_ms=1 complete=true error=null
time="2025-11-15 22:44:04" method="GET" path="/segments/v144/gf_v144_8.m4s" status=200 file_size=36786 bytes_sent=36786 dur_ms=1 complete=true error=null
time="2025-11-15 22:44:04" method="GET" path="/segments/v144/gf_v144_9.m4s" status=200 file_size=44433 bytes_sent=44433 dur_ms=1 complete=true error=null
time="2025-11-15 22:44:04" method="GET" path="/segments/v144/gf_v144_10.m4s" status=200 file_size=38354 bytes_sent=38354 dur_ms=1 complete=true error=null
time="2025-11-15 22:44:04" method="GET" path="/segments/v144/gf_v144_11.m4s" status=200 file_size=33235 bytes_sent=33235 dur_ms=0 complete=true error=null
time="2025-11-15 22:44:04" method="GET" path="/segments/v144/gf_v144_12.m4s" status=200 file_size=52633 bytes_sent=52633 dur_ms=1 complete=true error=null
time="2025-11-15 22:44:04" method="GET" path="/segments/v144/gf_v144_13.m4s" status=200 file_size=59427 bytes_sent=59427 dur_ms=1 complete=true error=null
time="2025-11-15 22:44:04" method="GET" path="/segments/v144/gf_v144_14.m4s" status=200 file_size=42304 bytes_sent=42304 dur_ms=0 complete=true error=null
time="2025-11-15 22:44:04" method="GET" path="/segments/v144/gf_v144_15.m4s" status=200 file_size=32344 bytes_sent=32344 dur_ms=1 complete=true error=null
time="2025-11-15 22:44:04" method="GET" path="/segments/v144/gf_v144_16.m4s" status=200 file_size=43827 bytes_sent=43827 dur_ms=1 complete=true error=null
time="2025-11-15 22:44:05" method="GET" path="/segments/v144/gf_v144_17.m4s" status=200 file_size=43773 bytes_sent=43773 dur_ms=0 complete=true error=null
time="2025-11-15 22:44:05" method="GET" path="/segments/v144/gf_v144_18.m4s" status=200 file_size=51443 bytes_sent=51443 dur_ms=1 complete=true error=null
time="2025-11-15 22:44:05" method="GET" path="/segments/v144/gf_v144_19.m4s" status=200 file_size=45160 bytes_sent=45160 dur_ms=1 complete=true error=null
time="2025-11-15 22:44:05" method="GET" path="/segments/v144/gf_v144_20.m4s" status=200 file_size=41916 bytes_sent=41916 dur_ms=0 complete=true error=null
time="2025-11-15 22:44:05" method="GET" path="/segments/v144/gf_v144_21.m4s" status=200 file_size=27824 bytes_sent=27824 dur_ms=1 complete=true error=null
time="2025-11-15 22:44:05" method="GET" path="/segments/v144/gf_v144_22.m4s" status=200 file_size=39446 bytes_sent=39446 dur_ms=0 complete=true error=null
time="2025-11-15 22:44:05" method="GET" path="/segments/v144/gf_v144_23.m4s" status=200 file_size=40735 bytes_sent=40735 dur_ms=0 complete=true error=null
time="2025-11-15 22:44:05" method="GET" path="/segments/v144/gf_v144_24.m4s" status=200 file_size=59688 bytes_sent=59688 dur_ms=1 complete=true error=null
time="2025-11-15 22:44:05" method="GET" path="/segments/v144/gf_v144_25.m4s" status=200 file_size=38833 bytes_sent=38833 dur_ms=0 complete=true error=null
time="2025-11-15 22:44:05" method="GET" path="/segments/v144/gf_v144_26.m4s" status=200 file_size=37629 bytes_sent=37629 dur_ms=1 complete=true error=null
time="2025-11-15 22:44:05" method="GET" path="/segments/v144/gf_v144_27.m4s" status=200 file_size=55130 bytes_sent=55130 dur_ms=2 complete=true error=null
time="2025-11-15 22:44:05" method="GET" path="/segments/a_ac3/gf_a_ac3_28.m4s" status=200 file_size=161444 bytes_sent=161444 dur_ms=19 complete=true error=null
time="2025-11-15 22:44:08" method="GET" path="/segments/v144/gf_v144_139.m4s" status=200 file_size=56950 bytes_sent=56950 dur_ms=0 complete=true error=null
time="2025-11-15 22:44:08" method="GET" path="/segments/v144/gf_v144_140.m4s" status=200 file_size=42690 bytes_sent=42690 dur_ms=0 complete=true error=null
time="2025-11-15 22:44:08" method="GET" path="/segments/v144/gf_v144_141.m4s" status=200 file_size=31555 bytes_sent=31555 dur_ms=0 complete=true error=null
time="2025-11-15 22:44:08" method="GET" path="/segments/v144/gf_v144_142.m4s" status=200 file_size=35459 bytes_sent=35459 dur_ms=1 complete=true error=null
time="2025-11-15 22:44:08" method="GET" path="/segments/v144/gf_v144_143.m4s" status=200 file_size=63122 bytes_sent=63122 dur_ms=0 complete=true error=null
time="2025-11-15 22:44:08" method="GET" path="/segments/v144/gf_v144_144.m4s" status=200 file_size=41649 bytes_sent=41649 dur_ms=0 complete=true error=null
time="2025-11-15 22:44:08" method="GET" path="/segments/v144/gf_v144_145.m4s" status=200 file_size=42266 bytes_sent=42266 dur_ms=0 complete=true error=null
time="2025-11-15 22:44:08" method="GET" path="/segments/v144/gf_v144_146.m4s" status=200 file_size=41563 bytes_sent=41563 dur_ms=1 complete=true error=null
time="2025-11-15 22:44:08" method="GET" path="/segments/v144/gf_v144_147.m4s" status=200 file_size=36190 bytes_sent=36190 dur_ms=0 complete=true error=null
time="2025-11-15 22:44:08" method="GET" path="/segments/v144/gf_v144_148.m4s" status=200 file_size=44049 bytes_sent=44049 dur_ms=0 complete=true error=null
time="2025-11-15 22:44:08" method="GET" path="/segments/v144/gf_v144_149.m4s" status=200 file_size=32690 bytes_sent=32690 dur_ms=0 complete=true error=null
time="2025-11-15 22:44:10" method="GET" path="/segments/v144/gf_v144_101.m4s" status=200 file_size=52098 bytes_sent=52098 dur_ms=0 complete=true error=null
time="2025-11-15 22:44:10" method="GET" path="/segments/a_ac3/gf_a_ac3_101.m4s" status=200 file_size=158884 bytes_sent=158884 dur_ms=31 complete=true error=null
time="2025-11-15 22:44:10" method="GET" path="/segments/v144/gf_v144_102.m4s" status=200 file_size=30256 bytes_sent=30256 dur_ms=2 complete=true error=null
time="2025-11-15 22:44:10" method="GET" path="/segments/v144/gf_v144_103.m4s" status=200 file_size=45816 bytes_sent=45816 dur_ms=0 complete=true error=null
time="2025-11-15 22:44:10" method="GET" path="/segments/a_ac3/gf_a_ac3_102.m4s" status=200 file_size=161444 bytes_sent=161444 dur_ms=22 complete=true error=null
time="2025-11-15 22:44:10" method="GET" path="/segments/v144/gf_v144_104.m4s" status=200 file_size=35056 bytes_sent=35056 dur_ms=1 complete=true error=null
time="2025-11-15 22:44:10" method="GET" path="/segments/a_ac3/gf_a_ac3_103.m4s" status=200 file_size=158884 bytes_sent=158884 dur_ms=19 complete=true error=null
time="2025-11-15 22:44:10" method="GET" path="/segments/v144/gf_v144_105.m4s" status=200 file_size=51824 bytes_sent=51824 dur_ms=0 complete=true error=null
time="2025-11-15 22:44:10" method="GET" path="/segments/a_ac3/gf_a_ac3_104.m4s" status=200 file_size=161444 bytes_sent=161444 dur_ms=27 complete=true error=null
time="2025-11-15 22:44:10" method="GET" path="/segments/v144/gf_v144_106.m4s" status=200 file_size=37724 bytes_sent=37724 dur_ms=0 complete=true error=null
time="2025-11-15 22:44:10" method="GET" path="/segments/a_ac3/gf_a_ac3_105.m4s" status=200 file_size=158884 bytes_sent=158884 dur_ms=25 complete=true error=null
time="2025-11-15 22:44:10" method="GET" path="/segments/v144/gf_v144_107.m4s" status=200 file_size=46067 bytes_sent=46067 dur_ms=0 complete=true error=null
time="2025-11-15 22:44:10" method="GET" path="/segments/a_ac3/gf_a_ac3_106.m4s" status=200 file_size=161444 bytes_sent=161444 dur_ms=19 complete=true error=null
time="2025-11-15 22:44:10" method="GET" path="/segments/v144/gf_v144_108.m4s" status=200 file_size=45624 bytes_sent=45624 dur_ms=0 complete=true error=null
time="2025-11-15 22:44:10" method="GET" path="/segments/a_ac3/gf_a_ac3_107.m4s" status=200 file_size=158884 bytes_sent=158884 dur_ms=15 complete=true error=null
time="2025-11-15 22:44:10" method="GET" path="/segments/v144/gf_v144_109.m4s" status=200 file_size=52589 bytes_sent=52589 dur_ms=1 complete=true error=null
time="2025-11-15 22:44:10" method="GET" path="/segments/a_ac3/gf_a_ac3_108.m4s" status=200 file_size=161444 bytes_sent=161444 dur_ms=19 complete=true error=null
time="2025-11-15 22:44:10" method="GET" path="/segments/v144/gf_v144_110.m4s" status=200 file_size=27123 bytes_sent=27123 dur_ms=0 complete=true error=null
time="2025-11-15 22:44:10" method="GET" path="/segments/a_ac3/gf_a_ac3_109.m4s" status=200 file_size=158884 bytes_sent=158884 dur_ms=14 complete=true error=null
time="2025-11-15 22:44:10" method="GET" path="/segments/v144/gf_v144_111.m4s" status=200 file_size=49366 bytes_sent=49366 dur_ms=0 complete=true error=null
time="2025-11-15 22:44:10" method="GET" path="/segments/a_ac3/gf_a_ac3_110.m4s" status=200 file_size=161444 bytes_sent=161444 dur_ms=14 complete=true error=null
time="2025-11-15 22:44:10" method="GET" path="/segments/v144/gf_v144_112.m4s" status=200 file_size=43949 bytes_sent=43949 dur_ms=0 complete=true error=null
time="2025-11-15 22:44:10" method="GET" path="/segments/a_ac3/gf_a_ac3_111.m4s" status=200 file_size=158884 bytes_sent=158884 dur_ms=21 complete=true error=null
time="2025-11-15 22:44:10" method="GET" path="/segments/v144/gf_v144_113.m4s" status=200 file_size=45174 bytes_sent=45174 dur_ms=0 complete=true error=null
time="2025-11-15 22:44:10" method="GET" path="/segments/a_ac3/gf_a_ac3_112.m4s" status=200 file_size=161444 bytes_sent=161444 dur_ms=28 complete=true error=null
time="2025-11-15 22:44:10" method="GET" path="/segments/v144/gf_v144_114.m4s" status=200 file_size=47487 bytes_sent=47487 dur_ms=0 complete=true error=null
time="2025-11-15 22:44:10" method="GET" path="/segments/a_ac3/gf_a_ac3_113.m4s" status=200 file_size=158884 bytes_sent=158884 dur_ms=22 complete=true error=null
time="2025-11-15 22:44:11" method="GET" path="/segments/v144/gf_v144_115.m4s" status=200 file_size=41865 bytes_sent=41865 dur_ms=0 complete=true error=null
time="2025-11-15 22:44:11" method="GET" path="/segments/a_ac3/gf_a_ac3_114.m4s" status=200 file_size=161444 bytes_sent=161444 dur_ms=17 complete=true error=null
time="2025-11-15 22:44:11" method="GET" path="/segments/v144/gf_v144_116.m4s" status=200 file_size=36010 bytes_sent=36010 dur_ms=2 complete=true error=null
time="2025-11-15 22:44:11" method="GET" path="/segments/a_ac3/gf_a_ac3_115.m4s" status=200 file_size=158884 bytes_sent=158884 dur_ms=16 complete=true error=null
time="2025-11-15 22:44:11" method="GET" path="/segments/v144/gf_v144_117.m4s" status=200 file_size=45386 bytes_sent=45386 dur_ms=0 complete=true error=null
time="2025-11-15 22:44:11" method="GET" path="/segments/a_ac3/gf_a_ac3_116.m4s" status=200 file_size=161444 bytes_sent=161444 dur_ms=20 complete=true error=null
time="2025-11-15 22:44:11" method="GET" path="/segments/v144/gf_v144_118.m4s" status=200 file_size=39720 bytes_sent=39720 dur_ms=0 complete=true error=null
time="2025-11-15 22:44:11" method="GET" path="/segments/a_ac3/gf_a_ac3_117.m4s" status=200 file_size=158884 bytes_sent=158884 dur_ms=19 complete=true error=null
time="2025-11-15 22:44:11" method="GET" path="/segments/v144/gf_v144_119.m4s" status=200 file_size=31918 bytes_sent=31918 dur_ms=1 complete=true error=null
time="2025-11-15 22:44:11" method="GET" path="/segments/a_ac3/gf_a_ac3_118.m4s" status=200 file_size=161444 bytes_sent=161444 dur_ms=29 complete=true error=null
time="2025-11-15 22:44:11" method="GET" path="/segments/v144/gf_v144_120.m4s" status=200 file_size=6824 bytes_sent=6824 dur_ms=0 complete=true error=null
time="2025-11-15 22:44:11" method="GET" path="/segments/a_ac3/gf_a_ac3_119.m4s" status=200 file_size=158884 bytes_sent=158884 dur_ms=15 complete=true error=null
time="2025-11-15 22:44:11" method="GET" path="/segments/v144/gf_v144_121.m4s" status=200 file_size=55177 bytes_sent=55177 dur_ms=0 complete=true error=null
time="2025-11-15 22:44:11" method="GET" path="/segments/a_ac3/gf_a_ac3_120.m4s" status=200 file_size=161444 bytes_sent=161444 dur_ms=20 complete=true error=null
time="2025-11-15 22:44:11" method="GET" path="/segments/v144/gf_v144_122.m4s" status=200 file_size=32693 bytes_sent=32693 dur_ms=2 complete=true error=null
time="2025-11-15 22:44:11" method="GET" path="/segments/a_ac3/gf_a_ac3_121.m4s" status=200 file_size=158884 bytes_sent=158884 dur_ms=18 complete=true error=null
time="2025-11-15 22:44:11" method="GET" path="/segments/v144/gf_v144_123.m4s" status=200 file_size=51285 bytes_sent=51285 dur_ms=1 complete=true error=null
time="2025-11-15 22:44:11" method="GET" path="/segments/a_ac3/gf_a_ac3_122.m4s" status=200 file_size=161444 bytes_sent=161444 dur_ms=17 complete=true error=null
time="2025-11-15 22:44:11" method="GET" path="/segments/v144/gf_v144_124.m4s" status=200 file_size=40645 bytes_sent=40645 dur_ms=0 complete=true error=null
time="2025-11-15 22:44:11" method="GET" path="/segments/a_ac3/gf_a_ac3_123.m4s" status=200 file_size=158884 bytes_sent=158884 dur_ms=22 complete=true error=null
time="2025-11-15 22:44:11" method="GET" path="/segments/v144/gf_v144_125.m4s" status=200 file_size=43341 bytes_sent=43341 dur_ms=0 complete=true error=null
time="2025-11-15 22:44:11" method="GET" path="/segments/a_ac3/gf_a_ac3_124.m4s" status=200 file_size=161444 bytes_sent=161444 dur_ms=15 complete=true error=null
time="2025-11-15 22:44:11" method="GET" path="/segments/v144/gf_v144_126.m4s" status=200 file_size=44237 bytes_sent=44237 dur_ms=1 complete=true error=null
time="2025-11-15 22:44:11" method="GET" path="/segments/a_ac3/gf_a_ac3_125.m4s" status=200 file_size=158884 bytes_sent=158884 dur_ms=26 complete=true error=null
time="2025-11-15 22:44:11" method="GET" path="/segments/v144/gf_v144_127.m4s" status=200 file_size=39660 bytes_sent=39660 dur_ms=1 complete=true error=null
time="2025-11-15 22:44:11" method="GET" path="/segments/a_ac3/gf_a_ac3_126.m4s" status=200 file_size=161444 bytes_sent=161444 dur_ms=18 complete=true error=null
time="2025-11-15 22:44:15" method="GET" path="/segments/v2160orig/initgf_v2160orig_.mp4" status=200 file_size=945 bytes_sent=945 dur_ms=1 complete=true error=null
time="2025-11-15 22:44:15" method="GET" path="/segments/v2160orig/gf_v2160orig_142.m4s" status=200 file_size=4236737 bytes_sent=4236737 dur_ms=166 complete=true error=null
time="2025-11-15 22:44:16" method="GET" path="/segments/v2160orig/gf_v2160orig_143.m4s" status=200 file_size=8194777 bytes_sent=8194777 dur_ms=362 complete=true error=null
time="2025-11-15 22:44:16" method="GET" path="/segments/v2160orig/gf_v2160orig_144.m4s" status=200 file_size=11850238 bytes_sent=11850238 dur_ms=375 complete=true error=null
time="2025-11-15 22:44:17" method="GET" path="/segments/v2160orig/gf_v2160orig_145.m4s" status=200 file_size=12683443 bytes_sent=12683443 dur_ms=403 complete=true error=null
time="2025-11-15 22:44:17" method="GET" path="/segments/v2160orig/gf_v2160orig_146.m4s" status=200 file_size=12722493 bytes_sent=12722493 dur_ms=412 complete=true error=null
time="2025-11-15 22:44:18" method="GET" path="/segments/v2160orig/gf_v2160orig_147.m4s" status=200 file_size=8322363 bytes_sent=8322363 dur_ms=349 complete=true error=null
time="2025-11-15 22:44:18" method="GET" path="/segments/v2160orig/gf_v2160orig_148.m4s" status=200 file_size=5575662 bytes_sent=5575662 dur_ms=232 complete=true error=null
time="2025-11-15 22:44:19" method="GET" path="/segments/v2160orig/gf_v2160orig_149.m4s" status=200 file_size=3848835 bytes_sent=3848835 dur_ms=193 complete=true error=null
time="2025-11-15 22:44:34" method="GET" path="/avatar.mpd" status=200 file_size=6965 bytes_sent=6965 dur_ms=0 complete=true error=null
time="2025-11-15 22:44:50" method="GET" path="/godfather.mpd" status=200 file_size=6999 bytes_sent=6999 dur_ms=11 complete=true error=null
time="2025-11-15 22:44:50" method="GET" path="/godfather.mpd" status=200 file_size=6999 bytes_sent=6999 dur_ms=1 complete=true error=null
time="2025-11-15 22:44:54" method="GET" path="/godfather.mpd" status=200 file_size=6999 bytes_sent=6999 dur_ms=0 complete=true error=null
time="2025-11-15 22:44:57" method="GET" path="/godfather.mpd" status=200 file_size=6999 bytes_sent=6999 dur_ms=0 complete=true error=null
time="2025-11-15 22:44:58" method="GET" path="/segments/v1080/gf_v1080_101.m4s" status=200 file_size=1890002 bytes_sent=1890002 dur_ms=106 complete=true error=null
time="2025-11-15 22:44:58" method="GET" path="/segments/v1080/gf_v1080_102.m4s" status=200 file_size=1512457 bytes_sent=1512457 dur_ms=104 complete=true error=null
time="2025-11-15 22:44:58" method="GET" path="/segments/v1080/gf_v1080_103.m4s" status=200 file_size=1726320 bytes_sent=1726320 dur_ms=106 complete=true error=null
time="2025-11-15 22:44:58" method="GET" path="/segments/v1080/gf_v1080_104.m4s" status=200 file_size=1730009 bytes_sent=1730009 dur_ms=140 complete=true error=null
time="2025-11-15 22:44:59" method="GET" path="/segments/v1080/gf_v1080_105.m4s" status=200 file_size=1961726 bytes_sent=1961726 dur_ms=160 complete=true error=null
time="2025-11-15 22:44:59" method="GET" path="/segments/v1080/gf_v1080_106.m4s" status=200 file_size=1845478 bytes_sent=1845478 dur_ms=132 complete=true error=null
time="2025-11-15 22:44:59" method="GET" path="/segments/v1080/gf_v1080_107.m4s" status=200 file_size=1787458 bytes_sent=1787458 dur_ms=117 complete=true error=null
time="2025-11-15 22:44:59" method="GET" path="/segments/v1080/gf_v1080_108.m4s" status=200 file_size=1245518 bytes_sent=1245518 dur_ms=105 complete=true error=null
time="2025-11-15 22:44:59" method="GET" path="/segments/v1080/gf_v1080_109.m4s" status=200 file_size=1730136 bytes_sent=1730136 dur_ms=102 complete=true error=null
time="2025-11-15 22:44:59" method="GET" path="/segments/v1080/gf_v1080_110.m4s" status=200 file_size=1453558 bytes_sent=1453558 dur_ms=90 complete=true error=null
time="2025-11-15 22:44:59" method="GET" path="/segments/v1080/gf_v1080_111.m4s" status=200 file_size=1840054 bytes_sent=1840054 dur_ms=111 complete=true error=null
time="2025-11-15 22:45:00" method="GET" path="/segments/v1080/gf_v1080_112.m4s" status=200 file_size=1957280 bytes_sent=1957280 dur_ms=200 complete=true error=null
time="2025-11-15 22:45:00" method="GET" path="/segments/v1080/gf_v1080_113.m4s" status=200 file_size=1684509 bytes_sent=1684509 dur_ms=119 complete=true error=null
time="2025-11-15 22:45:00" method="GET" path="/segments/v1080/gf_v1080_114.m4s" status=200 file_size=2140317 bytes_sent=2140317 dur_ms=139 complete=true error=null
time="2025-11-15 22:45:00" method="GET" path="/segments/v1080/gf_v1080_115.m4s" status=200 file_size=1534009 bytes_sent=1534009 dur_ms=122 complete=true error=null
time="2025-11-15 22:45:00" method="GET" path="/segments/v1080/gf_v1080_116.m4s" status=200 file_size=1744507 bytes_sent=1744507 dur_ms=132 complete=true error=null
time="2025-11-15 22:45:01" method="GET" path="/segments/v1080/gf_v1080_117.m4s" status=200 file_size=2119206 bytes_sent=2119206 dur_ms=126 complete=true error=null
time="2025-11-15 22:45:01" method="GET" path="/segments/v1080/gf_v1080_118.m4s" status=200 file_size=1710893 bytes_sent=1710893 dur_ms=140 complete=true error=null
time="2025-11-15 22:45:01" method="GET" path="/segments/v1080/gf_v1080_119.m4s" status=200 file_size=1695552 bytes_sent=1695552 dur_ms=114 complete=true error=null
time="2025-11-15 22:45:01" method="GET" path="/segments/v1080/gf_v1080_120.m4s" status=200 file_size=1740594 bytes_sent=1740594 dur_ms=94 complete=true error=null
time="2025-11-15 22:45:01" method="GET" path="/segments/v1080/gf_v1080_121.m4s" status=200 file_size=1781243 bytes_sent=1781243 dur_ms=127 complete=true error=null
time="2025-11-15 22:45:01" method="GET" path="/segments/v1080/gf_v1080_122.m4s" status=200 file_size=1504901 bytes_sent=1504901 dur_ms=103 complete=true error=null
time="2025-11-15 22:45:01" method="GET" path="/segments/v1080/gf_v1080_123.m4s" status=200 file_size=1829184 bytes_sent=1829184 dur_ms=109 complete=true error=null
time="2025-11-15 22:45:02" method="GET" path="/segments/v1080/gf_v1080_124.m4s" status=200 file_size=1726277 bytes_sent=1726277 dur_ms=115 complete=true error=null
time="2025-11-15 22:45:02" method="GET" path="/segments/v1080/gf_v1080_125.m4s" status=200 file_size=1761074 bytes_sent=1761074 dur_ms=111 complete=true error=null
time="2025-11-15 22:45:02" method="GET" path="/segments/a_ac3/gf_a_ac3_127.m4s" status=200 file_size=158884 bytes_sent=158884 dur_ms=46 complete=true error=null
time="2025-11-15 22:45:02" method="GET" path="/segments/v1080/gf_v1080_126.m4s" status=200 file_size=1658317 bytes_sent=1658317 dur_ms=114 complete=true error=null
time="2025-11-15 22:45:02" method="GET" path="/segments/a_ac3/gf_a_ac3_128.m4s" status=200 file_size=161444 bytes_sent=161444 dur_ms=23 complete=true error=null
time="2025-11-15 22:45:02" method="GET" path="/segments/v1080/gf_v1080_127.m4s" status=200 file_size=1841218 bytes_sent=1841218 dur_ms=132 complete=true error=null
time="2025-11-24 15:06:29" method="GET" path="/godfather.mpd" status=200 file_size=6999 bytes_sent=6999 dur_ms=10 complete=true error=null
time="2025-11-24 15:06:29" method="GET" path="/godfather.mpd" status=200 file_size=6999 bytes_sent=6999 dur_ms=0 complete=true error=null
time="2025-11-24 15:06:29" method="GET" path="/segments/a_ac3/initgf_a_ac3_.mp4" status=200 file_size=836 bytes_sent=836 dur_ms=9 complete=true error=null
time="2025-11-24 15:06:29" method="GET" path="/segments/v480/initgf_v480_.mp4" status=200 file_size=999 bytes_sent=999 dur_ms=13 complete=true error=null
time="2025-11-24 15:06:29" method="GET" path="/segments/a_ac3/gf_a_ac3_1.m4s" status=200 file_size=169124 bytes_sent=169124 dur_ms=35 complete=true error=null
time="2025-11-24 15:06:29" method="GET" path="/segments/v480/gf_v480_1.m4s" status=200 file_size=389602 bytes_sent=389602 dur_ms=44 complete=true error=null
time="2025-11-24 15:06:29" method="GET" path="/segments/a_ac3/gf_a_ac3_2.m4s" status=200 file_size=161444 bytes_sent=161444 dur_ms=27 complete=true error=null
time="2025-11-24 15:06:29" method="GET" path="/segments/v480/gf_v480_2.m4s" status=200 file_size=389630 bytes_sent=389630 dur_ms=105 complete=true error=null
time="2025-11-24 15:06:30" method="GET" path="/segments/a_ac3/gf_a_ac3_3.m4s" status=200 file_size=158884 bytes_sent=158884 dur_ms=51 complete=true error=null
time="2025-11-24 15:06:30" method="GET" path="/segments/v480/gf_v480_3.m4s" status=200 file_size=393238 bytes_sent=393238 dur_ms=83 complete=true error=null
time="2025-11-24 15:06:30" method="GET" path="/segments/a_ac3/gf_a_ac3_4.m4s" status=200 file_size=161444 bytes_sent=161444 dur_ms=38 complete=true error=null
time="2025-11-24 15:06:30" method="GET" path="/segments/v480/gf_v480_4.m4s" status=200 file_size=373380 bytes_sent=373380 dur_ms=79 complete=true error=null
time="2025-11-24 15:06:30" method="GET" path="/segments/a_ac3/gf_a_ac3_5.m4s" status=200 file_size=158884 bytes_sent=158884 dur_ms=41 complete=true error=null
time="2025-11-24 15:06:30" method="GET" path="/segments/v480/gf_v480_5.m4s" status=200 file_size=383285 bytes_sent=383285 dur_ms=42 complete=true error=null
time="2025-11-24 15:06:30" method="GET" path="/segments/a_ac3/gf_a_ac3_6.m4s" status=200 file_size=161444 bytes_sent=161444 dur_ms=32 complete=true error=null
time="2025-11-24 15:06:30" method="GET" path="/segments/a_ac3/gf_a_ac3_7.m4s" status=200 file_size=158884 bytes_sent=158884 dur_ms=23 complete=true error=null
time="2025-11-24 15:06:30" method="GET" path="/segments/v480/gf_v480_6.m4s" status=200 file_size=375159 bytes_sent=375159 dur_ms=57 complete=true error=null
time="2025-11-24 15:06:30" method="GET" path="/segments/v2160/initgf_v2160_.mp4" status=200 file_size=999 bytes_sent=999 dur_ms=6 complete=true error=null
time="2025-11-24 15:06:30" method="GET" path="/segments/a_ac3/gf_a_ac3_8.m4s" status=200 file_size=161444 bytes_sent=161444 dur_ms=28 complete=true error=null
time="2025-11-24 15:06:30" method="GET" path="/segments/v2160/gf_v2160_7.m4s" status=200 file_size=4909436 bytes_sent=4909436 dur_ms=239 complete=true error=null
time="2025-11-24 15:06:30" method="GET" path="/segments/v2160orig/initgf_v2160orig_.mp4" status=200 file_size=1061 bytes_sent=1061 dur_ms=8 complete=true error=null
time="2025-11-24 15:06:30" method="GET" path="/segments/a_ac3/gf_a_ac3_9.m4s" status=200 file_size=158884 bytes_sent=158884 dur_ms=26 complete=true error=null
time="2025-11-24 15:06:31" method="GET" path="/segments/v2160orig/gf_v2160orig_8.m4s" status=200 file_size=11312628 bytes_sent=11312628 dur_ms=504 complete=true error=null
time="2025-11-24 15:06:31" method="GET" path="/segments/a_ac3/gf_a_ac3_10.m4s" status=200 file_size=161444 bytes_sent=161444 dur_ms=24 complete=true error=null
time="2025-11-24 15:06:31" method="GET" path="/segments/v2160orig/gf_v2160orig_9.m4s" status=200 file_size=13782727 bytes_sent=13782727 dur_ms=520 complete=true error=null
time="2025-11-24 15:06:31" method="GET" path="/segments/a_ac3/gf_a_ac3_11.m4s" status=200 file_size=158884 bytes_sent=158884 dur_ms=37 complete=true error=null
time="2025-11-24 15:06:32" method="GET" path="/segments/v2160orig/gf_v2160orig_10.m4s" status=200 file_size=10884729 bytes_sent=10884729 dur_ms=562 complete=true error=null
time="2025-11-24 15:06:32" method="GET" path="/segments/a_ac3/gf_a_ac3_12.m4s" status=200 file_size=161444 bytes_sent=161444 dur_ms=39 complete=true error=null
time="2025-11-24 15:06:33" method="GET" path="/segments/v2160orig/gf_v2160orig_11.m4s" status=200 file_size=11729325 bytes_sent=11729325 dur_ms=573 complete=true error=null
time="2025-11-24 15:06:33" method="GET" path="/segments/a_ac3/gf_a_ac3_13.m4s" status=200 file_size=158884 bytes_sent=158884 dur_ms=36 complete=true error=null
time="2025-11-24 15:06:33" method="GET" path="/segments/v2160orig/gf_v2160orig_12.m4s" status=200 file_size=12686316 bytes_sent=12686316 dur_ms=422 complete=true error=null
time="2025-11-24 15:06:33" method="GET" path="/segments/a_ac3/gf_a_ac3_14.m4s" status=200 file_size=161444 bytes_sent=161444 dur_ms=27 complete=true error=null
time="2025-11-24 15:06:34" method="GET" path="/segments/v2160orig/gf_v2160orig_13.m4s" status=200 file_size=13819949 bytes_sent=13819949 dur_ms=607 complete=true error=null
time="2025-11-24 15:06:34" method="GET" path="/segments/a_ac3/gf_a_ac3_15.m4s" status=200 file_size=158884 bytes_sent=158884 dur_ms=34 complete=true error=null
time="2025-11-24 15:06:35" method="GET" path="/segments/v2160orig/gf_v2160orig_14.m4s" status=200 file_size=15650305 bytes_sent=15650305 dur_ms=599 complete=true error=null
time="2025-11-24 15:06:35" method="GET" path="/godfather.mpd" status=200 file_size=6999 bytes_sent=6999 dur_ms=0 complete=true error=null
time="2025-11-24 15:06:35" method="GET" path="/segments/v2160orig/gf_v2160orig_1.m4s" status=200 file_size=11527988 bytes_sent=11527988 dur_ms=440 complete=true error=null
time="2025-11-24 15:06:36" method="GET" path="/segments/v2160orig/gf_v2160orig_2.m4s" status=200 file_size=11580470 bytes_sent=11580470 dur_ms=530 complete=true error=null
time="2025-11-24 15:06:37" method="GET" path="/segments/v2160orig/gf_v2160orig_3.m4s" status=200 file_size=11755857 bytes_sent=11755857 dur_ms=489 complete=true error=null
time="2025-11-24 15:06:37" method="GET" path="/segments/v2160orig/gf_v2160orig_4.m4s" status=200 file_size=11389434 bytes_sent=11389434 dur_ms=493 complete=true error=null
time="2025-11-24 15:06:38" method="GET" path="/segments/v2160orig/gf_v2160orig_5.m4s" status=200 file_size=11808290 bytes_sent=11808290 dur_ms=451 complete=true error=null
time="2025-11-24 15:06:38" method="GET" path="/segments/v2160orig/gf_v2160orig_6.m4s" status=200 file_size=11415111 bytes_sent=11415111 dur_ms=440 complete=true error=null
time="2025-11-24 15:06:39" method="GET" path="/segments/v2160orig/gf_v2160orig_7.m4s" status=200 file_size=11556470 bytes_sent=11556470 dur_ms=434 complete=true error=null
time="2025-11-24 15:06:39" method="GET" path="/segments/v2160orig/gf_v2160orig_14.m4s" status=206 file_size=15650305 bytes_sent=1965793 dur_ms=79 complete=true error=null
time="2025-11-24 15:06:44" method="GET" path="/segments/a_ac3/gf_a_ac3_95.m4s" status=200 file_size=158884 bytes_sent=158884 dur_ms=31 complete=true error=null
time="2025-11-24 15:06:44" method="GET" path="/segments/a_ac3/gf_a_ac3_96.m4s" status=200 file_size=161444 bytes_sent=161444 dur_ms=75 complete=true error=null
time="2025-11-24 15:06:44" method="GET" path="/segments/v2160orig/gf_v2160orig_95.m4s" status=200 file_size=15861167 bytes_sent=15861167 dur_ms=645 complete=true error=null
time="2025-11-24 15:06:44" method="GET" path="/segments/a_ac3/gf_a_ac3_97.m4s" status=200 file_size=158884 bytes_sent=158884 dur_ms=32 complete=true error=null
time="2025-11-24 15:06:45" method="GET" path="/segments/v2160orig/gf_v2160orig_96.m4s" status=200 file_size=16580549 bytes_sent=16580549 dur_ms=708 complete=true error=null
time="2025-11-24 15:06:45" method="GET" path="/segments/a_ac3/gf_a_ac3_98.m4s" status=200 file_size=161444 bytes_sent=161444 dur_ms=29 complete=true error=null
time="2025-11-24 15:06:46" method="GET" path="/segments/v2160orig/gf_v2160orig_97.m4s" status=200 file_size=15155233 bytes_sent=15155233 dur_ms=1027 complete=true error=null
time="2025-11-24 15:06:46" method="GET" path="/segments/a_ac3/gf_a_ac3_99.m4s" status=200 file_size=158884 bytes_sent=158884 dur_ms=53 complete=true error=null
time="2025-11-24 15:06:48" method="GET" path="/segments/v2160orig/gf_v2160orig_98.m4s" status=200 file_size=19563844 bytes_sent=19563844 dur_ms=1471 complete=true error=null
time="2025-11-24 15:06:48" method="GET" path="/segments/a_ac3/gf_a_ac3_100.m4s" status=200 file_size=161444 bytes_sent=161444 dur_ms=29 complete=true error=null
time="2025-11-24 15:06:49" method="GET" path="/segments/v2160orig/gf_v2160orig_99.m4s" status=200 file_size=21913618 bytes_sent=21913618 dur_ms=894 complete=true error=null
time="2025-11-24 15:06:49" method="GET" path="/segments/a_ac3/gf_a_ac3_101.m4s" status=200 file_size=158884 bytes_sent=158884 dur_ms=27 complete=true error=null
time="2025-11-24 15:06:49" method="GET" path="/segments/v2160orig/gf_v2160orig_100.m4s" status=200 file_size=19618619 bytes_sent=19618619 dur_ms=766 complete=true error=null
time="2025-11-24 15:06:50" method="GET" path="/segments/a_ac3/gf_a_ac3_102.m4s" status=200 file_size=161444 bytes_sent=161444 dur_ms=28 complete=true error=null
time="2025-11-24 15:06:50" method="GET" path="/segments/v2160orig/gf_v2160orig_101.m4s" status=200 file_size=15879445 bytes_sent=15879445 dur_ms=609 complete=true error=null
time="2025-11-24 15:06:50" method="GET" path="/segments/a_ac3/gf_a_ac3_103.m4s" status=200 file_size=158884 bytes_sent=158884 dur_ms=25 complete=true error=null
time="2025-11-24 15:06:51" method="GET" path="/segments/v2160orig/gf_v2160orig_102.m4s" status=200 file_size=15505291 bytes_sent=15505291 dur_ms=629 complete=true error=null
time="2025-11-24 15:06:51" method="GET" path="/segments/a_ac3/gf_a_ac3_104.m4s" status=200 file_size=161444 bytes_sent=161444 dur_ms=28 complete=true error=null
time="2025-11-24 15:06:52" method="GET" path="/segments/v2160orig/gf_v2160orig_103.m4s" status=200 file_size=14347548 bytes_sent=14347548 dur_ms=649 complete=true error=null
time="2025-11-24 15:06:52" method="GET" path="/segments/a_ac3/gf_a_ac3_105.m4s" status=200 file_size=158884 bytes_sent=158884 dur_ms=22 complete=true error=null
time="2025-11-24 15:06:52" method="GET" path="/segments/v2160orig/gf_v2160orig_104.m4s" status=200 file_size=14354116 bytes_sent=14354116 dur_ms=541 complete=true error=null
time="2025-11-24 15:06:52" method="GET" path="/segments/a_ac3/gf_a_ac3_106.m4s" status=200 file_size=161444 bytes_sent=161444 dur_ms=34 complete=true error=null
time="2025-11-24 15:06:53" method="GET" path="/segments/v2160orig/gf_v2160orig_105.m4s" status=200 file_size=16395676 bytes_sent=16395676 dur_ms=618 complete=true error=null
time="2025-11-24 15:06:53" method="GET" path="/segments/a_ac3/gf_a_ac3_107.m4s" status=200 file_size=158884 bytes_sent=158884 dur_ms=24 complete=true error=null
time="2025-11-24 15:06:54" method="GET" path="/segments/v2160orig/gf_v2160orig_106.m4s" status=200 file_size=14501333 bytes_sent=14501333 dur_ms=526 complete=true error=null
time="2025-11-24 15:06:54" method="GET" path="/segments/a_ac3/gf_a_ac3_108.m4s" status=200 file_size=161444 bytes_sent=161444 dur_ms=27 complete=true error=null
time="2025-11-24 15:06:54" method="GET" path="/segments/v2160orig/gf_v2160orig_107.m4s" status=200 file_size=13759306 bytes_sent=13759306 dur_ms=488 complete=true error=null
time="2025-11-24 15:06:54" method="GET" path="/segments/a_ac3/gf_a_ac3_109.m4s" status=200 file_size=158884 bytes_sent=158884 dur_ms=25 complete=true error=null
time="2025-11-24 15:06:55" method="GET" path="/segments/v2160orig/gf_v2160orig_108.m4s" status=200 file_size=9325945 bytes_sent=9325945 dur_ms=406 complete=true error=null
time="2025-11-24 15:06:55" method="GET" path="/segments/a_ac3/gf_a_ac3_110.m4s" status=200 file_size=161444 bytes_sent=161444 dur_ms=29 complete=true error=null
time="2025-11-24 15:06:55" method="GET" path="/segments/v2160orig/gf_v2160orig_109.m4s" status=200 file_size=16599818 bytes_sent=16599818 dur_ms=555 complete=true error=null
time="2025-11-24 15:06:59" method="GET" path="/segments/a_ac3/gf_a_ac3_111.m4s" status=200 file_size=158884 bytes_sent=158884 dur_ms=63 complete=true error=null
time="2025-11-24 15:07:00" method="GET" path="/segments/v2160orig/gf_v2160orig_110.m4s" status=200 file_size=13135819 bytes_sent=13135819 dur_ms=477 complete=true error=null
time="2025-11-24 15:07:00" method="GET" path="/segments/a_ac3/gf_a_ac3_112.m4s" status=200 file_size=161444 bytes_sent=161444 dur_ms=24 complete=true error=null
time="2025-11-24 15:07:00" method="GET" path="/segments/v2160orig/gf_v2160orig_111.m4s" status=200 file_size=11305846 bytes_sent=11305846 dur_ms=389 complete=true error=null
time="2025-11-24 15:07:01" method="GET" path="/segments/a_ac3/gf_a_ac3_113.m4s" status=200 file_size=158884 bytes_sent=158884 dur_ms=45 complete=true error=null
time="2025-11-24 15:07:01" method="GET" path="/segments/v2160orig/gf_v2160orig_112.m4s" status=200 file_size=13160231 bytes_sent=13160231 dur_ms=489 complete=true error=null
time="2025-11-24 15:07:01" method="GET" path="/segments/a_ac3/gf_a_ac3_114.m4s" status=200 file_size=161444 bytes_sent=161444 dur_ms=91 complete=true error=null
time="2025-11-24 15:07:02" method="GET" path="/segments/v2160orig/gf_v2160orig_113.m4s" status=200 file_size=11901946 bytes_sent=11901946 dur_ms=517 complete=true error=null
time="2025-11-24 15:07:07" method="GET" path="/segments/a_ac3/gf_a_ac3_115.m4s" status=200 file_size=158884 bytes_sent=158884 dur_ms=38 complete=true error=null
time="2025-11-24 15:07:08" method="GET" path="/segments/v2160orig/gf_v2160orig_114.m4s" status=200 file_size=16501046 bytes_sent=16501046 dur_ms=661 complete=true error=null
time="2025-11-24 15:07:08" method="GET" path="/segments/a_ac3/gf_a_ac3_116.m4s" status=200 file_size=161444 bytes_sent=161444 dur_ms=30 complete=true error=null
time="2025-11-24 15:07:09" method="GET" path="/segments/v2160orig/gf_v2160orig_115.m4s" status=200 file_size=18832448 bytes_sent=18832448 dur_ms=624 complete=true error=null
time="2025-11-24 15:07:09" method="GET" path="/segments/a_ac3/gf_a_ac3_117.m4s" status=200 file_size=158884 bytes_sent=158884 dur_ms=41 complete=true error=null
time="2025-11-24 15:07:10" method="GET" path="/segments/v2160orig/gf_v2160orig_116.m4s" status=200 file_size=18810749 bytes_sent=18810749 dur_ms=697 complete=true error=null
time="2025-11-24 15:07:10" method="GET" path="/segments/a_ac3/gf_a_ac3_118.m4s" status=200 file_size=161444 bytes_sent=161444 dur_ms=32 complete=true error=null
time="2025-11-24 15:07:11" method="GET" path="/segments/v2160orig/gf_v2160orig_117.m4s" status=200 file_size=21784536 bytes_sent=21784536 dur_ms=911 complete=true error=null
time="2025-11-24 15:07:14" method="GET" path="/godfather.mpd" status=200 file_size=6999 bytes_sent=6999 dur_ms=1 complete=true error=null
time="2025-11-24 15:07:14" method="GET" path="/godfather.mpd" status=200 file_size=6999 bytes_sent=6999 dur_ms=0 complete=true error=null
time="2025-11-24 15:07:15" method="GET" path="/segments/v2160orig/initgf_v2160orig_.mp4" status=200 file_size=1061 bytes_sent=1061 dur_ms=1 complete=true error=null
time="2025-11-24 15:07:15" method="GET" path="/segments/a_ac3/initgf_a_ac3_.mp4" status=200 file_size=836 bytes_sent=836 dur_ms=1 complete=true error=null
time="2025-11-24 15:07:15" method="GET" path="/segments/a_ac3/gf_a_ac3_1.m4s" status=200 file_size=169124 bytes_sent=169124 dur_ms=63 complete=true error=null
time="2025-11-24 15:07:15" method="GET" path="/segments/a_ac3/gf_a_ac3_2.m4s" status=200 file_size=161444 bytes_sent=161444 dur_ms=81 complete=true error=null
time="2025-11-24 15:07:15" method="GET" path="/segments/v2160orig/gf_v2160orig_1.m4s" status=200 file_size=11527988 bytes_sent=11527988 dur_ms=538 complete=true error=null
time="2025-11-24 15:07:15" method="GET" path="/segments/a_ac3/gf_a_ac3_3.m4s" status=200 file_size=158884 bytes_sent=158884 dur_ms=20 complete=true error=null
time="2025-11-24 15:07:16" method="GET" path="/segments/v2160orig/gf_v2160orig_2.m4s" status=200 file_size=11580470 bytes_sent=11580470 dur_ms=509 complete=true error=null
time="2025-11-24 15:07:16" method="GET" path="/segments/a_ac3/gf_a_ac3_4.m4s" status=200 file_size=161444 bytes_sent=161444 dur_ms=24 complete=true error=null
time="2025-11-24 15:07:16" method="GET" path="/segments/v2160orig/gf_v2160orig_3.m4s" status=200 file_size=11755857 bytes_sent=11755857 dur_ms=394 complete=true error=null
time="2025-11-24 15:07:16" method="GET" path="/segments/a_ac3/gf_a_ac3_5.m4s" status=200 file_size=158884 bytes_sent=158884 dur_ms=26 complete=true error=null
time="2025-11-24 15:07:17" method="GET" path="/segments/v2160orig/gf_v2160orig_4.m4s" status=200 file_size=11389434 bytes_sent=11389434 dur_ms=553 complete=true error=null
time="2025-11-24 15:07:17" method="GET" path="/segments/a_ac3/gf_a_ac3_6.m4s" status=200 file_size=161444 bytes_sent=161444 dur_ms=22 complete=true error=null
time="2025-11-24 15:07:17" method="GET" path="/segments/v2160orig/gf_v2160orig_5.m4s" status=200 file_size=11808290 bytes_sent=11808290 dur_ms=588 complete=true error=null
time="2025-11-24 15:07:18" method="GET" path="/segments/a_ac3/gf_a_ac3_7.m4s" status=200 file_size=158884 bytes_sent=158884 dur_ms=16 complete=true error=null
time="2025-11-24 15:07:18" method="GET" path="/segments/v2160orig/gf_v2160orig_6.m4s" status=200 file_size=11415111 bytes_sent=11415111 dur_ms=448 complete=true error=null
time="2025-11-24 15:07:18" method="GET" path="/segments/a_ac3/gf_a_ac3_8.m4s" status=200 file_size=161444 bytes_sent=161444 dur_ms=15 complete=true error=null
time="2025-11-24 15:07:18" method="GET" path="/segments/v2160orig/gf_v2160orig_7.m4s" status=200 file_size=11556470 bytes_sent=11556470 dur_ms=347 complete=true error=null
time="2025-11-24 15:07:19" method="GET" path="/segments/a_ac3/gf_a_ac3_9.m4s" status=200 file_size=158884 bytes_sent=158884 dur_ms=22 complete=true error=null
time="2025-11-24 15:07:19" method="GET" path="/segments/v2160orig/gf_v2160orig_8.m4s" status=200 file_size=11312628 bytes_sent=11312628 dur_ms=505 complete=true error=null
time="2025-11-24 15:07:19" method="GET" path="/segments/a_ac3/gf_a_ac3_10.m4s" status=200 file_size=161444 bytes_sent=161444 dur_ms=18 complete=true error=null
time="2025-11-24 15:07:20" method="GET" path="/segments/v2160orig/gf_v2160orig_9.m4s" status=200 file_size=13782727 bytes_sent=13782727 dur_ms=534 complete=true error=null
time="2025-11-24 15:07:20" method="GET" path="/segments/a_ac3/gf_a_ac3_11.m4s" status=200 file_size=158884 bytes_sent=158884 dur_ms=20 complete=true error=null
time="2025-11-24 15:07:20" method="GET" path="/segments/v2160orig/gf_v2160orig_10.m4s" status=200 file_size=10884729 bytes_sent=10884729 dur_ms=445 complete=true error=null
time="2025-11-24 15:07:20" method="GET" path="/segments/a_ac3/gf_a_ac3_12.m4s" status=200 file_size=161444 bytes_sent=161444 dur_ms=23 complete=true error=null
time="2025-11-24 15:07:21" method="GET" path="/segments/v2160orig/gf_v2160orig_11.m4s" status=200 file_size=11729325 bytes_sent=11729325 dur_ms=535 complete=true error=null
time="2025-11-24 15:07:21" method="GET" path="/segments/a_ac3/gf_a_ac3_13.m4s" status=200 file_size=158884 bytes_sent=158884 dur_ms=16 complete=true error=null
time="2025-11-24 15:07:21" method="GET" path="/segments/v2160orig/gf_v2160orig_12.m4s" status=200 file_size=12686316 bytes_sent=12686316 dur_ms=465 complete=true error=null
time="2025-11-24 15:07:21" method="GET" path="/segments/a_ac3/gf_a_ac3_14.m4s" status=200 file_size=161444 bytes_sent=161444 dur_ms=15 complete=true error=null
time="2025-11-24 15:07:22" method="GET" path="/segments/v2160orig/gf_v2160orig_13.m4s" status=200 file_size=13819949 bytes_sent=13819949 dur_ms=577 complete=true error=null
time="2025-11-24 15:07:22" method="GET" path="/segments/a_ac3/gf_a_ac3_15.m4s" status=200 file_size=158884 bytes_sent=158884 dur_ms=20 complete=true error=null
time="2025-11-24 15:07:23" method="GET" path="/segments/v2160orig/gf_v2160orig_14.m4s" status=200 file_size=15650305 bytes_sent=15650305 dur_ms=668 complete=true error=null
time="2025-11-24 15:07:23" method="GET" path="/segments/a_ac3/gf_a_ac3_16.m4s" status=200 file_size=161444 bytes_sent=161444 dur_ms=31 complete=true error=null
time="2025-11-24 15:07:23" method="GET" path="/segments/v2160orig/gf_v2160orig_15.m4s" status=200 file_size=10461010 bytes_sent=10461010 dur_ms=437 complete=true error=null
time="2025-11-24 15:07:23" method="GET" path="/segments/a_ac3/gf_a_ac3_17.m4s" status=200 file_size=158884 bytes_sent=158884 dur_ms=23 complete=true error=null
time="2025-11-24 15:07:24" method="GET" path="/segments/v2160orig/gf_v2160orig_16.m4s" status=200 file_size=10118757 bytes_sent=10118757 dur_ms=453 complete=true error=null
time="2025-11-24 15:07:32" method="GET" path="/segments/a_ac3/gf_a_ac3_18.m4s" status=200 file_size=161444 bytes_sent=161444 dur_ms=30 complete=true error=null
time="2025-11-24 15:07:33" method="GET" path="/segments/v2160orig/gf_v2160orig_17.m4s" status=200 file_size=11419631 bytes_sent=11419631 dur_ms=620 complete=true error=null
time="2025-11-24 15:07:33" method="GET" path="/segments/a_ac3/gf_a_ac3_19.m4s" status=200 file_size=158884 bytes_sent=158884 dur_ms=34 complete=true error=null
time="2025-11-24 15:07:34" method="GET" path="/segments/v2160orig/gf_v2160orig_18.m4s" status=200 file_size=10501377 bytes_sent=10501377 dur_ms=456 complete=true error=null
time="2025-11-24 15:07:34" method="GET" path="/segments/a_ac3/gf_a_ac3_20.m4s" status=200 file_size=161444 bytes_sent=161444 dur_ms=25 complete=true error=null
time="2025-11-24 15:07:34" method="GET" path="/segments/v2160orig/gf_v2160orig_19.m4s" status=200 file_size=10232717 bytes_sent=10232717 dur_ms=366 complete=true error=null
time="2025-11-24 15:07:34" method="GET" path="/segments/a_ac3/gf_a_ac3_21.m4s" status=200 file_size=158884 bytes_sent=158884 dur_ms=33 complete=true error=null
time="2025-11-24 15:07:35" method="GET" path="/segments/v2160orig/gf_v2160orig_20.m4s" status=200 file_size=10340915 bytes_sent=10340915 dur_ms=403 complete=true error=null
time="2025-11-24 15:07:35" method="GET" path="/segments/a_ac3/gf_a_ac3_22.m4s" status=200 file_size=161444 bytes_sent=161444 dur_ms=25 complete=true error=null
time="2025-11-24 15:07:35" method="GET" path="/segments/v2160orig/gf_v2160orig_21.m4s" status=200 file_size=10453965 bytes_sent=10453965 dur_ms=474 complete=true error=null
time="2025-11-24 15:07:35" method="GET" path="/segments/a_ac3/gf_a_ac3_23.m4s" status=200 file_size=158884 bytes_sent=158884 dur_ms=28 complete=true error=null
time="2025-11-24 15:07:36" method="GET" path="/segments/v2160orig/gf_v2160orig_22.m4s" status=200 file_size=10522277 bytes_sent=10522277 dur_ms=530 complete=true error=null
time="2025-11-24 15:07:36" method="GET" path="/segments/a_ac3/gf_a_ac3_24.m4s" status=200 file_size=161444 bytes_sent=161444 dur_ms=34 complete=true error=null
time="2025-11-24 15:07:36" method="GET" path="/segments/v2160orig/gf_v2160orig_23.m4s" status=200 file_size=12828332 bytes_sent=12828332 dur_ms=574 complete=true error=null
time="2025-11-24 15:07:39" method="GET" path="/segments/a_ac3/gf_a_ac3_101.m4s" status=200 file_size=158884 bytes_sent=158884 dur_ms=26 complete=true error=null
time="2025-11-24 15:07:39" method="GET" path="/segments/a_ac3/gf_a_ac3_102.m4s" status=200 file_size=161444 bytes_sent=161444 dur_ms=47 complete=true error=null
time="2025-11-24 15:07:40" method="GET" path="/segments/v2160orig/gf_v2160orig_101.m4s" status=200 file_size=15879445 bytes_sent=15879445 dur_ms=792 complete=true error=null
time="2025-11-24 15:07:40" method="GET" path="/segments/a_ac3/gf_a_ac3_103.m4s" status=200 file_size=158884 bytes_sent=158884 dur_ms=15 complete=true error=null
time="2025-11-24 15:07:40" method="GET" path="/segments/v2160orig/gf_v2160orig_102.m4s" status=200 file_size=15505291 bytes_sent=15505291 dur_ms=572 complete=true error=null
time="2025-11-24 15:07:40" method="GET" path="/segments/a_ac3/gf_a_ac3_104.m4s" status=200 file_size=161444 bytes_sent=161444 dur_ms=31 complete=true error=null
time="2025-11-24 15:07:41" method="GET" path="/segments/v2160orig/gf_v2160orig_103.m4s" status=200 file_size=14347548 bytes_sent=14347548 dur_ms=565 complete=true error=null
time="2025-11-24 15:07:41" method="GET" path="/segments/a_ac3/gf_a_ac3_105.m4s" status=200 file_size=158884 bytes_sent=158884 dur_ms=16 complete=true error=null
time="2025-11-24 15:07:42" method="GET" path="/segments/v2160orig/gf_v2160orig_104.m4s" status=200 file_size=14354116 bytes_sent=14354116 dur_ms=620 complete=true error=null
time="2025-11-24 15:07:42" method="GET" path="/segments/a_ac3/gf_a_ac3_106.m4s" status=200 file_size=161444 bytes_sent=161444 dur_ms=16 complete=true error=null
time="2025-11-24 15:07:42" method="GET" path="/segments/v2160orig/gf_v2160orig_105.m4s" status=200 file_size=16395676 bytes_sent=16395676 dur_ms=696 complete=true error=null
time="2025-11-24 15:07:42" method="GET" path="/segments/a_ac3/gf_a_ac3_107.m4s" status=200 file_size=158884 bytes_sent=158884 dur_ms=15 complete=true error=null
time="2025-11-24 15:07:44" method="GET" path="/segments/v2160orig/gf_v2160orig_106.m4s" status=200 file_size=14501333 bytes_sent=14501333 dur_ms=768 complete=true error=null
time="2025-11-24 15:07:44" method="GET" path="/segments/a_ac3/gf_a_ac3_108.m4s" status=200 file_size=161444 bytes_sent=161444 dur_ms=18 complete=true error=null
time="2025-11-24 15:07:45" method="GET" path="/segments/v2160orig/gf_v2160orig_107.m4s" status=200 file_size=13759306 bytes_sent=13759306 dur_ms=564 complete=true error=null
time="2025-11-24 15:07:45" method="GET" path="/segments/a_ac3/gf_a_ac3_109.m4s" status=200 file_size=158884 bytes_sent=158884 dur_ms=14 complete=true error=null
time="2025-11-24 15:07:45" method="GET" path="/segments/v2160orig/gf_v2160orig_108.m4s" status=200 file_size=9325945 bytes_sent=9325945 dur_ms=436 complete=true error=null
time="2025-11-24 15:07:45" method="GET" path="/segments/a_ac3/gf_a_ac3_110.m4s" status=200 file_size=161444 bytes_sent=161444 dur_ms=24 complete=true error=null
time="2025-11-24 15:07:46" method="GET" path="/segments/v2160orig/gf_v2160orig_109.m4s" status=200 file_size=16599818 bytes_sent=16599818 dur_ms=750 complete=true error=null
time="2025-11-24 15:07:46" method="GET" path="/segments/a_ac3/gf_a_ac3_111.m4s" status=200 file_size=158884 bytes_sent=158884 dur_ms=16 complete=true error=null
time="2025-11-24 15:07:47" method="GET" path="/segments/v2160orig/gf_v2160orig_110.m4s" status=200 file_size=13135819 bytes_sent=13135819 dur_ms=591 complete=true error=null
time="2025-11-24 15:07:47" method="GET" path="/segments/a_ac3/gf_a_ac3_112.m4s" status=200 file_size=161444 bytes_sent=161444 dur_ms=18 complete=true error=null
time="2025-11-24 15:07:47" method="GET" path="/segments/v2160orig/gf_v2160orig_111.m4s" status=200 file_size=11305846 bytes_sent=11305846 dur_ms=546 complete=true error=null
time="2025-11-24 15:07:48" method="GET" path="/segments/a_ac3/gf_a_ac3_113.m4s" status=200 file_size=158884 bytes_sent=158884 dur_ms=19 complete=true error=null
time="2025-11-24 15:07:48" method="GET" path="/segments/v2160orig/gf_v2160orig_112.m4s" status=200 file_size=13160231 bytes_sent=13160231 dur_ms=665 complete=true error=null
time="2025-11-24 15:07:48" method="GET" path="/segments/a_ac3/gf_a_ac3_114.m4s" status=200 file_size=161444 bytes_sent=161444 dur_ms=21 complete=true error=null
time="2025-11-24 15:07:49" method="GET" path="/segments/v2160orig/gf_v2160orig_113.m4s" status=200 file_size=11901946 bytes_sent=11901946 dur_ms=413 complete=true error=null
time="2025-11-24 15:07:49" method="GET" path="/segments/a_ac3/gf_a_ac3_115.m4s" status=200 file_size=158884 bytes_sent=158884 dur_ms=18 complete=true error=null
time="2025-11-24 15:07:49" method="GET" path="/segments/v2160orig/gf_v2160orig_114.m4s" status=200 file_size=16501046 bytes_sent=16501046 dur_ms=722 complete=true error=null
time="2025-11-24 15:07:50" method="GET" path="/segments/a_ac3/gf_a_ac3_116.m4s" status=200 file_size=161444 bytes_sent=161444 dur_ms=15 complete=true error=null
time="2025-11-24 15:07:50" method="GET" path="/segments/v2160orig/gf_v2160orig_115.m4s" status=200 file_size=18832448 bytes_sent=18832448 dur_ms=873 complete=true error=null
time="2025-11-24 15:07:50" method="GET" path="/segments/a_ac3/gf_a_ac3_117.m4s" status=200 file_size=158884 bytes_sent=158884 dur_ms=16 complete=true error=null
time="2025-11-24 15:07:51" method="GET" path="/segments/v2160orig/gf_v2160orig_116.m4s" status=200 file_size=18810749 bytes_sent=18810749 dur_ms=706 complete=true error=null
time="2025-11-24 15:07:56" method="GET" path="/segments/a_ac3/gf_a_ac3_118.m4s" status=200 file_size=161444 bytes_sent=161444 dur_ms=24 complete=true error=null
time="2025-11-24 15:07:57" method="GET" path="/segments/v2160orig/gf_v2160orig_117.m4s" status=200 file_size=21784536 bytes_sent=21784536 dur_ms=834 complete=true error=null
time="2025-11-24 15:07:57" method="GET" path="/segments/a_ac3/gf_a_ac3_119.m4s" status=200 file_size=158884 bytes_sent=158884 dur_ms=29 complete=true error=null
time="2025-11-24 15:07:58" method="GET" path="/segments/v2160orig/gf_v2160orig_118.m4s" status=200 file_size=22543805 bytes_sent=22543805 dur_ms=1025 complete=true error=null
time="2025-11-24 15:07:58" method="GET" path="/segments/a_ac3/gf_a_ac3_120.m4s" status=200 file_size=161444 bytes_sent=161444 dur_ms=25 complete=true error=null
time="2025-11-24 15:07:59" method="GET" path="/segments/v2160orig/gf_v2160orig_119.m4s" status=200 file_size=22199728 bytes_sent=22199728 dur_ms=841 complete=true error=null
time="2025-11-24 15:08:02" method="GET" path="/segments/a_ac3/gf_a_ac3_121.m4s" status=200 file_size=158884 bytes_sent=158884 dur_ms=38 complete=true error=null
time="2025-11-24 15:08:03" method="GET" path="/segments/v2160orig/gf_v2160orig_120.m4s" status=200 file_size=20260411 bytes_sent=20260411 dur_ms=1008 complete=true error=null
time="2025-11-24 15:08:05" method="GET" path="/segments/a_ac3/gf_a_ac3_122.m4s" status=200 file_size=161444 bytes_sent=161444 dur_ms=58 complete=true error=null
time="2025-11-24 15:08:06" method="GET" path="/segments/v2160orig/gf_v2160orig_121.m4s" status=200 file_size=21112598 bytes_sent=21112598 dur_ms=743 complete=true error=null
time="2025-11-24 15:08:08" method="GET" path="/segments/a_ac3/gf_a_ac3_123.m4s" status=200 file_size=158884 bytes_sent=158884 dur_ms=40 complete=true error=null
time="2025-11-24 15:08:08" method="GET" path="/segments/v2160orig/gf_v2160orig_122.m4s" status=200 file_size=10888527 bytes_sent=10888527 dur_ms=657 complete=true error=null
time="2025-11-24 15:08:09" method="GET" path="/godfather.mpd" status=200 file_size=6999 bytes_sent=6999 dur_ms=0 complete=true error=null
time="2025-11-24 15:08:09" method="GET" path="/godfather.mpd" status=200 file_size=6999 bytes_sent=6999 dur_ms=0 complete=true error=null
time="2025-11-24 15:08:09" method="GET" path="/segments/v2160orig/initgf_v2160orig_.mp4" status=200 file_size=1061 bytes_sent=1061 dur_ms=0 complete=true error=null
time="2025-11-24 15:08:09" method="GET" path="/segments/a_ac3/initgf_a_ac3_.mp4" status=200 file_size=836 bytes_sent=836 dur_ms=0 complete=true error=null
time="2025-11-24 15:08:09" method="GET" path="/segments/a_ac3/gf_a_ac3_1.m4s" status=200 file_size=169124 bytes_sent=169124 dur_ms=21 complete=true error=null
time="2025-11-24 15:08:09" method="GET" path="/segments/a_ac3/gf_a_ac3_2.m4s" status=200 file_size=161444 bytes_sent=161444 dur_ms=21 complete=true error=null
time="2025-11-24 15:08:10" method="GET" path="/segments/v2160orig/gf_v2160orig_1.m4s" status=200 file_size=11527988 bytes_sent=11527988 dur_ms=777 complete=true error=null
time="2025-11-24 15:08:10" method="GET" path="/segments/a_ac3/gf_a_ac3_3.m4s" status=200 file_size=158884 bytes_sent=158884 dur_ms=15 complete=true error=null
time="2025-11-24 15:08:11" method="GET" path="/segments/v2160orig/gf_v2160orig_2.m4s" status=200 file_size=11580470 bytes_sent=11580470 dur_ms=486 complete=true error=null
time="2025-11-24 15:08:11" method="GET" path="/segments/a_ac3/gf_a_ac3_4.m4s" status=200 file_size=161444 bytes_sent=161444 dur_ms=23 complete=true error=null
time="2025-11-24 15:08:11" method="GET" path="/segments/v2160orig/gf_v2160orig_3.m4s" status=200 file_size=11755857 bytes_sent=11755857 dur_ms=471 complete=true error=null
time="2025-11-24 15:08:11" method="GET" path="/segments/a_ac3/gf_a_ac3_5.m4s" status=200 file_size=158884 bytes_sent=158884 dur_ms=25 complete=true error=null
time="2025-11-24 15:08:12" method="GET" path="/segments/v2160orig/gf_v2160orig_4.m4s" status=200 file_size=11389434 bytes_sent=11389434 dur_ms=460 complete=true error=null
time="2025-11-24 15:08:12" method="GET" path="/segments/a_ac3/gf_a_ac3_6.m4s" status=200 file_size=161444 bytes_sent=161444 dur_ms=19 complete=true error=null
time="2025-11-24 15:08:12" method="GET" path="/segments/v2160orig/gf_v2160orig_5.m4s" status=200 file_size=11808290 bytes_sent=11808290 dur_ms=442 complete=true error=null
time="2025-11-24 15:08:12" method="GET" path="/segments/a_ac3/gf_a_ac3_7.m4s" status=200 file_size=158884 bytes_sent=158884 dur_ms=18 complete=true error=null
time="2025-11-24 15:08:13" method="GET" path="/segments/v2160orig/gf_v2160orig_6.m4s" status=200 file_size=11415111 bytes_sent=11415111 dur_ms=444 complete=true error=null
time="2025-11-24 15:08:13" method="GET" path="/segments/a_ac3/gf_a_ac3_8.m4s" status=200 file_size=161444 bytes_sent=161444 dur_ms=20 complete=true error=null
time="2025-11-24 15:08:13" method="GET" path="/segments/v2160orig/gf_v2160orig_7.m4s" status=200 file_size=11556470 bytes_sent=11556470 dur_ms=500 complete=true error=null
time="2025-11-24 15:08:13" method="GET" path="/segments/a_ac3/gf_a_ac3_9.m4s" status=200 file_size=158884 bytes_sent=158884 dur_ms=15 complete=true error=null
time="2025-11-24 15:08:14" method="GET" path="/segments/v2160orig/gf_v2160orig_8.m4s" status=200 file_size=11312628 bytes_sent=11312628 dur_ms=494 complete=true error=null
time="2025-11-24 15:08:14" method="GET" path="/segments/a_ac3/gf_a_ac3_10.m4s" status=200 file_size=161444 bytes_sent=161444 dur_ms=25 complete=true error=null
time="2025-11-24 15:08:14" method="GET" path="/segments/v2160orig/gf_v2160orig_9.m4s" status=200 file_size=13782727 bytes_sent=13782727 dur_ms=518 complete=true error=null
time="2025-11-24 15:08:15" method="GET" path="/segments/a_ac3/gf_a_ac3_11.m4s" status=200 file_size=158884 bytes_sent=158884 dur_ms=13 complete=true error=null
time="2025-11-24 15:08:15" method="GET" path="/segments/v2160orig/gf_v2160orig_10.m4s" status=200 file_size=10884729 bytes_sent=10884729 dur_ms=480 complete=true error=null
time="2025-11-24 15:08:15" method="GET" path="/segments/a_ac3/gf_a_ac3_12.m4s" status=200 file_size=161444 bytes_sent=161444 dur_ms=18 complete=true error=null
time="2025-11-24 15:08:16" method="GET" path="/segments/v2160orig/gf_v2160orig_11.m4s" status=200 file_size=11729325 bytes_sent=11729325 dur_ms=489 complete=true error=null
time="2025-11-24 15:08:16" method="GET" path="/segments/a_ac3/gf_a_ac3_13.m4s" status=200 file_size=158884 bytes_sent=158884 dur_ms=18 complete=true error=null
time="2025-11-24 15:08:16" method="GET" path="/segments/v2160orig/gf_v2160orig_12.m4s" status=200 file_size=12686316 bytes_sent=12686316 dur_ms=518 complete=true error=null
time="2025-11-24 15:08:16" method="GET" path="/segments/a_ac3/gf_a_ac3_14.m4s" status=200 file_size=161444 bytes_sent=161444 dur_ms=40 complete=true error=null
time="2025-11-24 15:08:17" method="GET" path="/segments/v2160orig/gf_v2160orig_13.m4s" status=200 file_size=13819949 bytes_sent=13819949 dur_ms=538 complete=true error=null
time="2025-11-24 15:08:17" method="GET" path="/segments/a_ac3/gf_a_ac3_15.m4s" status=200 file_size=158884 bytes_sent=158884 dur_ms=19 complete=true error=null
time="2025-11-24 15:08:17" method="GET" path="/segments/v2160orig/gf_v2160orig_14.m4s" status=200 file_size=15650305 bytes_sent=15650305 dur_ms=646 complete=true error=null
time="2025-11-24 15:08:18" method="GET" path="/segments/a_ac3/gf_a_ac3_16.m4s" status=200 file_size=161444 bytes_sent=161444 dur_ms=22 complete=true error=null
time="2025-11-24 15:08:18" method="GET" path="/segments/v2160orig/gf_v2160orig_15.m4s" status=200 file_size=10461010 bytes_sent=10461010 dur_ms=421 complete=true error=null
time="2025-11-24 15:08:18" method="GET" path="/segments/a_ac3/gf_a_ac3_17.m4s" status=200 file_size=158884 bytes_sent=158884 dur_ms=15 complete=true error=null
time="2025-11-24 15:08:18" method="GET" path="/segments/v2160orig/gf_v2160orig_16.m4s" status=200 file_size=10118757 bytes_sent=10118757 dur_ms=381 complete=true error=null
time="2025-11-24 15:08:27" method="GET" path="/segments/a_ac3/gf_a_ac3_18.m4s" status=200 file_size=161444 bytes_sent=161444 dur_ms=31 complete=true error=null
time="2025-11-24 15:08:28" method="GET" path="/segments/v2160orig/gf_v2160orig_17.m4s" status=200 file_size=11419631 bytes_sent=11419631 dur_ms=353 complete=true error=null
time="2025-11-24 15:08:28" method="GET" path="/segments/a_ac3/gf_a_ac3_19.m4s" status=200 file_size=158884 bytes_sent=158884 dur_ms=17 complete=true error=null
time="2025-11-24 15:08:28" method="GET" path="/segments/v2160orig/gf_v2160orig_18.m4s" status=200 file_size=10501377 bytes_sent=10501377 dur_ms=410 complete=true error=null
time="2025-11-24 15:08:28" method="GET" path="/segments/a_ac3/gf_a_ac3_20.m4s" status=200 file_size=161444 bytes_sent=161444 dur_ms=24 complete=true error=null
time="2025-11-24 15:08:29" method="GET" path="/segments/v2160orig/gf_v2160orig_19.m4s" status=200 file_size=10232717 bytes_sent=10232717 dur_ms=386 complete=true error=null
time="2025-11-24 15:08:29" method="GET" path="/segments/a_ac3/gf_a_ac3_21.m4s" status=200 file_size=158884 bytes_sent=158884 dur_ms=18 complete=true error=null
time="2025-11-24 15:08:29" method="GET" path="/segments/v2160orig/gf_v2160orig_20.m4s" status=200 file_size=10340915 bytes_sent=10340915 dur_ms=372 complete=true error=null
time="2025-11-24 15:08:29" method="GET" path="/segments/a_ac3/gf_a_ac3_22.m4s" status=200 file_size=161444 bytes_sent=161444 dur_ms=16 complete=true error=null
time="2025-11-24 15:08:30" method="GET" path="/segments/v2160orig/gf_v2160orig_21.m4s" status=200 file_size=10453965 bytes_sent=10453965 dur_ms=401 complete=true error=null
time="2025-11-24 15:08:30" method="GET" path="/segments/a_ac3/gf_a_ac3_23.m4s" status=200 file_size=158884 bytes_sent=158884 dur_ms=21 complete=true error=null
time="2025-11-24 15:08:30" method="GET" path="/segments/v2160orig/gf_v2160orig_22.m4s" status=200 file_size=10522277 bytes_sent=10522277 dur_ms=478 complete=true error=null
time="2025-11-24 15:08:30" method="GET" path="/segments/a_ac3/gf_a_ac3_24.m4s" status=200 file_size=161444 bytes_sent=161444 dur_ms=18 complete=true error=null
time="2025-11-24 15:08:31" method="GET" path="/segments/v2160orig/gf_v2160orig_23.m4s" status=200 file_size=12828332 bytes_sent=12828332 dur_ms=560 complete=true error=null
time="2025-11-24 15:18:16" method="GET" path="/godfather.mpd" status=200 file_size=6999 bytes_sent=6999 dur_ms=9 complete=true error=null
time="2025-11-24 15:18:16" method="GET" path="/godfather.mpd" status=200 file_size=6999 bytes_sent=6999 dur_ms=0 complete=true error=null
time="2025-11-24 15:18:16" method="GET" path="/segments/v2160/initgf_v2160_.mp4" status=200 file_size=999 bytes_sent=999 dur_ms=7 complete=true error=null
time="2025-11-24 15:18:16" method="GET" path="/segments/a_ac3/initgf_a_ac3_.mp4" status=200 file_size=836 bytes_sent=836 dur_ms=7 complete=true error=null
time="2025-11-24 15:18:16" method="GET" path="/segments/a_ac3/gf_a_ac3_1.m4s" status=200 file_size=169124 bytes_sent=169124 dur_ms=29 complete=true error=null
time="2025-11-24 15:18:17" method="GET" path="/segments/v2160/gf_v2160_1.m4s" status=200 file_size=6130396 bytes_sent=6130396 dur_ms=273 complete=true error=null
time="2025-11-24 15:18:17" method="GET" path="/segments/a_ac3/gf_a_ac3_2.m4s" status=200 file_size=161444 bytes_sent=161444 dur_ms=95 complete=true error=null
time="2025-11-24 15:18:17" method="GET" path="/segments/a_ac3/gf_a_ac3_3.m4s" status=200 file_size=158884 bytes_sent=158884 dur_ms=26 complete=true error=null
time="2025-11-24 15:18:17" method="GET" path="/segments/v2160/gf_v2160_2.m4s" status=200 file_size=5040613 bytes_sent=5040613 dur_ms=229 complete=true error=null
time="2025-11-24 15:18:17" method="GET" path="/segments/v2160orig/initgf_v2160orig_.mp4" status=200 file_size=1061 bytes_sent=1061 dur_ms=6 complete=true error=null
time="2025-11-24 15:18:17" method="GET" path="/segments/a_ac3/gf_a_ac3_4.m4s" status=200 file_size=161444 bytes_sent=161444 dur_ms=25 complete=true error=null
time="2025-11-24 15:18:18" method="GET" path="/segments/v2160orig/gf_v2160orig_3.m4s" status=200 file_size=11755857 bytes_sent=11755857 dur_ms=515 complete=true error=null
time="2025-11-24 15:18:18" method="GET" path="/segments/a_ac3/gf_a_ac3_5.m4s" status=200 file_size=158884 bytes_sent=158884 dur_ms=32 complete=true error=null
time="2025-11-24 15:18:18" method="GET" path="/segments/v2160orig/gf_v2160orig_4.m4s" status=200 file_size=11389434 bytes_sent=11389434 dur_ms=361 complete=true error=null
time="2025-11-24 15:18:18" method="GET" path="/segments/v1080/initgf_v1080_.mp4" status=200 file_size=999 bytes_sent=999 dur_ms=6 complete=true error=null
time="2025-11-24 15:18:18" method="GET" path="/segments/a_ac3/gf_a_ac3_6.m4s" status=200 file_size=161444 bytes_sent=161444 dur_ms=33 complete=true error=null
time="2025-11-24 15:18:18" method="GET" path="/segments/v1080/gf_v1080_5.m4s" status=200 file_size=1833065 bytes_sent=1833065 dur_ms=95 complete=true error=null
time="2025-11-24 15:18:18" method="GET" path="/segments/a_ac3/gf_a_ac3_7.m4s" status=200 file_size=158884 bytes_sent=158884 dur_ms=25 complete=true error=null
time="2025-11-24 15:18:19" method="GET" path="/segments/v1080/gf_v1080_6.m4s" status=200 file_size=1690840 bytes_sent=1690840 dur_ms=107 complete=true error=null
time="2025-11-24 15:18:19" method="GET" path="/segments/a_ac3/gf_a_ac3_8.m4s" status=200 file_size=161444 bytes_sent=161444 dur_ms=38 complete=true error=null
time="2025-11-24 15:18:19" method="GET" path="/segments/v2160orig/gf_v2160orig_7.m4s" status=200 file_size=11556470 bytes_sent=11556470 dur_ms=453 complete=true error=null
time="2025-11-24 15:18:19" method="GET" path="/segments/a_ac3/gf_a_ac3_9.m4s" status=200 file_size=158884 bytes_sent=158884 dur_ms=24 complete=true error=null
time="2025-11-24 15:18:20" method="GET" path="/segments/v2160orig/gf_v2160orig_8.m4s" status=200 file_size=11312628 bytes_sent=11312628 dur_ms=395 complete=true error=null
time="2025-11-24 15:18:20" method="GET" path="/segments/a_ac3/gf_a_ac3_10.m4s" status=200 file_size=161444 bytes_sent=161444 dur_ms=25 complete=true error=null
time="2025-11-24 15:18:20" method="GET" path="/segments/v2160orig/gf_v2160orig_9.m4s" status=200 file_size=13782727 bytes_sent=13782727 dur_ms=514 complete=true error=null
time="2025-11-24 15:18:20" method="GET" path="/segments/a_ac3/gf_a_ac3_11.m4s" status=200 file_size=158884 bytes_sent=158884 dur_ms=25 complete=true error=null
time="2025-11-24 15:18:21" method="GET" path="/segments/v2160orig/gf_v2160orig_10.m4s" status=200 file_size=10884729 bytes_sent=10884729 dur_ms=407 complete=true error=null
time="2025-11-24 15:18:21" method="GET" path="/segments/a_ac3/gf_a_ac3_12.m4s" status=200 file_size=161444 bytes_sent=161444 dur_ms=39 complete=true error=null
time="2025-11-24 15:18:21" method="GET" path="/segments/v2160orig/gf_v2160orig_11.m4s" status=200 file_size=11729325 bytes_sent=11729325 dur_ms=468 complete=true error=null
time="2025-11-24 15:18:21" method="GET" path="/segments/a_ac3/gf_a_ac3_13.m4s" status=200 file_size=158884 bytes_sent=158884 dur_ms=29 complete=true error=null
time="2025-11-24 15:18:22" method="GET" path="/segments/v2160orig/gf_v2160orig_12.m4s" status=200 file_size=12686316 bytes_sent=12686316 dur_ms=413 complete=true error=null
time="2025-11-24 15:18:22" method="GET" path="/segments/a_ac3/gf_a_ac3_14.m4s" status=200 file_size=161444 bytes_sent=161444 dur_ms=26 complete=true error=null
time="2025-11-24 15:18:22" method="GET" path="/segments/v2160orig/gf_v2160orig_13.m4s" status=200 file_size=13819949 bytes_sent=13819949 dur_ms=514 complete=true error=null
time="2025-11-24 15:18:22" method="GET" path="/segments/a_ac3/gf_a_ac3_15.m4s" status=200 file_size=158884 bytes_sent=158884 dur_ms=25 complete=true error=null
time="2025-11-24 15:18:22" method="GET" path="/segments/v1080/gf_v1080_14.m4s" status=200 file_size=2095851 bytes_sent=2095851 dur_ms=103 complete=true error=null
time="2025-11-24 15:18:23" method="GET" path="/segments/a_ac3/gf_a_ac3_16.m4s" status=200 file_size=161444 bytes_sent=161444 dur_ms=21 complete=true error=null
time="2025-11-24 15:18:23" method="GET" path="/segments/v1080/gf_v1080_15.m4s" status=200 file_size=1617300 bytes_sent=1617300 dur_ms=99 complete=true error=null
time="2025-11-24 15:18:23" method="GET" path="/segments/a_ac3/gf_a_ac3_17.m4s" status=200 file_size=158884 bytes_sent=158884 dur_ms=23 complete=true error=null
time="2025-11-24 15:18:23" method="GET" path="/segments/v2160orig/gf_v2160orig_16.m4s" status=200 file_size=10118757 bytes_sent=10118757 dur_ms=339 complete=true error=null
time="2025-11-24 15:18:23" method="GET" path="/segments/a_ac3/gf_a_ac3_18.m4s" status=200 file_size=161444 bytes_sent=161444 dur_ms=33 complete=true error=null
time="2025-11-24 15:18:24" method="GET" path="/segments/v2160orig/gf_v2160orig_17.m4s" status=200 file_size=11419631 bytes_sent=11419631 dur_ms=404 complete=true error=null
time="2025-11-24 15:18:24" method="GET" path="/segments/a_ac3/gf_a_ac3_19.m4s" status=200 file_size=158884 bytes_sent=158884 dur_ms=43 complete=true error=null
time="2025-11-24 15:18:24" method="GET" path="/segments/v2160orig/gf_v2160orig_18.m4s" status=200 file_size=10501377 bytes_sent=10501377 dur_ms=357 complete=true error=null
time="2025-11-24 15:18:24" method="GET" path="/segments/a_ac3/gf_a_ac3_20.m4s" status=200 file_size=161444 bytes_sent=161444 dur_ms=27 complete=true error=null
time="2025-11-24 15:18:24" method="GET" path="/segments/v2160orig/gf_v2160orig_19.m4s" status=200 file_size=10232717 bytes_sent=10232717 dur_ms=403 complete=true error=null
time="2025-11-24 15:18:25" method="GET" path="/segments/a_ac3/gf_a_ac3_21.m4s" status=200 file_size=158884 bytes_sent=158884 dur_ms=23 complete=true error=null
time="2025-11-24 15:18:25" method="GET" path="/segments/v2160orig/gf_v2160orig_20.m4s" status=200 file_size=10340915 bytes_sent=10340915 dur_ms=386 complete=true error=null
time="2025-11-24 15:18:42" method="GET" path="/segments/a_ac3/gf_a_ac3_22.m4s" status=200 file_size=161444 bytes_sent=161444 dur_ms=34 complete=true error=null
time="2025-11-24 15:18:42" method="GET" path="/segments/v1080/gf_v1080_21.m4s" status=200 file_size=1785920 bytes_sent=1785920 dur_ms=87 complete=true error=null
time="2025-11-24 15:18:42" method="GET" path="/segments/a_ac3/gf_a_ac3_23.m4s" status=200 file_size=158884 bytes_sent=158884 dur_ms=34 complete=true error=null
time="2025-11-24 15:18:43" method="GET" path="/segments/v1080/gf_v1080_22.m4s" status=200 file_size=1724124 bytes_sent=1724124 dur_ms=107 complete=true error=null
time="2025-11-24 15:18:43" method="GET" path="/segments/a_ac3/gf_a_ac3_24.m4s" status=200 file_size=161444 bytes_sent=161444 dur_ms=33 complete=true error=null
time="2025-11-24 15:18:43" method="GET" path="/segments/v2160orig/gf_v2160orig_23.m4s" status=200 file_size=12828332 bytes_sent=12828332 dur_ms=357 complete=true error=null
time="2025-11-24 15:18:43" method="GET" path="/segments/a_ac3/gf_a_ac3_25.m4s" status=200 file_size=158884 bytes_sent=158884 dur_ms=22 complete=true error=null
time="2025-11-24 15:18:44" method="GET" path="/segments/v2160orig/gf_v2160orig_24.m4s" status=200 file_size=17243190 bytes_sent=17243190 dur_ms=567 complete=true error=null
time="2025-11-24 15:18:44" method="GET" path="/segments/a_ac3/gf_a_ac3_26.m4s" status=200 file_size=161444 bytes_sent=161444 dur_ms=25 complete=true error=null
time="2025-11-24 15:18:44" method="GET" path="/segments/v2160orig/gf_v2160orig_25.m4s" status=200 file_size=17591645 bytes_sent=17591645 dur_ms=598 complete=true error=null
time="2025-11-24 15:18:44" method="GET" path="/segments/a_ac3/gf_a_ac3_27.m4s" status=200 file_size=158884 bytes_sent=158884 dur_ms=30 complete=true error=null
time="2025-11-24 15:18:45" method="GET" path="/segments/v2160orig/gf_v2160orig_26.m4s" status=200 file_size=16979966 bytes_sent=16979966 dur_ms=468 complete=true error=null
time="2025-11-24 15:18:45" method="GET" path="/segments/a_ac3/gf_a_ac3_28.m4s" status=200 file_size=161444 bytes_sent=161444 dur_ms=37 complete=true error=null
time="2025-11-24 15:18:46" method="GET" path="/segments/v2160orig/gf_v2160orig_27.m4s" status=200 file_size=17494473 bytes_sent=17494473 dur_ms=612 complete=true error=null
time="2025-11-24 15:18:46" method="GET" path="/segments/a_ac3/gf_a_ac3_29.m4s" status=200 file_size=158884 bytes_sent=158884 dur_ms=23 complete=true error=null
time="2025-11-24 15:18:46" method="GET" path="/segments/v2160orig/gf_v2160orig_28.m4s" status=200 file_size=13716484 bytes_sent=13716484 dur_ms=542 complete=true error=null
time="2025-11-24 15:18:58" method="GET" path="/segments/a_ac3/gf_a_ac3_30.m4s" status=200 file_size=161444 bytes_sent=161444 dur_ms=48 complete=true error=null
time="2025-11-24 15:18:59" method="GET" path="/segments/v2160orig/gf_v2160orig_29.m4s" status=200 file_size=10031348 bytes_sent=10031348 dur_ms=329 complete=true error=null
time="2025-11-24 15:18:59" method="GET" path="/segments/a_ac3/gf_a_ac3_31.m4s" status=200 file_size=158884 bytes_sent=158884 dur_ms=26 complete=true error=null
time="2025-11-24 15:18:59" method="GET" path="/segments/v2160orig/gf_v2160orig_30.m4s" status=200 file_size=11231824 bytes_sent=11231824 dur_ms=431 complete=true error=null
time="2025-11-24 15:18:59" method="GET" path="/segments/a_ac3/gf_a_ac3_32.m4s" status=200 file_size=161444 bytes_sent=161444 dur_ms=48 complete=true error=null
time="2025-11-24 15:19:00" method="GET" path="/segments/v2160orig/gf_v2160orig_31.m4s" status=499 file_size=10414882 bytes_sent=9502720 dur_ms=406 complete=false error="client_closed"
time="2025-11-24 16:48:14" method="GET" path="/godfather.mpd" status=200 file_size=6999 bytes_sent=6999 dur_ms=11 complete=true error=null
time="2025-11-24 16:48:14" method="GET" path="/godfather.mpd" status=200 file_size=6999 bytes_sent=6999 dur_ms=0 complete=true error=null
time="2025-11-24 16:48:15" method="GET" path="/segments/v2160/initgf_v2160_.mp4" status=200 file_size=999 bytes_sent=999 dur_ms=13 complete=true error=null
time="2025-11-24 16:48:15" method="GET" path="/segments/a_ac3/initgf_a_ac3_.mp4" status=200 file_size=836 bytes_sent=836 dur_ms=15 complete=true error=null
time="2025-11-24 16:48:15" method="GET" path="/segments/v2160/gf_v2160_1.m4s" status=200 file_size=6130396 bytes_sent=6130396 dur_ms=230 complete=true error=null
time="2025-11-24 16:48:15" method="GET" path="/segments/a_ac3/gf_a_ac3_1.m4s" status=200 file_size=169124 bytes_sent=169124 dur_ms=110 complete=true error=null
time="2025-11-24 16:48:15" method="GET" path="/segments/a_ac3/gf_a_ac3_2.m4s" status=200 file_size=161444 bytes_sent=161444 dur_ms=28 complete=true error=null
time="2025-11-24 16:48:15" method="GET" path="/segments/a_ac3/gf_a_ac3_3.m4s" status=200 file_size=158884 bytes_sent=158884 dur_ms=127 complete=true error=null
time="2025-11-24 16:48:15" method="GET" path="/segments/v2160/gf_v2160_2.m4s" status=200 file_size=5040613 bytes_sent=5040613 dur_ms=267 complete=true error=null
time="2025-11-24 16:48:15" method="GET" path="/segments/v2160orig/initgf_v2160orig_.mp4" status=200 file_size=1061 bytes_sent=1061 dur_ms=7 complete=true error=null
time="2025-11-24 16:48:15" method="GET" path="/segments/a_ac3/gf_a_ac3_4.m4s" status=200 file_size=161444 bytes_sent=161444 dur_ms=37 complete=true error=null
time="2025-11-24 16:48:16" method="GET" path="/segments/v2160orig/gf_v2160orig_3.m4s" status=200 file_size=11755857 bytes_sent=11755857 dur_ms=406 complete=true error=null
time="2025-11-24 16:48:16" method="GET" path="/segments/a_ac3/gf_a_ac3_5.m4s" status=200 file_size=158884 bytes_sent=158884 dur_ms=26 complete=true error=null
time="2025-11-24 16:48:16" method="GET" path="/segments/v2160orig/gf_v2160orig_4.m4s" status=200 file_size=11389434 bytes_sent=11389434 dur_ms=443 complete=true error=null
time="2025-11-24 16:48:16" method="GET" path="/segments/a_ac3/gf_a_ac3_6.m4s" status=200 file_size=161444 bytes_sent=161444 dur_ms=24 complete=true error=null
time="2025-11-24 16:48:17" method="GET" path="/segments/v2160orig/gf_v2160orig_5.m4s" status=200 file_size=11808290 bytes_sent=11808290 dur_ms=739 complete=true error=null
time="2025-11-24 16:48:17" method="GET" path="/segments/a_ac3/gf_a_ac3_7.m4s" status=200 file_size=158884 bytes_sent=158884 dur_ms=28 complete=true error=null
time="2025-11-24 16:48:18" method="GET" path="/segments/v2160orig/gf_v2160orig_6.m4s" status=200 file_size=11415111 bytes_sent=11415111 dur_ms=573 complete=true error=null
time="2025-11-24 16:48:18" method="GET" path="/segments/a_ac3/gf_a_ac3_8.m4s" status=200 file_size=161444 bytes_sent=161444 dur_ms=22 complete=true error=null
time="2025-11-24 16:48:18" method="GET" path="/segments/v2160orig/gf_v2160orig_7.m4s" status=200 file_size=11556470 bytes_sent=11556470 dur_ms=370 complete=true error=null
time="2025-11-24 16:48:18" method="GET" path="/segments/v1080/initgf_v1080_.mp4" status=200 file_size=999 bytes_sent=999 dur_ms=7 complete=true error=null
time="2025-11-24 16:48:18" method="GET" path="/segments/a_ac3/gf_a_ac3_9.m4s" status=200 file_size=158884 bytes_sent=158884 dur_ms=31 complete=true error=null
time="2025-11-24 16:48:18" method="GET" path="/segments/v1080/gf_v1080_8.m4s" status=200 file_size=1723729 bytes_sent=1723729 dur_ms=127 complete=true error=null
time="2025-11-24 16:48:19" method="GET" path="/segments/a_ac3/gf_a_ac3_10.m4s" status=200 file_size=161444 bytes_sent=161444 dur_ms=44 complete=true error=null
time="2025-11-24 16:48:19" method="GET" path="/segments/v2160orig/gf_v2160orig_9.m4s" status=200 file_size=13782727 bytes_sent=13782727 dur_ms=562 complete=true error=null
time="2025-11-24 16:48:19" method="GET" path="/segments/a_ac3/gf_a_ac3_11.m4s" status=200 file_size=158884 bytes_sent=158884 dur_ms=21 complete=true error=null
time="2025-11-24 16:48:20" method="GET" path="/segments/v2160orig/gf_v2160orig_10.m4s" status=200 file_size=10884729 bytes_sent=10884729 dur_ms=423 complete=true error=null
time="2025-11-24 16:48:20" method="GET" path="/segments/a_ac3/gf_a_ac3_12.m4s" status=200 file_size=161444 bytes_sent=161444 dur_ms=53 complete=true error=null
time="2025-11-24 16:48:20" method="GET" path="/segments/v2160orig/gf_v2160orig_11.m4s" status=200 file_size=11729325 bytes_sent=11729325 dur_ms=508 complete=true error=null
time="2025-11-24 16:48:20" method="GET" path="/segments/a_ac3/gf_a_ac3_13.m4s" status=200 file_size=158884 bytes_sent=158884 dur_ms=26 complete=true error=null
time="2025-11-24 16:48:21" method="GET" path="/segments/v2160orig/gf_v2160orig_12.m4s" status=200 file_size=12686316 bytes_sent=12686316 dur_ms=423 complete=true error=null
time="2025-11-24 16:48:21" method="GET" path="/segments/a_ac3/gf_a_ac3_14.m4s" status=200 file_size=161444 bytes_sent=161444 dur_ms=26 complete=true error=null
time="2025-11-24 16:48:21" method="GET" path="/segments/v2160orig/gf_v2160orig_13.m4s" status=200 file_size=13819949 bytes_sent=13819949 dur_ms=570 complete=true error=null
time="2025-11-24 16:48:21" method="GET" path="/segments/a_ac3/gf_a_ac3_15.m4s" status=200 file_size=158884 bytes_sent=158884 dur_ms=24 complete=true error=null
time="2025-11-24 16:48:22" method="GET" path="/segments/v2160orig/gf_v2160orig_14.m4s" status=200 file_size=15650305 bytes_sent=15650305 dur_ms=686 complete=true error=null
time="2025-11-24 16:48:22" method="GET" path="/segments/a_ac3/gf_a_ac3_16.m4s" status=200 file_size=161444 bytes_sent=161444 dur_ms=21 complete=true error=null
time="2025-11-24 16:48:23" method="GET" path="/segments/v2160orig/gf_v2160orig_15.m4s" status=200 file_size=10461010 bytes_sent=10461010 dur_ms=541 complete=true error=null
time="2025-11-24 16:48:23" method="GET" path="/segments/a_ac3/gf_a_ac3_17.m4s" status=200 file_size=158884 bytes_sent=158884 dur_ms=24 complete=true error=null
time="2025-11-24 16:48:23" method="GET" path="/segments/v2160orig/gf_v2160orig_16.m4s" status=200 file_size=10118757 bytes_sent=10118757 dur_ms=430 complete=true error=null
time="2025-11-24 16:48:23" method="GET" path="/segments/a_ac3/gf_a_ac3_18.m4s" status=200 file_size=161444 bytes_sent=161444 dur_ms=24 complete=true error=null
time="2025-11-24 16:48:24" method="GET" path="/segments/v2160orig/gf_v2160orig_17.m4s" status=200 file_size=11419631 bytes_sent=11419631 dur_ms=482 complete=true error=null
time="2025-11-24 16:48:35" method="GET" path="/segments/a_ac3/gf_a_ac3_19.m4s" status=200 file_size=158884 bytes_sent=158884 dur_ms=57 complete=true error=null
time="2025-11-24 16:48:35" method="GET" path="/segments/v1080/gf_v1080_18.m4s" status=200 file_size=1555187 bytes_sent=1555187 dur_ms=91 complete=true error=null
time="2025-11-24 16:48:35" method="GET" path="/segments/a_ac3/gf_a_ac3_20.m4s" status=200 file_size=161444 bytes_sent=161444 dur_ms=21 complete=true error=null
time="2025-11-24 16:48:35" method="GET" path="/segments/v1080/gf_v1080_19.m4s" status=200 file_size=1765295 bytes_sent=1765295 dur_ms=104 complete=true error=null
time="2025-11-24 16:48:35" method="GET" path="/segments/a_ac3/gf_a_ac3_21.m4s" status=200 file_size=158884 bytes_sent=158884 dur_ms=24 complete=true error=null
time="2025-11-24 16:48:35" method="GET" path="/segments/v2160orig/gf_v2160orig_20.m4s" status=200 file_size=10340915 bytes_sent=10340915 dur_ms=482 complete=true error=null
time="2025-11-24 16:48:36" method="GET" path="/segments/a_ac3/gf_a_ac3_22.m4s" status=200 file_size=161444 bytes_sent=161444 dur_ms=25 complete=true error=null
time="2025-11-24 16:48:36" method="GET" path="/segments/v2160orig/gf_v2160orig_21.m4s" status=200 file_size=10453965 bytes_sent=10453965 dur_ms=457 complete=true error=null
time="2025-11-24 16:48:36" method="GET" path="/segments/a_ac3/gf_a_ac3_23.m4s" status=200 file_size=158884 bytes_sent=158884 dur_ms=28 complete=true error=null
time="2025-11-24 16:48:37" method="GET" path="/segments/v2160orig/gf_v2160orig_22.m4s" status=200 file_size=10522277 bytes_sent=10522277 dur_ms=507 complete=true error=null
time="2025-11-24 16:48:37" method="GET" path="/segments/a_ac3/gf_a_ac3_24.m4s" status=200 file_size=161444 bytes_sent=161444 dur_ms=22 complete=true error=null
time="2025-11-24 16:48:37" method="GET" path="/segments/v2160orig/gf_v2160orig_23.m4s" status=200 file_size=12828332 bytes_sent=12828332 dur_ms=447 complete=true error=null
time="2025-11-24 16:48:37" method="GET" path="/segments/a_ac3/gf_a_ac3_25.m4s" status=200 file_size=158884 bytes_sent=158884 dur_ms=26 complete=true error=null
time="2025-11-24 16:48:38" method="GET" path="/segments/v2160orig/gf_v2160orig_24.m4s" status=200 file_size=17243190 bytes_sent=17243190 dur_ms=642 complete=true error=null
time="2025-11-24 16:48:38" method="GET" path="/segments/a_ac3/gf_a_ac3_26.m4s" status=200 file_size=161444 bytes_sent=161444 dur_ms=23 complete=true error=null
time="2025-11-24 16:48:39" method="GET" path="/segments/v2160orig/gf_v2160orig_25.m4s" status=200 file_size=17591645 bytes_sent=17591645 dur_ms=743 complete=true error=null
time="2025-11-24 16:48:51" method="GET" path="/segments/a_ac3/gf_a_ac3_27.m4s" status=200 file_size=158884 bytes_sent=158884 dur_ms=97 complete=true error=null
time="2025-11-24 16:48:51" method="GET" path="/segments/v2160orig/gf_v2160orig_26.m4s" status=200 file_size=16979966 bytes_sent=16979966 dur_ms=835 complete=true error=null
time="2025-11-24 16:48:52" method="GET" path="/segments/a_ac3/gf_a_ac3_28.m4s" status=200 file_size=161444 bytes_sent=161444 dur_ms=53 complete=true error=null
time="2025-11-24 16:48:52" method="GET" path="/segments/v2160orig/gf_v2160orig_27.m4s" status=200 file_size=17494473 bytes_sent=17494473 dur_ms=554 complete=true error=null
time="2025-11-24 16:48:52" method="GET" path="/segments/a_ac3/gf_a_ac3_29.m4s" status=200 file_size=158884 bytes_sent=158884 dur_ms=22 complete=true error=null
time="2025-11-24 16:48:52" method="GET" path="/segments/v1080/gf_v1080_28.m4s" status=200 file_size=1400574 bytes_sent=1400574 dur_ms=100 complete=true error=null
time="2025-11-24 16:48:52" method="GET" path="/segments/a_ac3/gf_a_ac3_30.m4s" status=200 file_size=161444 bytes_sent=161444 dur_ms=24 complete=true error=null
time="2025-11-24 16:48:53" method="GET" path="/segments/v2160orig/gf_v2160orig_29.m4s" status=200 file_size=10031348 bytes_sent=10031348 dur_ms=415 complete=true error=null
time="2025-11-24 16:48:53" method="GET" path="/segments/a_ac3/gf_a_ac3_31.m4s" status=200 file_size=158884 bytes_sent=158884 dur_ms=29 complete=true error=null
time="2025-11-24 16:48:53" method="GET" path="/segments/v2160orig/gf_v2160orig_30.m4s" status=200 file_size=11231824 bytes_sent=11231824 dur_ms=480 complete=true error=null
time="2025-11-24 16:48:53" method="GET" path="/segments/a_ac3/gf_a_ac3_32.m4s" status=200 file_size=161444 bytes_sent=161444 dur_ms=24 complete=true error=null
time="2025-11-24 16:48:54" method="GET" path="/segments/v2160orig/gf_v2160orig_31.m4s" status=200 file_size=10414882 bytes_sent=10414882 dur_ms=491 complete=true error=null
time="2025-11-24 16:49:03" method="GET" path="/segments/a_ac3/gf_a_ac3_33.m4s" status=200 file_size=158884 bytes_sent=158884 dur_ms=41 complete=true error=null
time="2025-11-24 16:49:03" method="GET" path="/segments/v2160orig/gf_v2160orig_32.m4s" status=200 file_size=10119187 bytes_sent=10119187 dur_ms=396 complete=true error=null
time="2025-11-24 16:49:03" method="GET" path="/segments/a_ac3/gf_a_ac3_34.m4s" status=200 file_size=161444 bytes_sent=161444 dur_ms=22 complete=true error=null
time="2025-11-24 16:49:04" method="GET" path="/segments/v2160orig/gf_v2160orig_33.m4s" status=200 file_size=9992752 bytes_sent=9992752 dur_ms=415 complete=true error=null
time="2025-11-24 16:49:04" method="GET" path="/segments/a_ac3/gf_a_ac3_35.m4s" status=200 file_size=158884 bytes_sent=158884 dur_ms=26 complete=true error=null
time="2025-11-24 16:49:04" method="GET" path="/segments/v2160orig/gf_v2160orig_34.m4s" status=200 file_size=14834560 bytes_sent=14834560 dur_ms=528 complete=true error=null
time="2025-11-24 16:49:04" method="GET" path="/segments/a_ac3/gf_a_ac3_36.m4s" status=200 file_size=161444 bytes_sent=161444 dur_ms=24 complete=true error=null
time="2025-11-24 16:49:05" method="GET" path="/segments/v2160orig/gf_v2160orig_35.m4s" status=200 file_size=16733878 bytes_sent=16733878 dur_ms=664 complete=true error=null
time="2025-11-24 16:49:05" method="GET" path="/segments/a_ac3/gf_a_ac3_37.m4s" status=200 file_size=158884 bytes_sent=158884 dur_ms=31 complete=true error=null
time="2025-11-24 16:49:05" method="GET" path="/segments/v2160orig/gf_v2160orig_36.m4s" status=200 file_size=11246450 bytes_sent=11246450 dur_ms=516 complete=true error=null
time="2025-11-24 16:49:06" method="GET" path="/segments/a_ac3/gf_a_ac3_38.m4s" status=200 file_size=161444 bytes_sent=161444 dur_ms=27 complete=true error=null
time="2025-11-24 16:49:06" method="GET" path="/segments/v1080/gf_v1080_37.m4s" status=200 file_size=1646140 bytes_sent=1646140 dur_ms=109 complete=true error=null
time="2025-11-24 16:49:06" method="GET" path="/segments/a_ac3/gf_a_ac3_39.m4s" status=200 file_size=158884 bytes_sent=158884 dur_ms=25 complete=true error=null
time="2025-11-24 16:49:06" method="GET" path="/segments/v2160orig/gf_v2160orig_38.m4s" status=200 file_size=11012854 bytes_sent=11012854 dur_ms=450 complete=true error=null
time="2025-11-24 16:49:17" method="GET" path="/segments/a_ac3/gf_a_ac3_40.m4s" status=200 file_size=161444 bytes_sent=161444 dur_ms=50 complete=true error=null
time="2025-11-24 16:49:17" method="GET" path="/segments/v2160orig/gf_v2160orig_39.m4s" status=200 file_size=17200715 bytes_sent=17200715 dur_ms=760 complete=true error=null
time="2025-11-24 16:49:17" method="GET" path="/segments/a_ac3/gf_a_ac3_41.m4s" status=200 file_size=158884 bytes_sent=158884 dur_ms=33 complete=true error=null
time="2025-11-24 16:49:18" method="GET" path="/segments/v2160orig/gf_v2160orig_40.m4s" status=200 file_size=16515260 bytes_sent=16515260 dur_ms=557 complete=true error=null
time="2025-11-24 16:49:18" method="GET" path="/segments/a_ac3/gf_a_ac3_42.m4s" status=200 file_size=161444 bytes_sent=161444 dur_ms=42 complete=true error=null
time="2025-11-24 16:49:19" method="GET" path="/segments/v2160orig/gf_v2160orig_41.m4s" status=200 file_size=16828935 bytes_sent=16828935 dur_ms=557 complete=true error=null
time="2025-11-24 16:49:19" method="GET" path="/segments/a_ac3/gf_a_ac3_43.m4s" status=200 file_size=158884 bytes_sent=158884 dur_ms=31 complete=true error=null
time="2025-11-24 16:49:19" method="GET" path="/segments/v2160orig/gf_v2160orig_42.m4s" status=200 file_size=17797138 bytes_sent=17797138 dur_ms=670 complete=true error=null
time="2025-11-24 16:49:20" method="GET" path="/segments/a_ac3/gf_a_ac3_44.m4s" status=200 file_size=161444 bytes_sent=161444 dur_ms=26 complete=true error=null
time="2025-11-24 16:49:20" method="GET" path="/segments/v1080/gf_v1080_43.m4s" status=200 file_size=1176025 bytes_sent=1176025 dur_ms=95 complete=true error=null
time="2025-11-24 16:49:20" method="GET" path="/segments/a_ac3/gf_a_ac3_45.m4s" status=200 file_size=158884 bytes_sent=158884 dur_ms=22 complete=true error=null
time="2025-11-24 16:49:20" method="GET" path="/segments/v2160orig/gf_v2160orig_44.m4s" status=200 file_size=15174980 bytes_sent=15174980 dur_ms=521 complete=true error=null
time="2025-11-24 16:49:29" method="GET" path="/segments/a_ac3/gf_a_ac3_46.m4s" status=200 file_size=161444 bytes_sent=161444 dur_ms=41 complete=true error=null
time="2025-11-24 16:49:29" method="GET" path="/segments/v2160orig/gf_v2160orig_45.m4s" status=200 file_size=20762868 bytes_sent=20762868 dur_ms=661 complete=true error=null
time="2025-11-24 16:49:29" method="GET" path="/segments/a_ac3/gf_a_ac3_47.m4s" status=200 file_size=158884 bytes_sent=158884 dur_ms=28 complete=true error=null
time="2025-11-24 16:49:30" method="GET" path="/segments/v2160orig/gf_v2160orig_46.m4s" status=200 file_size=12001314 bytes_sent=12001314 dur_ms=491 complete=true error=null
time="2025-11-24 16:49:30" method="GET" path="/segments/a_ac3/gf_a_ac3_48.m4s" status=200 file_size=161444 bytes_sent=161444 dur_ms=31 complete=true error=null
time="2025-11-24 16:49:30" method="GET" path="/segments/v2160orig/gf_v2160orig_47.m4s" status=200 file_size=11868856 bytes_sent=11868856 dur_ms=381 complete=true error=null
time="2025-11-24 16:49:30" method="GET" path="/segments/a_ac3/gf_a_ac3_49.m4s" status=200 file_size=158884 bytes_sent=158884 dur_ms=21 complete=true error=null
time="2025-11-24 16:49:31" method="GET" path="/segments/v2160orig/gf_v2160orig_48.m4s" status=200 file_size=11724310 bytes_sent=11724310 dur_ms=404 complete=true error=null
time="2025-11-24 16:49:37" method="GET" path="/segments/a_ac3/gf_a_ac3_50.m4s" status=200 file_size=161444 bytes_sent=161444 dur_ms=32 complete=true error=null
time="2025-11-24 16:49:37" method="GET" path="/segments/v1080/gf_v1080_49.m4s" status=200 file_size=1768637 bytes_sent=1768637 dur_ms=105 complete=true error=null
time="2025-11-24 16:49:37" method="GET" path="/segments/a_ac3/gf_a_ac3_51.m4s" status=200 file_size=158884 bytes_sent=158884 dur_ms=23 complete=true error=null
time="2025-11-24 16:49:37" method="GET" path="/segments/v1080/gf_v1080_50.m4s" status=200 file_size=1733886 bytes_sent=1733886 dur_ms=105 complete=true error=null
time="2025-11-24 16:49:37" method="GET" path="/segments/a_ac3/gf_a_ac3_52.m4s" status=200 file_size=161444 bytes_sent=161444 dur_ms=31 complete=true error=null
time="2025-11-24 16:49:37" method="GET" path="/segments/v2160orig/gf_v2160orig_51.m4s" status=200 file_size=11769534 bytes_sent=11769534 dur_ms=366 complete=true error=null
time="2025-11-24 16:49:37" method="GET" path="/segments/a_ac3/gf_a_ac3_53.m4s" status=200 file_size=158884 bytes_sent=158884 dur_ms=31 complete=true error=null
time="2025-11-24 16:49:38" method="GET" path="/segments/v2160orig/gf_v2160orig_52.m4s" status=200 file_size=13629874 bytes_sent=13629874 dur_ms=441 complete=true error=null
time="2025-11-24 16:49:38" method="GET" path="/segments/a_ac3/gf_a_ac3_54.m4s" status=200 file_size=161444 bytes_sent=161444 dur_ms=23 complete=true error=null
time="2025-11-24 16:49:39" method="GET" path="/segments/v2160orig/gf_v2160orig_53.m4s" status=200 file_size=16311393 bytes_sent=16311393 dur_ms=647 complete=true error=null
time="2025-11-24 16:49:39" method="GET" path="/segments/a_ac3/gf_a_ac3_55.m4s" status=200 file_size=158884 bytes_sent=158884 dur_ms=27 complete=true error=null
time="2025-11-24 16:49:39" method="GET" path="/segments/v2160orig/gf_v2160orig_54.m4s" status=200 file_size=16421694 bytes_sent=16421694 dur_ms=613 complete=true error=null
time="2025-11-24 16:49:49" method="GET" path="/segments/a_ac3/gf_a_ac3_56.m4s" status=200 file_size=161444 bytes_sent=161444 dur_ms=33 complete=true error=null
time="2025-11-24 16:49:50" method="GET" path="/segments/v2160orig/gf_v2160orig_55.m4s" status=200 file_size=16627035 bytes_sent=16627035 dur_ms=859 complete=true error=null
time="2025-11-24 16:49:50" method="GET" path="/segments/a_ac3/gf_a_ac3_57.m4s" status=200 file_size=158884 bytes_sent=158884 dur_ms=27 complete=true error=null
time="2025-11-24 16:49:50" method="GET" path="/segments/v2160orig/gf_v2160orig_56.m4s" status=200 file_size=17158058 bytes_sent=17158058 dur_ms=678 complete=true error=null
time="2025-11-24 16:49:50" method="GET" path="/segments/a_ac3/gf_a_ac3_58.m4s" status=200 file_size=161444 bytes_sent=161444 dur_ms=27 complete=true error=null
time="2025-11-24 16:49:51" method="GET" path="/segments/v2160orig/gf_v2160orig_57.m4s" status=200 file_size=17091642 bytes_sent=17091642 dur_ms=639 complete=true error=null
time="2025-11-24 16:49:51" method="GET" path="/segments/a_ac3/gf_a_ac3_59.m4s" status=200 file_size=158884 bytes_sent=158884 dur_ms=32 complete=true error=null
time="2025-11-24 16:49:51" method="GET" path="/segments/v1080/gf_v1080_58.m4s" status=200 file_size=1705105 bytes_sent=1705105 dur_ms=118 complete=true error=null
time="2025-11-24 16:49:51" method="GET" path="/segments/a_ac3/gf_a_ac3_60.m4s" status=200 file_size=161444 bytes_sent=161444 dur_ms=25 complete=true error=null
time="2025-11-24 16:49:52" method="GET" path="/segments/v2160orig/gf_v2160orig_59.m4s" status=200 file_size=16301958 bytes_sent=16301958 dur_ms=602 complete=true error=null
time="2025-11-24 16:49:52" method="GET" path="/segments/a_ac3/gf_a_ac3_61.m4s" status=200 file_size=158884 bytes_sent=158884 dur_ms=21 complete=true error=null
time="2025-11-24 16:49:53" method="GET" path="/segments/v2160orig/gf_v2160orig_60.m4s" status=200 file_size=29315058 bytes_sent=29315058 dur_ms=820 complete=true error=null
time="2025-11-24 16:50:01" method="GET" path="/segments/a_ac3/gf_a_ac3_62.m4s" status=200 file_size=161444 bytes_sent=161444 dur_ms=46 complete=true error=null
time="2025-11-24 16:50:02" method="GET" path="/segments/v2160orig/gf_v2160orig_61.m4s" status=200 file_size=22792489 bytes_sent=22792489 dur_ms=975 complete=true error=null
time="2025-11-24 16:50:03" method="GET" path="/segments/a_ac3/gf_a_ac3_63.m4s" status=200 file_size=158884 bytes_sent=158884 dur_ms=48 complete=true error=null
time="2025-11-24 16:50:03" method="GET" path="/segments/v2160orig/gf_v2160orig_62.m4s" status=200 file_size=14546787 bytes_sent=14546787 dur_ms=687 complete=true error=null
time="2025-11-24 16:50:05" method="GET" path="/segments/a_ac3/gf_a_ac3_64.m4s" status=200 file_size=161444 bytes_sent=161444 dur_ms=36 complete=true error=null
time="2025-11-24 16:50:05" method="GET" path="/segments/v2160orig/gf_v2160orig_63.m4s" status=200 file_size=14861192 bytes_sent=14861192 dur_ms=737 complete=true error=null
time="2025-11-24 16:50:06" method="GET" path="/segments/a_ac3/gf_a_ac3_65.m4s" status=200 file_size=158884 bytes_sent=158884 dur_ms=26 complete=true error=null
time="2025-11-24 16:50:06" method="GET" path="/segments/v2160orig/gf_v2160orig_64.m4s" status=200 file_size=14945894 bytes_sent=14945894 dur_ms=532 complete=true error=null
time="2025-11-24 16:50:09" method="GET" path="/segments/a_ac3/gf_a_ac3_66.m4s" status=200 file_size=161444 bytes_sent=161444 dur_ms=43 complete=true error=null
time="2025-11-24 16:50:10" method="GET" path="/segments/v2160orig/gf_v2160orig_65.m4s" status=200 file_size=15381350 bytes_sent=15381350 dur_ms=811 complete=true error=null
time="2025-11-24 16:50:10" method="GET" path="/segments/a_ac3/gf_a_ac3_67.m4s" status=200 file_size=158884 bytes_sent=158884 dur_ms=33 complete=true error=null
time="2025-11-24 16:50:10" method="GET" path="/segments/v2160orig/gf_v2160orig_66.m4s" status=200 file_size=15153734 bytes_sent=15153734 dur_ms=705 complete=true error=null
time="2025-11-24 16:50:13" method="GET" path="/segments/a_ac3/gf_a_ac3_68.m4s" status=200 file_size=161444 bytes_sent=161444 dur_ms=37 complete=true error=null
time="2025-11-24 16:50:14" method="GET" path="/segments/v2160orig/gf_v2160orig_67.m4s" status=200 file_size=14061142 bytes_sent=14061142 dur_ms=1014 complete=true error=null
time="2025-11-24 16:50:15" method="GET" path="/segments/a_ac3/gf_a_ac3_69.m4s" status=200 file_size=158884 bytes_sent=158884 dur_ms=35 complete=true error=null
time="2025-11-24 16:50:16" method="GET" path="/segments/v2160orig/gf_v2160orig_68.m4s" status=200 file_size=10706592 bytes_sent=10706592 dur_ms=954 complete=true error=null
time="2025-11-24 16:50:16" method="GET" path="/segments/a_ac3/gf_a_ac3_70.m4s" status=200 file_size=161444 bytes_sent=161444 dur_ms=25 complete=true error=null
time="2025-11-24 16:50:16" method="GET" path="/segments/v2160orig/gf_v2160orig_69.m4s" status=200 file_size=10282630 bytes_sent=10282630 dur_ms=495 complete=true error=null
time="2025-11-24 16:50:16" method="GET" path="/segments/a_ac3/gf_a_ac3_71.m4s" status=200 file_size=158884 bytes_sent=158884 dur_ms=30 complete=true error=null
time="2025-11-24 16:50:17" method="GET" path="/segments/v2160orig/gf_v2160orig_70.m4s" status=200 file_size=11547543 bytes_sent=11547543 dur_ms=410 complete=true error=null
time="2025-11-24 16:50:21" method="GET" path="/segments/a_ac3/gf_a_ac3_72.m4s" status=200 file_size=161444 bytes_sent=161444 dur_ms=40 complete=true error=null
time="2025-11-24 16:50:21" method="GET" path="/segments/v2160orig/gf_v2160orig_71.m4s" status=200 file_size=8424547 bytes_sent=8424547 dur_ms=339 complete=true error=null
time="2025-11-24 16:50:21" method="GET" path="/segments/a_ac3/gf_a_ac3_73.m4s" status=200 file_size=158884 bytes_sent=158884 dur_ms=25 complete=true error=null
time="2025-11-24 16:50:22" method="GET" path="/segments/v2160orig/gf_v2160orig_72.m4s" status=200 file_size=8048678 bytes_sent=8048678 dur_ms=317 complete=true error=null
time="2025-11-24 16:50:22" method="GET" path="/segments/a_ac3/gf_a_ac3_74.m4s" status=200 file_size=161444 bytes_sent=161444 dur_ms=23 complete=true error=null
time="2025-11-24 16:50:22" method="GET" path="/segments/v2160orig/gf_v2160orig_73.m4s" status=200 file_size=7106118 bytes_sent=7106118 dur_ms=330 complete=true error=null
time="2025-11-24 16:50:22" method="GET" path="/segments/a_ac3/gf_a_ac3_75.m4s" status=200 file_size=158884 bytes_sent=158884 dur_ms=28 complete=true error=null
time="2025-11-24 16:50:22" method="GET" path="/segments/v2160orig/gf_v2160orig_74.m4s" status=200 file_size=6718546 bytes_sent=6718546 dur_ms=313 complete=true error=null
time="2025-11-24 16:50:23" method="GET" path="/segments/a_ac3/gf_a_ac3_76.m4s" status=200 file_size=161444 bytes_sent=161444 dur_ms=24 complete=true error=null
time="2025-11-24 16:50:23" method="GET" path="/segments/v2160orig/gf_v2160orig_75.m4s" status=200 file_size=6322799 bytes_sent=6322799 dur_ms=291 complete=true error=null
time="2025-11-24 16:50:23" method="GET" path="/segments/a_ac3/gf_a_ac3_77.m4s" status=200 file_size=158884 bytes_sent=158884 dur_ms=27 complete=true error=null
time="2025-11-24 16:50:23" method="GET" path="/segments/v2160orig/gf_v2160orig_76.m4s" status=200 file_size=16437087 bytes_sent=16437087 dur_ms=608 complete=true error=null
time="2025-11-24 16:50:24" method="GET" path="/segments/a_ac3/gf_a_ac3_78.m4s" status=200 file_size=161444 bytes_sent=161444 dur_ms=28 complete=true error=null
time="2025-11-24 16:50:24" method="GET" path="/segments/v2160orig/gf_v2160orig_77.m4s" status=200 file_size=13913066 bytes_sent=13913066 dur_ms=647 complete=true error=null
time="2025-11-24 16:50:35" method="GET" path="/segments/a_ac3/gf_a_ac3_79.m4s" status=200 file_size=158884 bytes_sent=158884 dur_ms=33 complete=true error=null
time="2025-11-24 16:50:35" method="GET" path="/segments/v2160orig/gf_v2160orig_78.m4s" status=200 file_size=11815673 bytes_sent=11815673 dur_ms=431 complete=true error=null
time="2025-11-24 16:50:35" method="GET" path="/segments/a_ac3/gf_a_ac3_80.m4s" status=200 file_size=161444 bytes_sent=161444 dur_ms=26 complete=true error=null
time="2025-11-24 16:50:36" method="GET" path="/segments/v2160orig/gf_v2160orig_79.m4s" status=200 file_size=14557587 bytes_sent=14557587 dur_ms=526 complete=true error=null
time="2025-11-24 16:50:36" method="GET" path="/segments/a_ac3/gf_a_ac3_81.m4s" status=200 file_size=158884 bytes_sent=158884 dur_ms=30 complete=true error=null
time="2025-11-24 16:50:36" method="GET" path="/segments/v1080/gf_v1080_80.m4s" status=200 file_size=1749418 bytes_sent=1749418 dur_ms=109 complete=true error=null
time="2025-11-24 16:50:36" method="GET" path="/segments/a_ac3/gf_a_ac3_82.m4s" status=200 file_size=161444 bytes_sent=161444 dur_ms=23 complete=true error=null
time="2025-11-24 16:50:36" method="GET" path="/segments/v1080/gf_v1080_81.m4s" status=200 file_size=1668735 bytes_sent=1668735 dur_ms=119 complete=true error=null
time="2025-11-24 16:50:36" method="GET" path="/segments/a_ac3/gf_a_ac3_83.m4s" status=200 file_size=158884 bytes_sent=158884 dur_ms=24 complete=true error=null
time="2025-11-24 16:50:37" method="GET" path="/segments/v2160orig/gf_v2160orig_82.m4s" status=200 file_size=12907672 bytes_sent=12907672 dur_ms=581 complete=true error=null
time="2025-11-24 16:50:37" method="GET" path="/segments/a_ac3/gf_a_ac3_84.m4s" status=200 file_size=161444 bytes_sent=161444 dur_ms=25 complete=true error=null
time="2025-11-24 16:50:37" method="GET" path="/segments/v2160orig/gf_v2160orig_83.m4s" status=200 file_size=14935851 bytes_sent=14935851 dur_ms=575 complete=true error=null
time="2025-11-24 16:50:38" method="GET" path="/segments/a_ac3/gf_a_ac3_85.m4s" status=200 file_size=158884 bytes_sent=158884 dur_ms=30 complete=true error=null
time="2025-11-24 16:50:38" method="GET" path="/segments/v2160orig/gf_v2160orig_84.m4s" status=200 file_size=14507888 bytes_sent=14507888 dur_ms=654 complete=true error=null
time="2025-11-24 16:50:38" method="GET" path="/segments/a_ac3/gf_a_ac3_86.m4s" status=200 file_size=161444 bytes_sent=161444 dur_ms=24 complete=true error=null
time="2025-11-24 16:50:39" method="GET" path="/segments/v2160orig/gf_v2160orig_85.m4s" status=200 file_size=11855733 bytes_sent=11855733 dur_ms=562 complete=true error=null
time="2025-11-24 16:50:51" method="GET" path="/segments/a_ac3/gf_a_ac3_87.m4s" status=200 file_size=158884 bytes_sent=158884 dur_ms=43 complete=true error=null
time="2025-11-24 16:50:51" method="GET" path="/segments/v2160orig/gf_v2160orig_86.m4s" status=200 file_size=16501840 bytes_sent=16501840 dur_ms=708 complete=true error=null
time="2025-11-24 16:50:52" method="GET" path="/segments/a_ac3/gf_a_ac3_88.m4s" status=200 file_size=161444 bytes_sent=161444 dur_ms=24 complete=true error=null
time="2025-11-24 16:50:52" method="GET" path="/segments/v2160orig/gf_v2160orig_87.m4s" status=200 file_size=7538461 bytes_sent=7538461 dur_ms=403 complete=true error=null
time="2025-11-24 16:50:52" method="GET" path="/segments/a_ac3/gf_a_ac3_89.m4s" status=200 file_size=158884 bytes_sent=158884 dur_ms=24 complete=true error=null
time="2025-11-24 16:50:53" method="GET" path="/segments/v2160orig/gf_v2160orig_88.m4s" status=200 file_size=13655252 bytes_sent=13655252 dur_ms=1108 complete=true error=null
time="2025-11-24 16:50:53" method="GET" path="/segments/a_ac3/gf_a_ac3_90.m4s" status=200 file_size=161444 bytes_sent=161444 dur_ms=28 complete=true error=null
time="2025-11-24 16:50:55" method="GET" path="/segments/v2160orig/gf_v2160orig_89.m4s" status=200 file_size=13602544 bytes_sent=13602544 dur_ms=1390 complete=true error=null
time="2025-11-24 16:50:55" method="GET" path="/segments/a_ac3/gf_a_ac3_91.m4s" status=200 file_size=158884 bytes_sent=158884 dur_ms=35 complete=true error=null
time="2025-11-24 16:50:56" method="GET" path="/segments/v2160orig/gf_v2160orig_90.m4s" status=200 file_size=16699228 bytes_sent=16699228 dur_ms=1413 complete=true error=null
time="2025-11-24 16:50:56" method="GET" path="/segments/a_ac3/gf_a_ac3_92.m4s" status=200 file_size=161444 bytes_sent=161444 dur_ms=106 complete=true error=null
time="2025-11-24 16:50:58" method="GET" path="/segments/v2160orig/gf_v2160orig_91.m4s" status=200 file_size=16001739 bytes_sent=16001739 dur_ms=1438 complete=true error=null
time="2025-11-24 16:50:58" method="GET" path="/segments/a_ac3/gf_a_ac3_93.m4s" status=200 file_size=158884 bytes_sent=158884 dur_ms=180 complete=true error=null
time="2025-11-24 16:51:01" method="GET" path="/segments/v2160orig/gf_v2160orig_92.m4s" status=200 file_size=16338333 bytes_sent=16338333 dur_ms=2253 complete=true error=null
time="2025-11-24 16:51:01" method="GET" path="/segments/a_ac3/gf_a_ac3_94.m4s" status=200 file_size=161444 bytes_sent=161444 dur_ms=148 complete=true error=null
time="2025-11-24 16:51:02" method="GET" path="/segments/v2160orig/gf_v2160orig_93.m4s" status=200 file_size=15200276 bytes_sent=15200276 dur_ms=1518 complete=true error=null
time="2025-11-24 16:51:02" method="GET" path="/segments/a_ac3/gf_a_ac3_95.m4s" status=200 file_size=158884 bytes_sent=158884 dur_ms=25 complete=true error=null
time="2025-11-24 16:51:04" method="GET" path="/segments/v2160orig/gf_v2160orig_94.m4s" status=200 file_size=15235606 bytes_sent=15235606 dur_ms=1651 complete=true error=null
time="2025-11-24 16:51:09" method="GET" path="/segments/a_ac3/gf_a_ac3_96.m4s" status=200 file_size=161444 bytes_sent=161444 dur_ms=28 complete=true error=null
time="2025-11-24 16:51:09" method="GET" path="/segments/v2160orig/gf_v2160orig_95.m4s" status=200 file_size=15861167 bytes_sent=15861167 dur_ms=528 complete=true error=null
time="2025-11-24 16:51:09" method="GET" path="/segments/a_ac3/gf_a_ac3_97.m4s" status=200 file_size=158884 bytes_sent=158884 dur_ms=25 complete=true error=null
time="2025-11-24 16:51:10" method="GET" path="/segments/v2160orig/gf_v2160orig_96.m4s" status=200 file_size=16580549 bytes_sent=16580549 dur_ms=652 complete=true error=null
time="2025-11-24 16:51:10" method="GET" path="/segments/a_ac3/gf_a_ac3_98.m4s" status=200 file_size=161444 bytes_sent=161444 dur_ms=25 complete=true error=null
time="2025-11-24 16:51:11" method="GET" path="/segments/v2160orig/gf_v2160orig_97.m4s" status=200 file_size=15155233 bytes_sent=15155233 dur_ms=572 complete=true error=null
time="2025-11-24 16:52:27" method="GET" path="/segments/a_ac3/gf_a_ac3_99.m4s" status=200 file_size=158884 bytes_sent=158884 dur_ms=45 complete=true error=null
time="2025-11-24 16:52:28" method="GET" path="/segments/v2160orig/gf_v2160orig_98.m4s" status=200 file_size=19563844 bytes_sent=19563844 dur_ms=914 complete=true error=null
time="2025-11-24 16:52:28" method="GET" path="/segments/a_ac3/gf_a_ac3_100.m4s" status=200 file_size=161444 bytes_sent=161444 dur_ms=26 complete=true error=null
time="2025-11-24 16:52:29" method="GET" path="/segments/v2160orig/gf_v2160orig_99.m4s" status=200 file_size=21913618 bytes_sent=21913618 dur_ms=964 complete=true error=null
time="2025-11-24 16:52:31" method="GET" path="/segments/a_ac3/gf_a_ac3_101.m4s" status=200 file_size=158884 bytes_sent=158884 dur_ms=48 complete=true error=null
time="2025-11-24 16:52:32" method="GET" path="/segments/v2160orig/gf_v2160orig_100.m4s" status=200 file_size=19618619 bytes_sent=19618619 dur_ms=1196 complete=true error=null
time="2025-11-24 16:52:32" method="GET" path="/segments/a_ac3/gf_a_ac3_102.m4s" status=200 file_size=161444 bytes_sent=161444 dur_ms=28 complete=true error=null
time="2025-11-24 16:52:33" method="GET" path="/segments/v2160orig/gf_v2160orig_101.m4s" status=200 file_size=15879445 bytes_sent=15879445 dur_ms=740 complete=true error=null
time="2025-11-24 16:52:35" method="GET" path="/segments/a_ac3/gf_a_ac3_103.m4s" status=200 file_size=158884 bytes_sent=158884 dur_ms=27 complete=true error=null
time="2025-11-24 16:52:35" method="GET" path="/segments/v2160orig/gf_v2160orig_102.m4s" status=200 file_size=15505291 bytes_sent=15505291 dur_ms=711 complete=true error=null
time="2025-11-24 16:52:37" method="GET" path="/segments/a_ac3/gf_a_ac3_104.m4s" status=200 file_size=161444 bytes_sent=161444 dur_ms=33 complete=true error=null
time="2025-11-24 16:52:37" method="GET" path="/segments/v2160orig/gf_v2160orig_103.m4s" status=200 file_size=14347548 bytes_sent=14347548 dur_ms=634 complete=true error=null
time="2025-11-24 16:52:39" method="GET" path="/segments/a_ac3/gf_a_ac3_105.m4s" status=200 file_size=158884 bytes_sent=158884 dur_ms=44 complete=true error=null
time="2025-11-24 16:52:39" method="GET" path="/segments/v2160orig/gf_v2160orig_104.m4s" status=200 file_size=14354116 bytes_sent=14354116 dur_ms=631 complete=true error=null
time="2025-11-24 16:52:39" method="GET" path="/segments/a_ac3/gf_a_ac3_106.m4s" status=200 file_size=161444 bytes_sent=161444 dur_ms=22 complete=true error=null
time="2025-11-24 16:52:40" method="GET" path="/segments/v2160orig/gf_v2160orig_105.m4s" status=200 file_size=16395676 bytes_sent=16395676 dur_ms=637 complete=true error=null
time="2025-11-24 16:52:43" method="GET" path="/segments/a_ac3/gf_a_ac3_107.m4s" status=200 file_size=158884 bytes_sent=158884 dur_ms=43 complete=true error=null
time="2025-11-24 16:52:43" method="GET" path="/segments/v1080/gf_v1080_106.m4s" status=200 file_size=1845478 bytes_sent=1845478 dur_ms=102 complete=true error=null
time="2025-11-24 16:52:43" method="GET" path="/segments/a_ac3/gf_a_ac3_108.m4s" status=200 file_size=161444 bytes_sent=161444 dur_ms=23 complete=true error=null
time="2025-11-24 16:52:43" method="GET" path="/segments/v1080/gf_v1080_107.m4s" status=200 file_size=1787458 bytes_sent=1787458 dur_ms=105 complete=true error=null
time="2025-11-24 16:52:43" method="GET" path="/segments/a_ac3/gf_a_ac3_109.m4s" status=200 file_size=158884 bytes_sent=158884 dur_ms=31 complete=true error=null
time="2025-11-24 16:52:43" method="GET" path="/segments/v2160orig/gf_v2160orig_108.m4s" status=200 file_size=9325945 bytes_sent=9325945 dur_ms=449 complete=true error=null
time="2025-11-24 16:52:43" method="GET" path="/segments/a_ac3/gf_a_ac3_110.m4s" status=200 file_size=161444 bytes_sent=161444 dur_ms=24 complete=true error=null
time="2025-11-24 16:52:44" method="GET" path="/segments/v2160orig/gf_v2160orig_109.m4s" status=200 file_size=16599818 bytes_sent=16599818 dur_ms=801 complete=true error=null
time="2025-11-24 16:52:51" method="GET" path="/segments/a_ac3/gf_a_ac3_111.m4s" status=200 file_size=158884 bytes_sent=158884 dur_ms=32 complete=true error=null
time="2025-11-24 16:52:51" method="GET" path="/segments/v2160orig/gf_v2160orig_110.m4s" status=200 file_size=13135819 bytes_sent=13135819 dur_ms=469 complete=true error=null
time="2025-11-24 16:52:51" method="GET" path="/segments/a_ac3/gf_a_ac3_112.m4s" status=200 file_size=161444 bytes_sent=161444 dur_ms=34 complete=true error=null
time="2025-11-24 16:52:52" method="GET" path="/segments/v2160orig/gf_v2160orig_111.m4s" status=200 file_size=11305846 bytes_sent=11305846 dur_ms=495 complete=true error=null
time="2025-11-24 16:52:52" method="GET" path="/segments/a_ac3/gf_a_ac3_113.m4s" status=200 file_size=158884 bytes_sent=158884 dur_ms=41 complete=true error=null
time="2025-11-24 16:52:52" method="GET" path="/segments/v2160orig/gf_v2160orig_112.m4s" status=200 file_size=13160231 bytes_sent=13160231 dur_ms=536 complete=true error=null
time="2025-11-24 16:52:53" method="GET" path="/segments/a_ac3/gf_a_ac3_114.m4s" status=200 file_size=161444 bytes_sent=161444 dur_ms=128 complete=true error=null
time="2025-11-24 16:52:53" method="GET" path="/segments/v2160orig/gf_v2160orig_113.m4s" status=200 file_size=11901946 bytes_sent=11901946 dur_ms=482 complete=true error=null
time="2025-11-24 16:52:53" method="GET" path="/segments/a_ac3/gf_a_ac3_115.m4s" status=200 file_size=158884 bytes_sent=158884 dur_ms=24 complete=true error=null
time="2025-11-24 16:52:54" method="GET" path="/segments/v2160orig/gf_v2160orig_114.m4s" status=200 file_size=16501046 bytes_sent=16501046 dur_ms=636 complete=true error=null
time="2025-11-24 16:52:54" method="GET" path="/segments/a_ac3/gf_a_ac3_116.m4s" status=200 file_size=161444 bytes_sent=161444 dur_ms=24 complete=true error=null
time="2025-11-24 16:52:55" method="GET" path="/segments/v2160orig/gf_v2160orig_115.m4s" status=200 file_size=18832448 bytes_sent=18832448 dur_ms=734 complete=true error=null
time="2025-11-24 16:52:56" method="GET" path="/segments/a_ac3/gf_a_ac3_117.m4s" status=200 file_size=158884 bytes_sent=158884 dur_ms=29 complete=true error=null
time="2025-11-24 16:52:56" method="GET" path="/segments/v1080/gf_v1080_116.m4s" status=200 file_size=1744507 bytes_sent=1744507 dur_ms=115 complete=true error=null
time="2025-11-24 16:52:56" method="GET" path="/segments/a_ac3/gf_a_ac3_118.m4s" status=200 file_size=161444 bytes_sent=161444 dur_ms=27 complete=true error=null
time="2025-11-24 16:52:57" method="GET" path="/segments/v2160orig/gf_v2160orig_117.m4s" status=200 file_size=21784536 bytes_sent=21784536 dur_ms=954 complete=true error=null
time="2025-11-24 16:53:07" method="GET" path="/segments/a_ac3/gf_a_ac3_119.m4s" status=200 file_size=158884 bytes_sent=158884 dur_ms=54 complete=true error=null
time="2025-11-24 16:53:08" method="GET" path="/segments/v2160orig/gf_v2160orig_118.m4s" status=200 file_size=22543805 bytes_sent=22543805 dur_ms=1302 complete=true error=null
time="2025-11-24 16:53:08" method="GET" path="/segments/a_ac3/gf_a_ac3_120.m4s" status=200 file_size=161444 bytes_sent=161444 dur_ms=25 complete=true error=null
time="2025-11-24 16:53:09" method="GET" path="/segments/v2160orig/gf_v2160orig_119.m4s" status=200 file_size=22199728 bytes_sent=22199728 dur_ms=786 complete=true error=null
time="2025-11-24 16:53:09" method="GET" path="/segments/a_ac3/gf_a_ac3_121.m4s" status=200 file_size=158884 bytes_sent=158884 dur_ms=30 complete=true error=null
time="2025-11-24 16:53:10" method="GET" path="/segments/v2160orig/gf_v2160orig_120.m4s" status=200 file_size=20260411 bytes_sent=20260411 dur_ms=808 complete=true error=null
time="2025-11-24 16:53:13" method="GET" path="/segments/a_ac3/gf_a_ac3_122.m4s" status=200 file_size=161444 bytes_sent=161444 dur_ms=30 complete=true error=null
time="2025-11-24 16:53:14" method="GET" path="/segments/v2160orig/gf_v2160orig_121.m4s" status=200 file_size=21112598 bytes_sent=21112598 dur_ms=1372 complete=true error=null
time="2025-11-24 16:53:15" method="GET" path="/segments/a_ac3/gf_a_ac3_123.m4s" status=200 file_size=158884 bytes_sent=158884 dur_ms=46 complete=true error=null
time="2025-11-24 16:53:15" method="GET" path="/segments/v2160orig/gf_v2160orig_122.m4s" status=200 file_size=10888527 bytes_sent=10888527 dur_ms=654 complete=true error=null
time="2025-11-24 16:53:17" method="GET" path="/segments/a_ac3/gf_a_ac3_124.m4s" status=200 file_size=161444 bytes_sent=161444 dur_ms=41 complete=true error=null
time="2025-11-24 16:53:17" method="GET" path="/segments/v2160orig/gf_v2160orig_123.m4s" status=200 file_size=8699382 bytes_sent=8699382 dur_ms=379 complete=true error=null
time="2025-11-24 16:53:17" method="GET" path="/segments/a_ac3/gf_a_ac3_125.m4s" status=200 file_size=158884 bytes_sent=158884 dur_ms=27 complete=true error=null
time="2025-11-24 16:53:17" method="GET" path="/segments/v2160orig/gf_v2160orig_124.m4s" status=200 file_size=8628620 bytes_sent=8628620 dur_ms=361 complete=true error=null
time="2025-11-24 16:53:21" method="GET" path="/segments/a_ac3/gf_a_ac3_126.m4s" status=200 file_size=161444 bytes_sent=161444 dur_ms=38 complete=true error=null
time="2025-11-24 16:53:21" method="GET" path="/segments/v2160orig/gf_v2160orig_125.m4s" status=200 file_size=8553767 bytes_sent=8553767 dur_ms=475 complete=true error=null
time="2025-11-24 16:53:21" method="GET" path="/segments/a_ac3/gf_a_ac3_127.m4s" status=200 file_size=158884 bytes_sent=158884 dur_ms=28 complete=true error=null
time="2025-11-24 16:53:22" method="GET" path="/segments/v2160orig/gf_v2160orig_126.m4s" status=200 file_size=9603720 bytes_sent=9603720 dur_ms=418 complete=true error=null
time="2025-11-24 16:53:22" method="GET" path="/segments/a_ac3/gf_a_ac3_128.m4s" status=200 file_size=161444 bytes_sent=161444 dur_ms=50 complete=true error=null
time="2025-11-24 16:53:22" method="GET" path="/segments/v2160orig/gf_v2160orig_127.m4s" status=200 file_size=14760249 bytes_sent=14760249 dur_ms=613 complete=true error=null
time="2025-11-24 16:53:27" method="GET" path="/segments/a_ac3/gf_a_ac3_129.m4s" status=200 file_size=158884 bytes_sent=158884 dur_ms=34 complete=true error=null
time="2025-11-24 16:53:27" method="GET" path="/segments/v2160orig/gf_v2160orig_128.m4s" status=200 file_size=15458576 bytes_sent=15458576 dur_ms=702 complete=true error=null
time="2025-11-24 16:53:27" method="GET" path="/segments/a_ac3/gf_a_ac3_130.m4s" status=200 file_size=161444 bytes_sent=161444 dur_ms=26 complete=true error=null
time="2025-11-24 16:53:28" method="GET" path="/segments/v2160orig/gf_v2160orig_129.m4s" status=200 file_size=12718128 bytes_sent=12718128 dur_ms=522 complete=true error=null
time="2025-11-24 16:53:28" method="GET" path="/segments/a_ac3/gf_a_ac3_131.m4s" status=200 file_size=158884 bytes_sent=158884 dur_ms=47 complete=true error=null
time="2025-11-24 16:53:28" method="GET" path="/segments/v1080/gf_v1080_130.m4s" status=200 file_size=1704317 bytes_sent=1704317 dur_ms=159 complete=true error=null
time="2025-11-24 16:53:28" method="GET" path="/segments/a_ac3/gf_a_ac3_132.m4s" status=200 file_size=161444 bytes_sent=161444 dur_ms=27 complete=true error=null
time="2025-11-24 16:53:28" method="GET" path="/segments/v1080/gf_v1080_131.m4s" status=200 file_size=1501104 bytes_sent=1501104 dur_ms=95 complete=true error=null
time="2025-11-24 16:53:28" method="GET" path="/segments/a_ac3/gf_a_ac3_133.m4s" status=200 file_size=158884 bytes_sent=158884 dur_ms=38 complete=true error=null
time="2025-11-24 16:53:29" method="GET" path="/segments/v2160orig/gf_v2160orig_132.m4s" status=200 file_size=12993517 bytes_sent=12993517 dur_ms=588 complete=true error=null
time="2025-11-24 16:53:29" method="GET" path="/segments/a_ac3/gf_a_ac3_134.m4s" status=200 file_size=161444 bytes_sent=161444 dur_ms=28 complete=true error=null
time="2025-11-24 16:53:30" method="GET" path="/segments/v2160orig/gf_v2160orig_133.m4s" status=200 file_size=12980699 bytes_sent=12980699 dur_ms=629 complete=true error=null
time="2025-11-24 16:53:30" method="GET" path="/segments/a_ac3/gf_a_ac3_135.m4s" status=200 file_size=158884 bytes_sent=158884 dur_ms=29 complete=true error=null
time="2025-11-24 16:53:30" method="GET" path="/segments/v2160orig/gf_v2160orig_134.m4s" status=200 file_size=14857040 bytes_sent=14857040 dur_ms=565 complete=true error=null
time="2025-11-24 16:53:31" method="GET" path="/segments/a_ac3/gf_a_ac3_136.m4s" status=200 file_size=161444 bytes_sent=161444 dur_ms=28 complete=true error=null
time="2025-11-24 16:53:31" method="GET" path="/segments/v2160orig/gf_v2160orig_135.m4s" status=200 file_size=14941697 bytes_sent=14941697 dur_ms=596 complete=true error=null
time="2025-11-24 16:53:43" method="GET" path="/segments/a_ac3/gf_a_ac3_137.m4s" status=200 file_size=158884 bytes_sent=158884 dur_ms=46 complete=true error=null
time="2025-11-24 16:53:43" method="GET" path="/segments/v2160orig/gf_v2160orig_136.m4s" status=200 file_size=14271935 bytes_sent=14271935 dur_ms=648 complete=true error=null
time="2025-11-24 16:53:43" method="GET" path="/segments/a_ac3/gf_a_ac3_138.m4s" status=200 file_size=161444 bytes_sent=161444 dur_ms=28 complete=true error=null
time="2025-11-24 16:53:44" method="GET" path="/segments/v2160orig/gf_v2160orig_137.m4s" status=200 file_size=16907004 bytes_sent=16907004 dur_ms=738 complete=true error=null
time="2025-11-24 16:53:44" method="GET" path="/segments/a_ac3/gf_a_ac3_139.m4s" status=200 file_size=158884 bytes_sent=158884 dur_ms=22 complete=true error=null
time="2025-11-24 16:53:45" method="GET" path="/segments/v2160orig/gf_v2160orig_138.m4s" status=200 file_size=13881885 bytes_sent=13881885 dur_ms=609 complete=true error=null
time="2025-11-24 16:53:45" method="GET" path="/segments/a_ac3/gf_a_ac3_140.m4s" status=200 file_size=161444 bytes_sent=161444 dur_ms=25 complete=true error=null
time="2025-11-24 16:53:45" method="GET" path="/segments/v2160orig/gf_v2160orig_139.m4s" status=200 file_size=8517787 bytes_sent=8517787 dur_ms=380 complete=true error=null
time="2025-11-24 16:53:45" method="GET" path="/segments/a_ac3/gf_a_ac3_141.m4s" status=200 file_size=158884 bytes_sent=158884 dur_ms=27 complete=true error=null
time="2025-11-24 16:53:45" method="GET" path="/segments/v2160orig/gf_v2160orig_140.m4s" status=200 file_size=6741480 bytes_sent=6741480 dur_ms=252 complete=true error=null
time="2025-11-24 16:53:46" method="GET" path="/segments/a_ac3/gf_a_ac3_142.m4s" status=200 file_size=161444 bytes_sent=161444 dur_ms=27 complete=true error=null
time="2025-11-24 16:53:46" method="GET" path="/segments/v2160orig/gf_v2160orig_141.m4s" status=200 file_size=9097343 bytes_sent=9097343 dur_ms=371 complete=true error=null
time="2025-11-24 16:53:46" method="GET" path="/segments/a_ac3/gf_a_ac3_143.m4s" status=200 file_size=158884 bytes_sent=158884 dur_ms=26 complete=true error=null
time="2025-11-24 16:53:46" method="GET" path="/segments/v2160orig/gf_v2160orig_142.m4s" status=200 file_size=6900294 bytes_sent=6900294 dur_ms=276 complete=true error=null
time="2025-11-24 16:53:46" method="GET" path="/segments/a_ac3/gf_a_ac3_144.m4s" status=200 file_size=161444 bytes_sent=161444 dur_ms=22 complete=true error=null
time="2025-11-24 16:53:47" method="GET" path="/segments/v2160orig/gf_v2160orig_143.m4s" status=200 file_size=7069669 bytes_sent=7069669 dur_ms=325 complete=true error=null
time="2025-11-24 16:53:47" method="GET" path="/segments/a_ac3/gf_a_ac3_145.m4s" status=200 file_size=158884 bytes_sent=158884 dur_ms=24 complete=true error=null
time="2025-11-24 16:53:47" method="GET" path="/segments/v2160orig/gf_v2160orig_144.m4s" status=200 file_size=7068645 bytes_sent=7068645 dur_ms=302 complete=true error=null
time="2025-11-24 16:54:01" method="GET" path="/segments/a_ac3/gf_a_ac3_146.m4s" status=200 file_size=161444 bytes_sent=161444 dur_ms=46 complete=true error=null
time="2025-11-24 16:54:01" method="GET" path="/segments/v2160orig/gf_v2160orig_145.m4s" status=200 file_size=4817248 bytes_sent=4817248 dur_ms=241 complete=true error=null
time="2025-11-24 16:54:01" method="GET" path="/segments/a_ac3/gf_a_ac3_147.m4s" status=200 file_size=158884 bytes_sent=158884 dur_ms=24 complete=true error=null
time="2025-11-24 16:54:02" method="GET" path="/segments/v2160orig/gf_v2160orig_146.m4s" status=200 file_size=15471202 bytes_sent=15471202 dur_ms=625 complete=true error=null
time="2025-11-24 16:54:02" method="GET" path="/segments/a_ac3/gf_a_ac3_148.m4s" status=200 file_size=161444 bytes_sent=161444 dur_ms=25 complete=true error=null
time="2025-11-24 16:54:02" method="GET" path="/segments/v2160orig/gf_v2160orig_147.m4s" status=200 file_size=15548119 bytes_sent=15548119 dur_ms=697 complete=true error=null
time="2025-11-24 16:54:02" method="GET" path="/segments/a_ac3/gf_a_ac3_149.m4s" status=200 file_size=151208 bytes_sent=151208 dur_ms=23 complete=true error=null
time="2025-11-24 16:54:03" method="GET" path="/segments/v2160orig/gf_v2160orig_148.m4s" status=200 file_size=15460048 bytes_sent=15460048 dur_ms=677 complete=true error=null
time="2025-11-24 16:54:04" method="GET" path="/segments/v2160orig/gf_v2160orig_149.m4s" status=200 file_size=9668197 bytes_sent=9668197 dur_ms=378 complete=true error=null
time="2025-11-24 16:56:05" method="GET" path="/godfather.mpd" status=200 file_size=6999 bytes_sent=6999 dur_ms=1 complete=true error=null
time="2025-11-24 16:56:05" method="GET" path="/godfather.mpd" status=200 file_size=6999 bytes_sent=6999 dur_ms=0 complete=true error=null
time="2025-11-24 16:56:05" method="GET" path="/segments/v2160/initgf_v2160_.mp4" status=200 file_size=999 bytes_sent=999 dur_ms=0 complete=true error=null
time="2025-11-24 16:56:05" method="GET" path="/segments/a_ac3/initgf_a_ac3_.mp4" status=200 file_size=836 bytes_sent=836 dur_ms=0 complete=true error=null
time="2025-11-24 16:56:06" method="GET" path="/segments/a_ac3/gf_a_ac3_1.m4s" status=200 file_size=169124 bytes_sent=169124 dur_ms=31 complete=true error=null
time="2025-11-24 16:56:06" method="GET" path="/segments/v2160/gf_v2160_1.m4s" status=200 file_size=6130396 bytes_sent=6130396 dur_ms=244 complete=true error=null
time="2025-11-24 16:56:06" method="GET" path="/segments/a_ac3/gf_a_ac3_2.m4s" status=200 file_size=161444 bytes_sent=161444 dur_ms=36 complete=true error=null
time="2025-11-24 16:56:06" method="GET" path="/segments/a_ac3/gf_a_ac3_3.m4s" status=200 file_size=158884 bytes_sent=158884 dur_ms=28 complete=true error=null
time="2025-11-24 16:56:06" method="GET" path="/segments/v2160/gf_v2160_2.m4s" status=200 file_size=5040613 bytes_sent=5040613 dur_ms=236 complete=true error=null
time="2025-11-24 16:56:06" method="GET" path="/segments/v2160orig/initgf_v2160orig_.mp4" status=200 file_size=1061 bytes_sent=1061 dur_ms=0 complete=true error=null
time="2025-11-24 16:56:06" method="GET" path="/segments/a_ac3/gf_a_ac3_4.m4s" status=200 file_size=161444 bytes_sent=161444 dur_ms=14 complete=true error=null
time="2025-11-24 16:56:07" method="GET" path="/segments/v2160orig/gf_v2160orig_3.m4s" status=200 file_size=11755857 bytes_sent=11755857 dur_ms=497 complete=true error=null
time="2025-11-24 16:56:07" method="GET" path="/segments/a_ac3/gf_a_ac3_5.m4s" status=200 file_size=158884 bytes_sent=158884 dur_ms=18 complete=true error=null
time="2025-11-24 16:56:07" method="GET" path="/segments/v2160orig/gf_v2160orig_4.m4s" status=200 file_size=11389434 bytes_sent=11389434 dur_ms=475 complete=true error=null
time="2025-11-24 16:56:07" method="GET" path="/segments/a_ac3/gf_a_ac3_6.m4s" status=200 file_size=161444 bytes_sent=161444 dur_ms=18 complete=true error=null
time="2025-11-24 16:56:08" method="GET" path="/segments/v2160orig/gf_v2160orig_5.m4s" status=200 file_size=11808290 bytes_sent=11808290 dur_ms=526 complete=true error=null
time="2025-11-24 16:56:08" method="GET" path="/segments/a_ac3/gf_a_ac3_7.m4s" status=200 file_size=158884 bytes_sent=158884 dur_ms=19 complete=true error=null
time="2025-11-24 16:56:08" method="GET" path="/segments/v2160orig/gf_v2160orig_6.m4s" status=200 file_size=11415111 bytes_sent=11415111 dur_ms=522 complete=true error=null
time="2025-11-24 16:56:09" method="GET" path="/segments/a_ac3/gf_a_ac3_8.m4s" status=200 file_size=161444 bytes_sent=161444 dur_ms=16 complete=true error=null
time="2025-11-24 16:56:09" method="GET" path="/segments/v2160orig/gf_v2160orig_7.m4s" status=200 file_size=11556470 bytes_sent=11556470 dur_ms=486 complete=true error=null
time="2025-11-24 16:56:09" method="GET" path="/segments/a_ac3/gf_a_ac3_9.m4s" status=200 file_size=158884 bytes_sent=158884 dur_ms=15 complete=true error=null
time="2025-11-24 16:56:11" method="GET" path="/segments/v2160orig/gf_v2160orig_8.m4s" status=200 file_size=11312628 bytes_sent=11312628 dur_ms=2425 complete=true error=null
time="2025-11-24 16:56:12" method="GET" path="/segments/a_ac3/gf_a_ac3_10.m4s" status=200 file_size=161444 bytes_sent=161444 dur_ms=15 complete=true error=null
time="2025-11-24 16:56:12" method="GET" path="/segments/v2160orig/gf_v2160orig_9.m4s" status=200 file_size=13782727 bytes_sent=13782727 dur_ms=673 complete=true error=null
time="2025-11-24 16:56:12" method="GET" path="/segments/a_ac3/gf_a_ac3_11.m4s" status=200 file_size=158884 bytes_sent=158884 dur_ms=17 complete=true error=null
time="2025-11-24 16:56:13" method="GET" path="/segments/v2160orig/gf_v2160orig_10.m4s" status=200 file_size=10884729 bytes_sent=10884729 dur_ms=402 complete=true error=null
time="2025-11-24 16:56:13" method="GET" path="/segments/a_ac3/gf_a_ac3_12.m4s" status=200 file_size=161444 bytes_sent=161444 dur_ms=15 complete=true error=null
time="2025-11-24 16:56:13" method="GET" path="/segments/v2160orig/gf_v2160orig_11.m4s" status=200 file_size=11729325 bytes_sent=11729325 dur_ms=465 complete=true error=null
time="2025-11-24 16:56:13" method="GET" path="/segments/a_ac3/gf_a_ac3_13.m4s" status=200 file_size=158884 bytes_sent=158884 dur_ms=18 complete=true error=null
time="2025-11-24 16:56:14" method="GET" path="/segments/v2160orig/gf_v2160orig_12.m4s" status=200 file_size=12686316 bytes_sent=12686316 dur_ms=491 complete=true error=null
time="2025-11-24 16:56:14" method="GET" path="/segments/a_ac3/gf_a_ac3_14.m4s" status=200 file_size=161444 bytes_sent=161444 dur_ms=15 complete=true error=null
time="2025-11-24 16:56:14" method="GET" path="/segments/v2160orig/gf_v2160orig_13.m4s" status=200 file_size=13819949 bytes_sent=13819949 dur_ms=442 complete=true error=null
time="2025-11-24 16:56:15" method="GET" path="/segments/a_ac3/gf_a_ac3_15.m4s" status=200 file_size=158884 bytes_sent=158884 dur_ms=18 complete=true error=null
time="2025-11-24 16:56:15" method="GET" path="/segments/v2160orig/gf_v2160orig_14.m4s" status=200 file_size=15650305 bytes_sent=15650305 dur_ms=517 complete=true error=null
time="2025-11-24 16:56:15" method="GET" path="/segments/v1080/initgf_v1080_.mp4" status=200 file_size=999 bytes_sent=999 dur_ms=1 complete=true error=null
time="2025-11-24 16:56:15" method="GET" path="/segments/a_ac3/gf_a_ac3_16.m4s" status=200 file_size=161444 bytes_sent=161444 dur_ms=18 complete=true error=null
time="2025-11-24 16:56:15" method="GET" path="/segments/v1080/gf_v1080_15.m4s" status=200 file_size=1617300 bytes_sent=1617300 dur_ms=105 complete=true error=null
time="2025-11-24 16:56:15" method="GET" path="/segments/a_ac3/gf_a_ac3_17.m4s" status=200 file_size=158884 bytes_sent=158884 dur_ms=17 complete=true error=null
time="2025-11-24 16:56:16" method="GET" path="/segments/v2160orig/gf_v2160orig_16.m4s" status=200 file_size=10118757 bytes_sent=10118757 dur_ms=395 complete=true error=null
time="2025-11-24 16:56:16" method="GET" path="/segments/a_ac3/gf_a_ac3_18.m4s" status=200 file_size=161444 bytes_sent=161444 dur_ms=16 complete=true error=null
time="2025-11-24 16:56:16" method="GET" path="/segments/v2160orig/gf_v2160orig_17.m4s" status=200 file_size=11419631 bytes_sent=11419631 dur_ms=443 complete=true error=null
time="2025-11-24 16:56:16" method="GET" path="/segments/a_ac3/gf_a_ac3_19.m4s" status=200 file_size=158884 bytes_sent=158884 dur_ms=17 complete=true error=null
time="2025-11-24 16:56:17" method="GET" path="/segments/v2160orig/gf_v2160orig_18.m4s" status=200 file_size=10501377 bytes_sent=10501377 dur_ms=430 complete=true error=null
time="2025-11-24 16:56:27" method="GET" path="/segments/a_ac3/gf_a_ac3_20.m4s" status=200 file_size=161444 bytes_sent=161444 dur_ms=33 complete=true error=null
time="2025-11-24 16:56:28" method="GET" path="/segments/v2160orig/gf_v2160orig_19.m4s" status=200 file_size=10232717 bytes_sent=10232717 dur_ms=425 complete=true error=null
time="2025-11-24 16:56:28" method="GET" path="/segments/a_ac3/gf_a_ac3_21.m4s" status=200 file_size=158884 bytes_sent=158884 dur_ms=18 complete=true error=null
time="2025-11-24 16:56:28" method="GET" path="/segments/v2160orig/gf_v2160orig_20.m4s" status=200 file_size=10340915 bytes_sent=10340915 dur_ms=432 complete=true error=null
time="2025-11-24 16:56:28" method="GET" path="/segments/a_ac3/gf_a_ac3_22.m4s" status=200 file_size=161444 bytes_sent=161444 dur_ms=14 complete=true error=null
time="2025-11-24 16:56:29" method="GET" path="/segments/v2160orig/gf_v2160orig_21.m4s" status=200 file_size=10453965 bytes_sent=10453965 dur_ms=351 complete=true error=null
time="2025-11-24 16:56:29" method="GET" path="/segments/a_ac3/gf_a_ac3_23.m4s" status=200 file_size=158884 bytes_sent=158884 dur_ms=18 complete=true error=null
time="2025-11-24 16:56:29" method="GET" path="/segments/v2160orig/gf_v2160orig_22.m4s" status=200 file_size=10522277 bytes_sent=10522277 dur_ms=449 complete=true error=null
time="2025-11-24 16:56:29" method="GET" path="/segments/a_ac3/gf_a_ac3_24.m4s" status=200 file_size=161444 bytes_sent=161444 dur_ms=16 complete=true error=null
time="2025-11-24 16:56:30" method="GET" path="/segments/v2160orig/gf_v2160orig_23.m4s" status=200 file_size=12828332 bytes_sent=12828332 dur_ms=496 complete=true error=null
time="2025-11-24 16:56:30" method="GET" path="/segments/a_ac3/gf_a_ac3_25.m4s" status=200 file_size=158884 bytes_sent=158884 dur_ms=18 complete=true error=null
time="2025-11-24 16:56:31" method="GET" path="/segments/v2160orig/gf_v2160orig_24.m4s" status=200 file_size=17243190 bytes_sent=17243190 dur_ms=702 complete=true error=null
time="2025-11-24 16:56:31" method="GET" path="/segments/a_ac3/gf_a_ac3_26.m4s" status=200 file_size=161444 bytes_sent=161444 dur_ms=18 complete=true error=null
time="2025-11-24 16:56:31" method="GET" path="/segments/v1080/gf_v1080_25.m4s" status=200 file_size=1811409 bytes_sent=1811409 dur_ms=105 complete=true error=null
time="2025-11-24 16:56:31" method="GET" path="/segments/a_ac3/gf_a_ac3_27.m4s" status=200 file_size=158884 bytes_sent=158884 dur_ms=20 complete=true error=null
time="2025-11-24 16:56:31" method="GET" path="/segments/v1080/gf_v1080_26.m4s" status=200 file_size=1637557 bytes_sent=1637557 dur_ms=107 complete=true error=null
time="2025-11-24 16:56:31" method="GET" path="/segments/a_ac3/gf_a_ac3_28.m4s" status=200 file_size=161444 bytes_sent=161444 dur_ms=22 complete=true error=null
time="2025-11-24 16:56:32" method="GET" path="/segments/v2160orig/gf_v2160orig_27.m4s" status=200 file_size=17494473 bytes_sent=17494473 dur_ms=819 complete=true error=null
time="2025-11-24 16:56:45" method="GET" path="/segments/a_ac3/gf_a_ac3_29.m4s" status=200 file_size=158884 bytes_sent=158884 dur_ms=25 complete=true error=null
time="2025-11-24 16:56:46" method="GET" path="/segments/v2160orig/gf_v2160orig_28.m4s" status=200 file_size=13716484 bytes_sent=13716484 dur_ms=575 complete=true error=null
time="2025-11-24 16:56:46" method="GET" path="/segments/a_ac3/gf_a_ac3_30.m4s" status=200 file_size=161444 bytes_sent=161444 dur_ms=18 complete=true error=null
time="2025-11-24 16:56:46" method="GET" path="/segments/v2160orig/gf_v2160orig_29.m4s" status=200 file_size=10031348 bytes_sent=10031348 dur_ms=381 complete=true error=null
time="2025-11-24 16:56:46" method="GET" path="/segments/a_ac3/gf_a_ac3_31.m4s" status=200 file_size=158884 bytes_sent=158884 dur_ms=22 complete=true error=null
time="2025-11-24 16:56:47" method="GET" path="/segments/v2160orig/gf_v2160orig_30.m4s" status=200 file_size=11231824 bytes_sent=11231824 dur_ms=455 complete=true error=null
time="2025-11-24 16:56:47" method="GET" path="/segments/a_ac3/gf_a_ac3_32.m4s" status=200 file_size=161444 bytes_sent=161444 dur_ms=15 complete=true error=null
time="2025-11-24 16:56:47" method="GET" path="/segments/v2160orig/gf_v2160orig_31.m4s" status=200 file_size=10414882 bytes_sent=10414882 dur_ms=433 complete=true error=null
time="2025-11-24 16:56:47" method="GET" path="/segments/a_ac3/gf_a_ac3_33.m4s" status=200 file_size=158884 bytes_sent=158884 dur_ms=17 complete=true error=null
time="2025-11-24 16:56:48" method="GET" path="/segments/v2160orig/gf_v2160orig_32.m4s" status=200 file_size=10119187 bytes_sent=10119187 dur_ms=426 complete=true error=null
time="2025-11-24 16:56:48" method="GET" path="/segments/a_ac3/gf_a_ac3_34.m4s" status=200 file_size=161444 bytes_sent=161444 dur_ms=18 complete=true error=null
time="2025-11-24 16:56:48" method="GET" path="/segments/v2160orig/gf_v2160orig_33.m4s" status=200 file_size=9992752 bytes_sent=9992752 dur_ms=362 complete=true error=null
time="2025-11-24 16:56:48" method="GET" path="/segments/a_ac3/gf_a_ac3_35.m4s" status=200 file_size=158884 bytes_sent=158884 dur_ms=16 complete=true error=null
time="2025-11-24 16:56:49" method="GET" path="/segments/v2160orig/gf_v2160orig_34.m4s" status=200 file_size=14834560 bytes_sent=14834560 dur_ms=599 complete=true error=null
time="2025-11-24 16:56:59" method="GET" path="/segments/a_ac3/gf_a_ac3_36.m4s" status=200 file_size=161444 bytes_sent=161444 dur_ms=34 complete=true error=null
time="2025-11-24 16:56:59" method="GET" path="/segments/v1080/gf_v1080_35.m4s" status=200 file_size=1837918 bytes_sent=1837918 dur_ms=122 complete=true error=null
time="2025-11-24 16:57:00" method="GET" path="/segments/a_ac3/gf_a_ac3_37.m4s" status=200 file_size=158884 bytes_sent=158884 dur_ms=17 complete=true error=null
time="2025-11-24 16:57:00" method="GET" path="/segments/v1080/gf_v1080_36.m4s" status=200 file_size=1755207 bytes_sent=1755207 dur_ms=115 complete=true error=null
time="2025-11-24 16:57:00" method="GET" path="/segments/a_ac3/gf_a_ac3_38.m4s" status=200 file_size=161444 bytes_sent=161444 dur_ms=21 complete=true error=null
time="2025-11-24 16:57:00" method="GET" path="/segments/v2160orig/gf_v2160orig_37.m4s" status=200 file_size=10933071 bytes_sent=10933071 dur_ms=486 complete=true error=null
time="2025-11-24 16:57:00" method="GET" path="/segments/a_ac3/gf_a_ac3_39.m4s" status=200 file_size=158884 bytes_sent=158884 dur_ms=22 complete=true error=null
time="2025-11-24 16:57:01" method="GET" path="/segments/v2160orig/gf_v2160orig_38.m4s" status=200 file_size=11012854 bytes_sent=11012854 dur_ms=395 complete=true error=null
time="2025-11-24 16:57:01" method="GET" path="/segments/a_ac3/gf_a_ac3_40.m4s" status=200 file_size=161444 bytes_sent=161444 dur_ms=16 complete=true error=null
time="2025-11-24 16:57:01" method="GET" path="/segments/v2160orig/gf_v2160orig_39.m4s" status=200 file_size=17200715 bytes_sent=17200715 dur_ms=646 complete=true error=null
time="2025-11-24 16:57:02" method="GET" path="/segments/a_ac3/gf_a_ac3_41.m4s" status=200 file_size=158884 bytes_sent=158884 dur_ms=23 complete=true error=null
time="2025-11-24 16:57:02" method="GET" path="/segments/v2160orig/gf_v2160orig_40.m4s" status=200 file_size=16515260 bytes_sent=16515260 dur_ms=574 complete=true error=null
time="2025-11-24 16:57:02" method="GET" path="/segments/a_ac3/gf_a_ac3_42.m4s" status=200 file_size=161444 bytes_sent=161444 dur_ms=19 complete=true error=null
time="2025-11-24 16:57:03" method="GET" path="/segments/v2160orig/gf_v2160orig_41.m4s" status=200 file_size=16828935 bytes_sent=16828935 dur_ms=589 complete=true error=null
time="2025-11-24 16:57:03" method="GET" path="/segments/a_ac3/gf_a_ac3_43.m4s" status=200 file_size=158884 bytes_sent=158884 dur_ms=33 complete=true error=null
time="2025-11-24 16:57:03" method="GET" path="/segments/v1080/gf_v1080_42.m4s" status=200 file_size=1744046 bytes_sent=1744046 dur_ms=138 complete=true error=null
time="2025-11-24 16:57:03" method="GET" path="/segments/a_ac3/gf_a_ac3_44.m4s" status=200 file_size=161444 bytes_sent=161444 dur_ms=19 complete=true error=null
time="2025-11-24 16:57:04" method="GET" path="/segments/v2160orig/gf_v2160orig_43.m4s" status=200 file_size=12566745 bytes_sent=12566745 dur_ms=430 complete=true error=null
time="2025-11-24 17:01:21" method="GET" path="/godfather.mpd" status=200 file_size=6999 bytes_sent=6999 dur_ms=0 complete=true error=null
time="2025-11-24 17:01:21" method="GET" path="/godfather.mpd" status=200 file_size=6999 bytes_sent=6999 dur_ms=0 complete=true error=null
time="2025-11-24 17:01:21" method="GET" path="/segments/v2160/initgf_v2160_.mp4" status=200 file_size=999 bytes_sent=999 dur_ms=0 complete=true error=null
time="2025-11-24 17:01:22" method="GET" path="/segments/v2160/gf_v2160_1.m4s" status=200 file_size=6130396 bytes_sent=6130396 dur_ms=297 complete=true error=null
time="2025-11-24 17:01:22" method="GET" path="/segments/v2160orig/initgf_v2160orig_.mp4" status=200 file_size=1061 bytes_sent=1061 dur_ms=1 complete=true error=null
time="2025-11-24 17:01:22" method="GET" path="/segments/v2160orig/gf_v2160orig_2.m4s" status=200 file_size=11580470 bytes_sent=11580470 dur_ms=583 complete=true error=null
time="2025-11-24 17:01:23" method="GET" path="/segments/v2160orig/gf_v2160orig_3.m4s" status=200 file_size=11755857 bytes_sent=11755857 dur_ms=441 complete=true error=null
time="2025-11-24 17:01:24" method="GET" path="/segments/v2160orig/gf_v2160orig_4.m4s" status=200 file_size=11389434 bytes_sent=11389434 dur_ms=567 complete=true error=null
time="2025-11-24 17:01:24" method="GET" path="/segments/v2160orig/gf_v2160orig_5.m4s" status=200 file_size=11808290 bytes_sent=11808290 dur_ms=452 complete=true error=null
time="2025-11-24 17:01:25" method="GET" path="/segments/v2160orig/gf_v2160orig_6.m4s" status=200 file_size=11415111 bytes_sent=11415111 dur_ms=413 complete=true error=null
time="2025-11-24 17:01:25" method="GET" path="/segments/v2160orig/gf_v2160orig_7.m4s" status=200 file_size=11556470 bytes_sent=11556470 dur_ms=498 complete=true error=null
time="2025-11-24 17:01:26" method="GET" path="/segments/v2160orig/gf_v2160orig_8.m4s" status=200 file_size=11312628 bytes_sent=11312628 dur_ms=483 complete=true error=null
time="2025-11-24 17:01:27" method="GET" path="/segments/v2160orig/gf_v2160orig_9.m4s" status=200 file_size=13782727 bytes_sent=13782727 dur_ms=605 complete=true error=null
time="2025-11-24 17:01:27" method="GET" path="/segments/v2160orig/gf_v2160orig_10.m4s" status=200 file_size=10884729 bytes_sent=10884729 dur_ms=488 complete=true error=null
time="2025-11-24 17:01:28" method="GET" path="/segments/v2160orig/gf_v2160orig_11.m4s" status=200 file_size=11729325 bytes_sent=11729325 dur_ms=499 complete=true error=null
time="2025-11-24 17:01:29" method="GET" path="/segments/v2160orig/gf_v2160orig_12.m4s" status=200 file_size=12686316 bytes_sent=12686316 dur_ms=480 complete=true error=null
time="2025-11-24 17:01:29" method="GET" path="/segments/v2160orig/gf_v2160orig_13.m4s" status=200 file_size=13819949 bytes_sent=13819949 dur_ms=548 complete=true error=null
time="2025-11-24 17:01:30" method="GET" path="/segments/v2160orig/gf_v2160orig_14.m4s" status=200 file_size=15650305 bytes_sent=15650305 dur_ms=529 complete=true error=null
time="2025-11-24 17:01:30" method="GET" path="/segments/v1080/initgf_v1080_.mp4" status=200 file_size=999 bytes_sent=999 dur_ms=0 complete=true error=null
time="2025-11-24 17:01:30" method="GET" path="/segments/v1080/gf_v1080_15.m4s" status=200 file_size=1617300 bytes_sent=1617300 dur_ms=78 complete=true error=null
time="2025-11-24 17:01:30" method="GET" path="/segments/v1080/gf_v1080_16.m4s" status=200 file_size=1667338 bytes_sent=1667338 dur_ms=90 complete=true error=null
time="2025-11-24 17:01:31" method="GET" path="/segments/v2160orig/gf_v2160orig_17.m4s" status=200 file_size=11419631 bytes_sent=11419631 dur_ms=459 complete=true error=null
time="2025-11-24 17:01:49" method="GET" path="/godfather.mpd" status=200 file_size=6999 bytes_sent=6999 dur_ms=1 complete=true error=null
time="2025-11-24 17:01:50" method="GET" path="/segments/v2160/gf_v2160_2.m4s" status=200 file_size=5040613 bytes_sent=5040613 dur_ms=202 complete=true error=null
time="2025-11-24 17:01:50" method="GET" path="/segments/v480/initgf_v480_.mp4" status=200 file_size=999 bytes_sent=999 dur_ms=8 complete=true error=null
time="2025-11-24 17:01:50" method="GET" path="/segments/v480/gf_v480_9.m4s" status=200 file_size=433234 bytes_sent=433234 dur_ms=46 complete=true error=null
time="2025-11-24 17:01:50" method="GET" path="/segments/v480/gf_v480_10.m4s" status=200 file_size=374894 bytes_sent=374894 dur_ms=33 complete=true error=null
time="2025-11-24 17:02:19" method="GET" path="/godfather.mpd" status=200 file_size=6999 bytes_sent=6999 dur_ms=0 complete=true error=null
time="2025-11-24 17:02:20" method="GET" path="/godfather.mpd" status=200 file_size=6999 bytes_sent=6999 dur_ms=0 complete=true error=null
time="2025-11-24 17:02:20" method="GET" path="/segments/v2160/initgf_v2160_.mp4" status=200 file_size=999 bytes_sent=999 dur_ms=0 complete=true error=null
time="2025-11-24 17:02:20" method="GET" path="/segments/v2160/gf_v2160_1.m4s" status=200 file_size=6130396 bytes_sent=6130396 dur_ms=314 complete=true error=null
time="2025-11-24 17:02:21" method="GET" path="/segments/v2160/gf_v2160_2.m4s" status=200 file_size=5040613 bytes_sent=5040613 dur_ms=219 complete=true error=null
time="2025-11-24 17:02:21" method="GET" path="/segments/v2160orig/initgf_v2160orig_.mp4" status=200 file_size=1061 bytes_sent=1061 dur_ms=0 complete=true error=null
time="2025-11-24 17:02:21" method="GET" path="/segments/v2160orig/gf_v2160orig_3.m4s" status=200 file_size=11755857 bytes_sent=11755857 dur_ms=412 complete=true error=null
time="2025-11-24 17:02:22" method="GET" path="/segments/v2160orig/gf_v2160orig_4.m4s" status=200 file_size=11389434 bytes_sent=11389434 dur_ms=426 complete=true error=null
time="2025-11-24 17:02:22" method="GET" path="/segments/v2160orig/gf_v2160orig_5.m4s" status=200 file_size=11808290 bytes_sent=11808290 dur_ms=560 complete=true error=null
time="2025-11-24 17:02:23" method="GET" path="/segments/v2160orig/gf_v2160orig_6.m4s" status=200 file_size=11415111 bytes_sent=11415111 dur_ms=439 complete=true error=null
time="2025-11-24 17:02:23" method="GET" path="/segments/v1080/initgf_v1080_.mp4" status=200 file_size=999 bytes_sent=999 dur_ms=0 complete=true error=null
time="2025-11-24 17:02:23" method="GET" path="/segments/v1080/gf_v1080_7.m4s" status=200 file_size=1727513 bytes_sent=1727513 dur_ms=96 complete=true error=null
time="2025-11-24 17:02:23" method="GET" path="/segments/v1080/gf_v1080_8.m4s" status=200 file_size=1723729 bytes_sent=1723729 dur_ms=95 complete=true error=null
time="2025-11-24 17:02:24" method="GET" path="/segments/v2160orig/gf_v2160orig_9.m4s" status=200 file_size=13782727 bytes_sent=13782727 dur_ms=665 complete=true error=null
time="2025-11-24 17:02:24" method="GET" path="/segments/v2160orig/gf_v2160orig_10.m4s" status=200 file_size=10884729 bytes_sent=10884729 dur_ms=500 complete=true error=null
time="2025-11-24 17:02:25" method="GET" path="/segments/v2160orig/gf_v2160orig_11.m4s" status=200 file_size=11729325 bytes_sent=11729325 dur_ms=672 complete=true error=null
time="2025-11-24 17:02:26" method="GET" path="/segments/v2160orig/gf_v2160orig_12.m4s" status=200 file_size=12686316 bytes_sent=12686316 dur_ms=469 complete=true error=null
time="2025-11-24 17:02:26" method="GET" path="/segments/v2160orig/gf_v2160orig_13.m4s" status=200 file_size=13819949 bytes_sent=13819949 dur_ms=546 complete=true error=null
time="2025-11-24 17:02:27" method="GET" path="/segments/v2160orig/gf_v2160orig_14.m4s" status=200 file_size=15650305 bytes_sent=15650305 dur_ms=648 complete=true error=null
time="2025-11-24 17:02:27" method="GET" path="/segments/v1080/gf_v1080_15.m4s" status=200 file_size=1617300 bytes_sent=1617300 dur_ms=101 complete=true error=null
time="2025-11-24 17:02:27" method="GET" path="/segments/v1080/gf_v1080_16.m4s" status=200 file_size=1667338 bytes_sent=1667338 dur_ms=106 complete=true error=null
time="2025-11-24 17:02:28" method="GET" path="/segments/v2160orig/gf_v2160orig_17.m4s" status=200 file_size=11419631 bytes_sent=11419631 dur_ms=503 complete=true error=null
time="2025-11-24 17:02:28" method="GET" path="/segments/v2160orig/gf_v2160orig_18.m4s" status=200 file_size=10501377 bytes_sent=10501377 dur_ms=482 complete=true error=null
time="2025-11-24 17:02:29" method="GET" path="/segments/v2160orig/gf_v2160orig_19.m4s" status=200 file_size=10232717 bytes_sent=10232717 dur_ms=431 complete=true error=null
time="2025-11-24 17:02:44" method="GET" path="/segments/v2160orig/gf_v2160orig_20.m4s" status=200 file_size=10340915 bytes_sent=10340915 dur_ms=543 complete=true error=null
time="2025-11-24 17:02:45" method="GET" path="/segments/v2160orig/gf_v2160orig_21.m4s" status=200 file_size=10453965 bytes_sent=10453965 dur_ms=488 complete=true error=null
time="2025-11-24 17:02:45" method="GET" path="/segments/v2160orig/gf_v2160orig_22.m4s" status=200 file_size=10522277 bytes_sent=10522277 dur_ms=425 complete=true error=null
time="2025-11-24 17:02:46" method="GET" path="/segments/v2160orig/gf_v2160orig_23.m4s" status=200 file_size=12828332 bytes_sent=12828332 dur_ms=541 complete=true error=null
time="2025-11-24 17:02:47" method="GET" path="/segments/v2160orig/gf_v2160orig_24.m4s" status=200 file_size=17243190 bytes_sent=17243190 dur_ms=734 complete=true error=null
time="2025-11-24 17:02:47" method="GET" path="/segments/v2160orig/gf_v2160orig_25.m4s" status=200 file_size=17591645 bytes_sent=17591645 dur_ms=717 complete=true error=null
time="2025-11-24 17:02:48" method="GET" path="/segments/v2160orig/gf_v2160orig_26.m4s" status=200 file_size=16979966 bytes_sent=16979966 dur_ms=605 complete=true error=null
time="2025-11-24 17:02:58" method="GET" path="/segments/v1080/gf_v1080_27.m4s" status=200 file_size=1773023 bytes_sent=1773023 dur_ms=109 complete=true error=null
time="2025-11-24 17:02:58" method="GET" path="/segments/v2160orig/gf_v2160orig_28.m4s" status=200 file_size=13716484 bytes_sent=13716484 dur_ms=604 complete=true error=null
time="2025-11-24 17:02:59" method="GET" path="/segments/v2160orig/gf_v2160orig_29.m4s" status=200 file_size=10031348 bytes_sent=10031348 dur_ms=396 complete=true error=null
time="2025-11-24 17:02:59" method="GET" path="/segments/v2160orig/gf_v2160orig_30.m4s" status=200 file_size=11231824 bytes_sent=11231824 dur_ms=616 complete=true error=null
time="2025-11-24 17:03:06" method="GET" path="/segments/v2160orig/gf_v2160orig_31.m4s" status=200 file_size=10414882 bytes_sent=10414882 dur_ms=426 complete=true error=null
time="2025-11-24 17:03:06" method="GET" path="/segments/v2160orig/gf_v2160orig_32.m4s" status=200 file_size=10119187 bytes_sent=10119187 dur_ms=473 complete=true error=null
time="2025-11-24 17:03:07" method="GET" path="/segments/v2160orig/gf_v2160orig_33.m4s" status=200 file_size=9992752 bytes_sent=9992752 dur_ms=447 complete=true error=null
time="2025-11-24 17:03:08" method="GET" path="/segments/v2160orig/gf_v2160orig_34.m4s" status=200 file_size=14834560 bytes_sent=14834560 dur_ms=493 complete=true error=null
time="2025-11-24 17:03:08" method="GET" path="/segments/v1080/gf_v1080_35.m4s" status=200 file_size=1837918 bytes_sent=1837918 dur_ms=127 complete=true error=null
time="2025-11-24 17:03:08" method="GET" path="/segments/v2160orig/gf_v2160orig_36.m4s" status=200 file_size=11246450 bytes_sent=11246450 dur_ms=405 complete=true error=null
time="2025-11-24 17:03:15" method="GET" path="/godfather.mpd" status=200 file_size=6999 bytes_sent=6999 dur_ms=0 complete=true error=null
time="2025-11-24 17:03:15" method="GET" path="/godfather.mpd" status=200 file_size=6999 bytes_sent=6999 dur_ms=0 complete=true error=null
time="2025-11-24 17:03:15" method="GET" path="/segments/v2160/initgf_v2160_.mp4" status=200 file_size=999 bytes_sent=999 dur_ms=0 complete=true error=null
time="2025-11-24 17:03:15" method="GET" path="/segments/a_ac3/initgf_a_ac3_.mp4" status=200 file_size=836 bytes_sent=836 dur_ms=0 complete=true error=null
time="2025-11-24 17:03:16" method="GET" path="/segments/a_ac3/gf_a_ac3_1.m4s" status=200 file_size=169124 bytes_sent=169124 dur_ms=27 complete=true error=null
time="2025-11-24 17:03:16" method="GET" path="/segments/v2160/gf_v2160_1.m4s" status=200 file_size=6130396 bytes_sent=6130396 dur_ms=250 complete=true error=null
time="2025-11-24 17:03:16" method="GET" path="/segments/a_ac3/gf_a_ac3_2.m4s" status=200 file_size=161444 bytes_sent=161444 dur_ms=114 complete=true error=null
time="2025-11-24 17:03:16" method="GET" path="/segments/a_ac3/gf_a_ac3_3.m4s" status=200 file_size=158884 bytes_sent=158884 dur_ms=33 complete=true error=null
time="2025-11-24 17:03:16" method="GET" path="/segments/v2160/gf_v2160_2.m4s" status=200 file_size=5040613 bytes_sent=5040613 dur_ms=194 complete=true error=null
time="2025-11-24 17:03:16" method="GET" path="/segments/v2160orig/initgf_v2160orig_.mp4" status=200 file_size=1061 bytes_sent=1061 dur_ms=0 complete=true error=null
time="2025-11-24 17:03:16" method="GET" path="/segments/a_ac3/gf_a_ac3_4.m4s" status=200 file_size=161444 bytes_sent=161444 dur_ms=28 complete=true error=null
time="2025-11-24 17:03:17" method="GET" path="/segments/v2160orig/gf_v2160orig_3.m4s" status=200 file_size=11755857 bytes_sent=11755857 dur_ms=458 complete=true error=null
time="2025-11-24 17:03:17" method="GET" path="/segments/a_ac3/gf_a_ac3_5.m4s" status=200 file_size=158884 bytes_sent=158884 dur_ms=21 complete=true error=null
time="2025-11-24 17:03:17" method="GET" path="/segments/v2160orig/gf_v2160orig_4.m4s" status=200 file_size=11389434 bytes_sent=11389434 dur_ms=507 complete=true error=null
time="2025-11-24 17:03:17" method="GET" path="/segments/a_ac3/gf_a_ac3_6.m4s" status=200 file_size=161444 bytes_sent=161444 dur_ms=15 complete=true error=null
time="2025-11-24 17:03:18" method="GET" path="/segments/v2160orig/gf_v2160orig_5.m4s" status=200 file_size=11808290 bytes_sent=11808290 dur_ms=438 complete=true error=null
time="2025-11-24 17:03:18" method="GET" path="/segments/v1080/initgf_v1080_.mp4" status=200 file_size=999 bytes_sent=999 dur_ms=0 complete=true error=null
time="2025-11-24 17:03:18" method="GET" path="/segments/a_ac3/gf_a_ac3_7.m4s" status=200 file_size=158884 bytes_sent=158884 dur_ms=17 complete=true error=null
time="2025-11-24 17:03:18" method="GET" path="/segments/v1080/gf_v1080_6.m4s" status=200 file_size=1690840 bytes_sent=1690840 dur_ms=96 complete=true error=null
time="2025-11-24 17:03:18" method="GET" path="/segments/a_ac3/gf_a_ac3_8.m4s" status=200 file_size=161444 bytes_sent=161444 dur_ms=16 complete=true error=null
time="2025-11-24 17:03:18" method="GET" path="/segments/v1080/gf_v1080_7.m4s" status=200 file_size=1727513 bytes_sent=1727513 dur_ms=90 complete=true error=null
time="2025-11-24 17:03:18" method="GET" path="/segments/a_ac3/gf_a_ac3_9.m4s" status=200 file_size=158884 bytes_sent=158884 dur_ms=17 complete=true error=null
time="2025-11-24 17:03:19" method="GET" path="/segments/v2160orig/gf_v2160orig_8.m4s" status=200 file_size=11312628 bytes_sent=11312628 dur_ms=458 complete=true error=null
time="2025-11-24 17:03:19" method="GET" path="/segments/a_ac3/gf_a_ac3_10.m4s" status=200 file_size=161444 bytes_sent=161444 dur_ms=14 complete=true error=null
time="2025-11-24 17:03:19" method="GET" path="/segments/v2160orig/gf_v2160orig_9.m4s" status=200 file_size=13782727 bytes_sent=13782727 dur_ms=432 complete=true error=null
time="2025-11-24 17:03:19" method="GET" path="/segments/a_ac3/gf_a_ac3_11.m4s" status=200 file_size=158884 bytes_sent=158884 dur_ms=20 complete=true error=null
time="2025-11-24 17:03:20" method="GET" path="/segments/v2160orig/gf_v2160orig_10.m4s" status=200 file_size=10884729 bytes_sent=10884729 dur_ms=415 complete=true error=null
time="2025-11-24 17:03:20" method="GET" path="/segments/a_ac3/gf_a_ac3_12.m4s" status=200 file_size=161444 bytes_sent=161444 dur_ms=18 complete=true error=null
time="2025-11-24 17:03:20" method="GET" path="/segments/v2160orig/gf_v2160orig_11.m4s" status=200 file_size=11729325 bytes_sent=11729325 dur_ms=547 complete=true error=null
time="2025-11-24 17:03:20" method="GET" path="/segments/a_ac3/gf_a_ac3_13.m4s" status=200 file_size=158884 bytes_sent=158884 dur_ms=19 complete=true error=null
time="2025-11-24 17:03:21" method="GET" path="/segments/v2160orig/gf_v2160orig_12.m4s" status=200 file_size=12686316 bytes_sent=12686316 dur_ms=513 complete=true error=null
time="2025-11-24 17:03:21" method="GET" path="/segments/a_ac3/gf_a_ac3_14.m4s" status=200 file_size=161444 bytes_sent=161444 dur_ms=18 complete=true error=null
time="2025-11-24 17:03:22" method="GET" path="/segments/v2160orig/gf_v2160orig_13.m4s" status=200 file_size=13819949 bytes_sent=13819949 dur_ms=663 complete=true error=null
time="2025-11-24 17:03:22" method="GET" path="/segments/a_ac3/gf_a_ac3_15.m4s" status=200 file_size=158884 bytes_sent=158884 dur_ms=13 complete=true error=null
time="2025-11-24 17:03:22" method="GET" path="/segments/v2160orig/gf_v2160orig_14.m4s" status=200 file_size=15650305 bytes_sent=15650305 dur_ms=553 complete=true error=null
time="2025-11-24 17:03:22" method="GET" path="/segments/a_ac3/gf_a_ac3_16.m4s" status=200 file_size=161444 bytes_sent=161444 dur_ms=18 complete=true error=null
time="2025-11-24 17:03:23" method="GET" path="/segments/v2160orig/gf_v2160orig_15.m4s" status=200 file_size=10461010 bytes_sent=10461010 dur_ms=389 complete=true error=null
time="2025-11-24 17:03:23" method="GET" path="/segments/a_ac3/gf_a_ac3_17.m4s" status=200 file_size=158884 bytes_sent=158884 dur_ms=24 complete=true error=null
time="2025-11-24 17:03:23" method="GET" path="/segments/v1080/gf_v1080_16.m4s" status=200 file_size=1667338 bytes_sent=1667338 dur_ms=106 complete=true error=null
time="2025-11-24 17:03:23" method="GET" path="/segments/a_ac3/gf_a_ac3_18.m4s" status=200 file_size=161444 bytes_sent=161444 dur_ms=18 complete=true error=null
time="2025-11-24 17:03:23" method="GET" path="/segments/v2160orig/gf_v2160orig_17.m4s" status=200 file_size=11419631 bytes_sent=11419631 dur_ms=344 complete=true error=null
time="2025-11-24 17:03:23" method="GET" path="/segments/a_ac3/gf_a_ac3_19.m4s" status=200 file_size=158884 bytes_sent=158884 dur_ms=15 complete=true error=null
time="2025-11-24 17:03:24" method="GET" path="/segments/v2160orig/gf_v2160orig_18.m4s" status=200 file_size=10501377 bytes_sent=10501377 dur_ms=338 complete=true error=null
time="2025-11-24 17:03:35" method="GET" path="/segments/a_ac3/gf_a_ac3_52.m4s" status=200 file_size=161444 bytes_sent=161444 dur_ms=28 complete=true error=null
time="2025-11-24 17:03:35" method="GET" path="/segments/a_ac3/gf_a_ac3_53.m4s" status=200 file_size=158884 bytes_sent=158884 dur_ms=46 complete=true error=null
time="2025-11-24 17:03:35" method="GET" path="/segments/v2160orig/gf_v2160orig_52.m4s" status=200 file_size=13629874 bytes_sent=13629874 dur_ms=490 complete=true error=null
time="2025-11-24 17:03:35" method="GET" path="/segments/a_ac3/gf_a_ac3_54.m4s" status=200 file_size=161444 bytes_sent=161444 dur_ms=16 complete=true error=null
time="2025-11-24 17:03:36" method="GET" path="/segments/v2160orig/gf_v2160orig_53.m4s" status=200 file_size=16311393 bytes_sent=16311393 dur_ms=471 complete=true error=null
time="2025-11-24 17:03:36" method="GET" path="/segments/a_ac3/gf_a_ac3_55.m4s" status=200 file_size=158884 bytes_sent=158884 dur_ms=23 complete=true error=null
time="2025-11-24 17:03:37" method="GET" path="/segments/v2160orig/gf_v2160orig_54.m4s" status=200 file_size=16421694 bytes_sent=16421694 dur_ms=639 complete=true error=null
time="2025-11-24 17:03:37" method="GET" path="/segments/a_ac3/gf_a_ac3_56.m4s" status=200 file_size=161444 bytes_sent=161444 dur_ms=19 complete=true error=null
time="2025-11-24 17:03:38" method="GET" path="/segments/v2160orig/gf_v2160orig_55.m4s" status=200 file_size=16627035 bytes_sent=16627035 dur_ms=711 complete=true error=null
time="2025-11-24 17:03:38" method="GET" path="/segments/a_ac3/gf_a_ac3_57.m4s" status=200 file_size=158884 bytes_sent=158884 dur_ms=19 complete=true error=null
time="2025-11-24 17:03:38" method="GET" path="/segments/v2160orig/gf_v2160orig_56.m4s" status=200 file_size=17158058 bytes_sent=17158058 dur_ms=610 complete=true error=null
time="2025-11-24 17:03:38" method="GET" path="/segments/a_ac3/gf_a_ac3_58.m4s" status=200 file_size=161444 bytes_sent=161444 dur_ms=15 complete=true error=null
time="2025-11-24 17:03:38" method="GET" path="/segments/v1080/gf_v1080_57.m4s" status=200 file_size=1747535 bytes_sent=1747535 dur_ms=104 complete=true error=null
time="2025-11-24 17:03:38" method="GET" path="/segments/a_ac3/gf_a_ac3_59.m4s" status=200 file_size=158884 bytes_sent=158884 dur_ms=16 complete=true error=null
time="2025-11-24 17:03:39" method="GET" path="/segments/v2160orig/gf_v2160orig_58.m4s" status=200 file_size=17039589 bytes_sent=17039589 dur_ms=583 complete=true error=null
time="2025-11-24 17:03:39" method="GET" path="/segments/a_ac3/gf_a_ac3_60.m4s" status=200 file_size=161444 bytes_sent=161444 dur_ms=20 complete=true error=null
time="2025-11-24 17:03:40" method="GET" path="/segments/v2160orig/gf_v2160orig_59.m4s" status=200 file_size=16301958 bytes_sent=16301958 dur_ms=546 complete=true error=null
